,Source,BGC,SS_NoSpace,Edatopic
1,BECv10,BAFAun,BAFAun/00,E7
2,BECv10,BAFAun,BAFAun/00,E6
3,BECv10,BAFAun,BAFAun/00,E5
4,BECv10,BAFAun,BAFAun/00,E4
5,BECv10,BAFAun,BAFAun/00,E3
6,BECv10,BAFAun,BAFAun/00,E2
7,BECv10,BAFAun,BAFAun/00,E1
8,BECv10,BAFAun,BAFAun/00,E0
9,BECv10,BAFAun,BAFAun/00,D7
10,BECv10,BAFAun,BAFAun/00,D6
11,BECv10,BAFAun,BAFAun/00,D5
12,BECv10,BAFAun,BAFAun/00,D4
13,BECv10,BAFAun,BAFAun/00,D3
14,BECv10,BAFAun,BAFAun/00,D2
15,BECv10,BAFAun,BAFAun/00,D1
16,BECv10,BAFAun,BAFAun/00,D0
17,BECv10,BAFAun,BAFAun/00,C7
18,BECv10,BAFAun,BAFAun/00,C6
19,BECv10,BAFAun,BAFAun/00,C5
20,BECv10,BAFAun,BAFAun/00,C4
21,BECv10,BAFAun,BAFAun/00,C3
22,BECv10,BAFAun,BAFAun/00,C2
23,BECv10,BAFAun,BAFAun/00,C1
24,BECv10,BAFAun,BAFAun/00,C0
25,BECv10,BAFAun,BAFAun/00,B7
26,BECv10,BAFAun,BAFAun/00,B6
27,BECv10,BAFAun,BAFAun/00,B5
28,BECv10,BAFAun,BAFAun/00,B4
29,BECv10,BAFAun,BAFAun/00,B3
30,BECv10,BAFAun,BAFAun/00,B2
31,BECv10,BAFAun,BAFAun/00,B1
32,BECv10,BAFAun,BAFAun/00,B0
33,BECv10,BAFAun,BAFAun/00,A7
34,BECv10,BAFAun,BAFAun/00,A6
35,BECv10,BAFAun,BAFAun/00,A5
36,BECv10,BAFAun,BAFAun/00,A4
37,BECv10,BAFAun,BAFAun/00,A3
38,BECv10,BAFAun,BAFAun/00,A2
39,BECv10,BAFAun,BAFAun/00,A1
40,BECv10,BAFAun,BAFAun/00,A0
41,BECv10,BAFAunp,BAFAunp/00,E7
42,BECv10,BAFAunp,BAFAunp/00,E6
43,BECv10,BAFAunp,BAFAunp/00,E5
44,BECv10,BAFAunp,BAFAunp/00,E4
45,BECv10,BAFAunp,BAFAunp/00,E3
46,BECv10,BAFAunp,BAFAunp/00,E2
47,BECv10,BAFAunp,BAFAunp/00,E1
48,BECv10,BAFAunp,BAFAunp/00,E0
49,BECv10,BAFAunp,BAFAunp/00,D7
50,BECv10,BAFAunp,BAFAunp/00,D6
51,BECv10,BAFAunp,BAFAunp/00,D5
52,BECv10,BAFAunp,BAFAunp/00,D4
53,BECv10,BAFAunp,BAFAunp/00,D3
54,BECv10,BAFAunp,BAFAunp/00,D2
55,BECv10,BAFAunp,BAFAunp/00,D1
56,BECv10,BAFAunp,BAFAunp/00,D0
57,BECv10,BAFAunp,BAFAunp/00,C7
58,BECv10,BAFAunp,BAFAunp/00,C6
59,BECv10,BAFAunp,BAFAunp/00,C5
60,BECv10,BAFAunp,BAFAunp/00,C4
61,BECv10,BAFAunp,BAFAunp/00,C3
62,BECv10,BAFAunp,BAFAunp/00,C2
63,BECv10,BAFAunp,BAFAunp/00,C1
64,BECv10,BAFAunp,BAFAunp/00,C0
65,BECv10,BAFAunp,BAFAunp/00,B7
66,BECv10,BAFAunp,BAFAunp/00,B6
67,BECv10,BAFAunp,BAFAunp/00,B5
68,BECv10,BAFAunp,BAFAunp/00,B4
69,BECv10,BAFAunp,BAFAunp/00,B3
70,BECv10,BAFAunp,BAFAunp/00,B2
71,BECv10,BAFAunp,BAFAunp/00,B1
72,BECv10,BAFAunp,BAFAunp/00,B0
73,BECv10,BAFAunp,BAFAunp/00,A7
74,BECv10,BAFAunp,BAFAunp/00,A6
75,BECv10,BAFAunp,BAFAunp/00,A5
76,BECv10,BAFAunp,BAFAunp/00,A4
77,BECv10,BAFAunp,BAFAunp/00,A3
78,BECv10,BAFAunp,BAFAunp/00,A2
79,BECv10,BAFAunp,BAFAunp/00,A1
80,BECv10,BAFAunp,BAFAunp/00,A0
81,USA_2019,BGdh_OR,BGdh_OR/110,E5
82,USA_2019,BGdh_OR,BGdh_OR/110,D5
83,USA_2019,BGdh_OR,BGdh_OR/110,C5
84,USA_2019,BGdh_OR,BGdh_OR/110,B5
85,USA_2019,BGdh_OR,BGdh_OR/111,E6
86,USA_2019,BGdh_OR,BGdh_OR/111,D6
87,USA_2019,BGdh_OR,BGdh_OR/111,C6
88,USA_2019,BGdh_OR,BGdh_OR/111,B6
89,USA_2019,BGdh_OR,BGdh_OR/Gg1,D2
90,USA_2019,BGdh_OR,BGdh_OR/Gg1,D1
91,USA_2019,BGdh_OR,BGdh_OR/Gg1,C2
92,USA_2019,BGdh_OR,BGdh_OR/Gg1,C1
93,USA_2019,BGdh_OR,BGdh_OR/Gg1,B2
94,USA_2019,BGdh_OR,BGdh_OR/Gg1,B1
95,USA_2019,BGdh_OR,BGdh_OR/Gg1,A2
96,USA_2019,BGdh_OR,BGdh_OR/Gg1,A1
97,USA_2019,BGdh_OR,BGdh_OR/Gg2,D4
98,USA_2019,BGdh_OR,BGdh_OR/Gg2,D3
99,USA_2019,BGdh_OR,BGdh_OR/Gg2,C4
100,USA_2019,BGdh_OR,BGdh_OR/Gg2,C3
101,USA_2019,BGdh_OR,BGdh_OR/Gg2,B4
102,USA_2019,BGdh_OR,BGdh_OR/Gg2,B3
103,Add_2021,BGdh_OR,BGdh_OR/Ro,A0
104,Add_2021,BGdh_OR,BGdh_OR/Ro,B0
105,USA_2020,BGdw_OR,BGdw_OR/110,E5
106,USA_2020,BGdw_OR,BGdw_OR/110,D5
107,USA_2020,BGdw_OR,BGdw_OR/110,C5
108,USA_2020,BGdw_OR,BGdw_OR/110,B5
109,USA_2020,BGdw_OR,BGdw_OR/111,E6
110,USA_2020,BGdw_OR,BGdw_OR/111,D6
111,USA_2020,BGdw_OR,BGdw_OR/111,C6
112,USA_2020,BGdw_OR,BGdw_OR/111,B6
113,USA_2020,BGdw_OR,BGdw_OR/Gg,D4
114,USA_2020,BGdw_OR,BGdw_OR/Gg,D3
115,USA_2020,BGdw_OR,BGdw_OR/Gg,D2
116,USA_2020,BGdw_OR,BGdw_OR/Gg,D1
117,USA_2020,BGdw_OR,BGdw_OR/Gg,C4
118,USA_2020,BGdw_OR,BGdw_OR/Gg,C3
119,USA_2020,BGdw_OR,BGdw_OR/Gg,C2
120,USA_2020,BGdw_OR,BGdw_OR/Gg,C1
121,USA_2020,BGdw_OR,BGdw_OR/Gg,B4
122,USA_2020,BGdw_OR,BGdw_OR/Gg,B3
123,USA_2020,BGdw_OR,BGdw_OR/Gg,B2
124,USA_2020,BGdw_OR,BGdw_OR/Gg,B1
125,USA_2020,BGdw_OR,BGdw_OR/Gg,A2
126,USA_2020,BGdw_OR,BGdw_OR/Gg,A1
127,Add_2021,BGdw_OR,BGdw_OR/Ro,A0
128,Add_2021,BGdw_OR,BGdw_OR/Ro,B0
129,USA_2019,BGdw_WA,BGdw_WA/110,E5
130,USA_2019,BGdw_WA,BGdw_WA/110,D5
131,USA_2019,BGdw_WA,BGdw_WA/110,C5
132,USA_2019,BGdw_WA,BGdw_WA/110,B5
133,USA_2019,BGdw_WA,BGdw_WA/111,E6
134,USA_2019,BGdw_WA,BGdw_WA/111,D6
135,USA_2019,BGdw_WA,BGdw_WA/111,C6
136,USA_2019,BGdw_WA,BGdw_WA/111,B6
137,USA_2019,BGdw_WA,BGdw_WA/Gg,D4
138,USA_2019,BGdw_WA,BGdw_WA/Gg,D3
139,USA_2019,BGdw_WA,BGdw_WA/Gg,D2
140,USA_2019,BGdw_WA,BGdw_WA/Gg,D1
141,USA_2019,BGdw_WA,BGdw_WA/Gg,C4
142,USA_2019,BGdw_WA,BGdw_WA/Gg,C3
143,USA_2019,BGdw_WA,BGdw_WA/Gg,C2
144,USA_2019,BGdw_WA,BGdw_WA/Gg,C1
145,USA_2019,BGdw_WA,BGdw_WA/Gg,B4
146,USA_2019,BGdw_WA,BGdw_WA/Gg,B3
147,USA_2019,BGdw_WA,BGdw_WA/Gg,B2
148,USA_2019,BGdw_WA,BGdw_WA/Gg,B1
149,USA_2019,BGdw_WA,BGdw_WA/Gg,A2
150,USA_2019,BGdw_WA,BGdw_WA/Gg,A1
151,Add_2021,BGdw_WA,BGdw_WA/Ro,A0
152,Add_2021,BGdw_WA,BGdw_WA/Ro,B0
153,USA_2019,BGmk_MT,BGmk_MT/110,E5
154,USA_2019,BGmk_MT,BGmk_MT/110,D5
155,USA_2019,BGmk_MT,BGmk_MT/110,C5
156,USA_2019,BGmk_MT,BGmk_MT/110,B5
157,USA_2019,BGmk_MT,BGmk_MT/111,E6
158,USA_2019,BGmk_MT,BGmk_MT/111,D6
159,USA_2019,BGmk_MT,BGmk_MT/111,C6
160,USA_2019,BGmk_MT,BGmk_MT/111,B6
161,USA_2019,BGmk_MT,BGmk_MT/Gg1,D2
162,USA_2019,BGmk_MT,BGmk_MT/Gg1,D1
163,USA_2019,BGmk_MT,BGmk_MT/Gg1,C2
164,USA_2019,BGmk_MT,BGmk_MT/Gg1,C1
165,USA_2019,BGmk_MT,BGmk_MT/Gg1,B2
166,USA_2019,BGmk_MT,BGmk_MT/Gg1,B1
167,USA_2019,BGmk_MT,BGmk_MT/Gg1,A2
168,USA_2019,BGmk_MT,BGmk_MT/Gg1,A1
169,USA_2019,BGmk_MT,BGmk_MT/Gg2,D4
170,USA_2019,BGmk_MT,BGmk_MT/Gg2,D3
171,USA_2019,BGmk_MT,BGmk_MT/Gg2,C4
172,USA_2019,BGmk_MT,BGmk_MT/Gg2,C3
173,USA_2019,BGmk_MT,BGmk_MT/Gg2,B4
174,USA_2019,BGmk_MT,BGmk_MT/Gg2,B3
175,Add_2021,BGmk_MT,BGmk_MT/Ro,A0
176,Add_2021,BGmk_MT,BGmk_MT/Ro,B0
177,USA_2020,BGmk_NV,BGmk_NV/110,E5
178,USA_2020,BGmk_NV,BGmk_NV/110,D5
179,USA_2020,BGmk_NV,BGmk_NV/110,C5
180,USA_2020,BGmk_NV,BGmk_NV/110,B5
181,USA_2020,BGmk_NV,BGmk_NV/111,E6
182,USA_2020,BGmk_NV,BGmk_NV/111,D6
183,USA_2020,BGmk_NV,BGmk_NV/111,C6
184,USA_2020,BGmk_NV,BGmk_NV/111,B6
185,USA_2020,BGmk_NV,BGmk_NV/Gg1,D2
186,USA_2020,BGmk_NV,BGmk_NV/Gg1,D1
187,USA_2020,BGmk_NV,BGmk_NV/Gg1,C2
188,USA_2020,BGmk_NV,BGmk_NV/Gg1,C1
189,USA_2020,BGmk_NV,BGmk_NV/Gg1,B2
190,USA_2020,BGmk_NV,BGmk_NV/Gg1,B1
191,USA_2020,BGmk_NV,BGmk_NV/Gg1,A2
192,USA_2020,BGmk_NV,BGmk_NV/Gg1,A1
193,USA_2020,BGmk_NV,BGmk_NV/Gg2,D4
194,USA_2020,BGmk_NV,BGmk_NV/Gg2,D3
195,USA_2020,BGmk_NV,BGmk_NV/Gg2,C4
196,USA_2020,BGmk_NV,BGmk_NV/Gg2,C3
197,USA_2020,BGmk_NV,BGmk_NV/Gg2,B4
198,USA_2020,BGmk_NV,BGmk_NV/Gg2,B3
199,Add_2021,BGmk_NV,BGmk_NV/Ro,A0
200,Add_2021,BGmk_NV,BGmk_NV/Ro,B0
201,USA_2019,BGmm_MT,BGmm_MT/110,E5
202,USA_2019,BGmm_MT,BGmm_MT/110,D5
203,USA_2019,BGmm_MT,BGmm_MT/110,C5
204,USA_2019,BGmm_MT,BGmm_MT/110,B5
205,USA_2019,BGmm_MT,BGmm_MT/111,E6
206,USA_2019,BGmm_MT,BGmm_MT/111,D6
207,USA_2019,BGmm_MT,BGmm_MT/111,C6
208,USA_2019,BGmm_MT,BGmm_MT/111,B6
209,USA_2019,BGmm_MT,BGmm_MT/Gg1,D2
210,USA_2019,BGmm_MT,BGmm_MT/Gg1,D1
211,USA_2019,BGmm_MT,BGmm_MT/Gg1,C2
212,USA_2019,BGmm_MT,BGmm_MT/Gg1,C1
213,USA_2019,BGmm_MT,BGmm_MT/Gg1,B2
214,USA_2019,BGmm_MT,BGmm_MT/Gg1,B1
215,USA_2019,BGmm_MT,BGmm_MT/Gg1,A2
216,USA_2019,BGmm_MT,BGmm_MT/Gg1,A1
217,USA_2019,BGmm_MT,BGmm_MT/Gg2,D4
218,USA_2019,BGmm_MT,BGmm_MT/Gg2,D3
219,USA_2019,BGmm_MT,BGmm_MT/Gg2,C4
220,USA_2019,BGmm_MT,BGmm_MT/Gg2,C3
221,USA_2019,BGmm_MT,BGmm_MT/Gg2,B4
222,USA_2019,BGmm_MT,BGmm_MT/Gg2,B3
223,Add_2021,BGmm_MT,BGmm_MT/Ro,A0
224,Add_2021,BGmm_MT,BGmm_MT/Ro,B0
225,USA_2020,BGmw_OR,BGmw_OR/110,E5
226,USA_2020,BGmw_OR,BGmw_OR/110,D5
227,USA_2020,BGmw_OR,BGmw_OR/110,C5
228,USA_2020,BGmw_OR,BGmw_OR/110,B5
229,USA_2020,BGmw_OR,BGmw_OR/111,E6
230,USA_2020,BGmw_OR,BGmw_OR/111,D6
231,USA_2020,BGmw_OR,BGmw_OR/111,C6
232,USA_2020,BGmw_OR,BGmw_OR/111,B6
233,USA_2020,BGmw_OR,BGmw_OR/Gg,D4
234,USA_2020,BGmw_OR,BGmw_OR/Gg,D3
235,USA_2020,BGmw_OR,BGmw_OR/Gg,D2
236,USA_2020,BGmw_OR,BGmw_OR/Gg,D1
237,USA_2020,BGmw_OR,BGmw_OR/Gg,C4
238,USA_2020,BGmw_OR,BGmw_OR/Gg,C3
239,USA_2020,BGmw_OR,BGmw_OR/Gg,C2
240,USA_2020,BGmw_OR,BGmw_OR/Gg,C1
241,USA_2020,BGmw_OR,BGmw_OR/Gg,B4
242,USA_2020,BGmw_OR,BGmw_OR/Gg,B3
243,USA_2020,BGmw_OR,BGmw_OR/Gg,B2
244,USA_2020,BGmw_OR,BGmw_OR/Gg,B1
245,USA_2020,BGmw_OR,BGmw_OR/Gg,A2
246,USA_2020,BGmw_OR,BGmw_OR/Gg,A1
247,Add_2021,BGmw_OR,BGmw_OR/Ro,A0
248,Add_2021,BGmw_OR,BGmw_OR/Ro,B0
249,USA_2019,BGmw_WA,BGmw_WA/110,E5
250,USA_2019,BGmw_WA,BGmw_WA/110,D5
251,USA_2019,BGmw_WA,BGmw_WA/110,C5
252,USA_2019,BGmw_WA,BGmw_WA/110,B5
253,USA_2019,BGmw_WA,BGmw_WA/111,E6
254,USA_2019,BGmw_WA,BGmw_WA/111,D6
255,USA_2019,BGmw_WA,BGmw_WA/111,C6
256,USA_2019,BGmw_WA,BGmw_WA/111,B6
257,USA_2019,BGmw_WA,BGmw_WA/Gg,D4
258,USA_2019,BGmw_WA,BGmw_WA/Gg,D3
259,USA_2019,BGmw_WA,BGmw_WA/Gg,D2
260,USA_2019,BGmw_WA,BGmw_WA/Gg,D1
261,USA_2019,BGmw_WA,BGmw_WA/Gg,C4
262,USA_2019,BGmw_WA,BGmw_WA/Gg,C3
263,USA_2019,BGmw_WA,BGmw_WA/Gg,C2
264,USA_2019,BGmw_WA,BGmw_WA/Gg,C1
265,USA_2019,BGmw_WA,BGmw_WA/Gg,B4
266,USA_2019,BGmw_WA,BGmw_WA/Gg,B3
267,USA_2019,BGmw_WA,BGmw_WA/Gg,B2
268,USA_2019,BGmw_WA,BGmw_WA/Gg,B1
269,USA_2019,BGmw_WA,BGmw_WA/Gg,A2
270,USA_2019,BGmw_WA,BGmw_WA/Gg,A1
271,Add_2021,BGmw_WA,BGmw_WA/Ro,A0
272,Add_2021,BGmw_WA,BGmw_WA/Ro,B0
273,USA_2019,BGwm_WA,BGwm_WA/110,E5
274,USA_2019,BGwm_WA,BGwm_WA/110,D5
275,USA_2019,BGwm_WA,BGwm_WA/110,C5
276,USA_2019,BGwm_WA,BGwm_WA/110,B5
277,USA_2019,BGwm_WA,BGwm_WA/111,E6
278,USA_2019,BGwm_WA,BGwm_WA/111,D6
279,USA_2019,BGwm_WA,BGwm_WA/111,C6
280,USA_2019,BGwm_WA,BGwm_WA/111,B6
281,USA_2019,BGwm_WA,BGwm_WA/Gg,D4
282,USA_2019,BGwm_WA,BGwm_WA/Gg,D3
283,USA_2019,BGwm_WA,BGwm_WA/Gg,D2
284,USA_2019,BGwm_WA,BGwm_WA/Gg,D1
285,USA_2019,BGwm_WA,BGwm_WA/Gg,C4
286,USA_2019,BGwm_WA,BGwm_WA/Gg,C3
287,USA_2019,BGwm_WA,BGwm_WA/Gg,C2
288,USA_2019,BGwm_WA,BGwm_WA/Gg,C1
289,USA_2019,BGwm_WA,BGwm_WA/Gg,B4
290,USA_2019,BGwm_WA,BGwm_WA/Gg,B3
291,USA_2019,BGwm_WA,BGwm_WA/Gg,B2
292,USA_2019,BGwm_WA,BGwm_WA/Gg,B1
293,USA_2019,BGwm_WA,BGwm_WA/Gg,A2
294,USA_2019,BGwm_WA,BGwm_WA/Gg,A1
295,Add_2021,BGwm_WA,BGwm_WA/Ro,A0
296,Add_2021,BGwm_WA,BGwm_WA/Ro,B0
297,USA_2019,BGxh_WA,BGxh_WA/110,E5
298,USA_2019,BGxh_WA,BGxh_WA/110,D5
299,USA_2019,BGxh_WA,BGxh_WA/110,C5
300,USA_2019,BGxh_WA,BGxh_WA/110,B5
301,USA_2019,BGxh_WA,BGxh_WA/111,E6
302,USA_2019,BGxh_WA,BGxh_WA/111,D6
303,USA_2019,BGxh_WA,BGxh_WA/111,C6
304,USA_2019,BGxh_WA,BGxh_WA/111,B6
305,USA_2019,BGxh_WA,BGxh_WA/Gg1,D2
306,USA_2019,BGxh_WA,BGxh_WA/Gg1,D1
307,USA_2019,BGxh_WA,BGxh_WA/Gg1,C2
308,USA_2019,BGxh_WA,BGxh_WA/Gg1,C1
309,USA_2019,BGxh_WA,BGxh_WA/Gg1,B2
310,USA_2019,BGxh_WA,BGxh_WA/Gg1,B1
311,USA_2019,BGxh_WA,BGxh_WA/Gg1,A2
312,USA_2019,BGxh_WA,BGxh_WA/Gg1,A1
313,USA_2019,BGxh_WA,BGxh_WA/Gg2,D4
314,USA_2019,BGxh_WA,BGxh_WA/Gg2,D3
315,USA_2019,BGxh_WA,BGxh_WA/Gg2,C4
316,USA_2019,BGxh_WA,BGxh_WA/Gg2,C3
317,USA_2019,BGxh_WA,BGxh_WA/Gg2,B4
318,USA_2019,BGxh_WA,BGxh_WA/Gg2,B3
319,Add_2021,BGxh_WA,BGxh_WA/Ro,A0
320,Add_2021,BGxh_WA,BGxh_WA/Ro,B0
321,BECv12,BGxh1,BGxh1/102,C2
322,BECv12,BGxh1,BGxh1/102,C1
323,BECv12,BGxh1,BGxh1/102,B2
324,BECv12,BGxh1,BGxh1/102,B1
325,BECv12,BGxh1,BGxh1/102,A2
326,BECv12,BGxh1,BGxh1/102,A1
327,BECv12,BGxh1,BGxh1/103,C3
328,BECv12,BGxh1,BGxh1/103,B3
329,BECv12,BGxh1,BGxh1/103,A3
330,BECv12,BGxh1,BGxh1/110,E5
331,BECv12,BGxh1,BGxh1/110,E4
332,BECv12,BGxh1,BGxh1/110,D5
333,BECv12,BGxh1,BGxh1/110,D4
334,BECv12,BGxh1,BGxh1/110,C5
335,BECv12,BGxh1,BGxh1/110,C4
336,BECv12,BGxh1,BGxh1/Fm01,E6
337,BECv12,BGxh1,BGxh1/Fm01,E5
338,BECv12,BGxh1,BGxh1/Fm01,D6
339,BECv12,BGxh1,BGxh1/Fm01,D5
340,BECv12,BGxh1,BGxh1/Fm01,C6
341,BECv12,BGxh1,BGxh1/Fm01,C5
342,BECv12,BGxh1,BGxh1/Fm06,E6
343,BECv12,BGxh1,BGxh1/Fm06,E5
344,BECv12,BGxh1,BGxh1/Fm06,D6
345,BECv12,BGxh1,BGxh1/Fm06,D5
346,BECv12,BGxh1,BGxh1/Fm06,C6
347,BECv12,BGxh1,BGxh1/Fm06,C5
348,BECv10,BGxh1,BGxh1/Gg,E4
349,BECv10,BGxh1,BGxh1/Gg,E3
350,BECv10,BGxh1,BGxh1/Gg,D4
351,BECv10,BGxh1,BGxh1/Gg,D3
352,BECv10,BGxh1,BGxh1/Gg,D2
353,BECv10,BGxh1,BGxh1/Gg,D1
354,BECv10,BGxh1,BGxh1/Gg,C4
355,BECv10,BGxh1,BGxh1/Gg,C3
356,BECv10,BGxh1,BGxh1/Gg,C2
357,BECv10,BGxh1,BGxh1/Gg,C1
358,BECv10,BGxh1,BGxh1/Gg,C0
359,BECv10,BGxh1,BGxh1/Gg,B4
360,BECv10,BGxh1,BGxh1/Gg,B3
361,BECv10,BGxh1,BGxh1/Gg,B2
362,BECv10,BGxh1,BGxh1/Gg,B1
363,BECv10,BGxh1,BGxh1/Gg,B0
364,BECv10,BGxh1,BGxh1/Gg,A4
365,BECv10,BGxh1,BGxh1/Gg,A3
366,BECv10,BGxh1,BGxh1/Gg,A2
367,BECv10,BGxh1,BGxh1/Gg,A1
368,BECv10,BGxh1,BGxh1/Gg,A0
369,BECv12,BGxh2,BGxh2/102,C3
370,BECv12,BGxh2,BGxh2/102,C2
371,BECv12,BGxh2,BGxh2/102,B3
372,BECv12,BGxh2,BGxh2/102,B2
373,BECv12,BGxh2,BGxh2/110,E5
374,BECv12,BGxh2,BGxh2/110,E4
375,BECv12,BGxh2,BGxh2/110,D5
376,BECv12,BGxh2,BGxh2/110,D4
377,BECv12,BGxh2,BGxh2/110,C5
378,BECv12,BGxh2,BGxh2/110,C4
379,BECv12,BGxh2,BGxh2/Fm01,E6
380,BECv12,BGxh2,BGxh2/Fm01,E5
381,BECv12,BGxh2,BGxh2/Fm01,D6
382,BECv12,BGxh2,BGxh2/Fm01,D5
383,BECv12,BGxh2,BGxh2/Fm05,E6
384,BECv12,BGxh2,BGxh2/Fm05,E5
385,BECv12,BGxh2,BGxh2/Fm05,D6
386,BECv12,BGxh2,BGxh2/Fm05,D5
387,BECv12,BGxh2,BGxh2/Fm06,E6
388,BECv12,BGxh2,BGxh2/Fm06,E5
389,BECv12,BGxh2,BGxh2/Fm06,D6
390,BECv12,BGxh2,BGxh2/Fm06,D5
391,BECv10,BGxh2,BGxh2/Gg,D4
392,BECv10,BGxh2,BGxh2/Gg,D3
393,BECv10,BGxh2,BGxh2/Gg,C2
394,BECv10,BGxh2,BGxh2/Gg,C1
395,BECv10,BGxh2,BGxh2/Gg,B2
396,BECv10,BGxh2,BGxh2/Gg,B1
397,BECv10,BGxh2,BGxh2/Gg,B0
398,BECv10,BGxh2,BGxh2/Gg,A1
399,BECv10,BGxh2,BGxh2/Gg,A0
400,BECv10,BGxh2,BGxh2/Gs,E5
401,BECv10,BGxh2,BGxh2/Gs,E4
402,BECv10,BGxh2,BGxh2/Gs,D5
403,BECv10,BGxh2,BGxh2/Gs,D4
404,BECv10,BGxh2,BGxh2/Gs,D3
405,BECv10,BGxh2,BGxh2/Gs,D2
406,BECv10,BGxh2,BGxh2/Gs,D1
407,BECv10,BGxh2,BGxh2/Gs,C5
408,BECv10,BGxh2,BGxh2/Gs,C4
409,BECv10,BGxh2,BGxh2/Gs,C3
410,BECv10,BGxh2,BGxh2/Gs,C2
411,BECv10,BGxh2,BGxh2/Gs,C1
412,BECv10,BGxh2,BGxh2/Gs,B4
413,BECv10,BGxh2,BGxh2/Gs,B3
414,BECv10,BGxh2,BGxh2/Gs,B2
415,BECv10,BGxh2,BGxh2/Gs,B1
416,BECv10,BGxh3,BGxh3/110,D5
417,BECv10,BGxh3,BGxh3/110,D4
418,BECv10,BGxh3,BGxh3/110,C5
419,BECv10,BGxh3,BGxh3/110,C4
420,BECv10,BGxh3,BGxh3/111,D5
421,BECv10,BGxh3,BGxh3/111,D4
422,BECv10,BGxh3,BGxh3/111,C5
423,BECv10,BGxh3,BGxh3/111,C4
424,BECv10,BGxh3,BGxh3/112,D6
425,BECv10,BGxh3,BGxh3/112,D5
426,BECv10,BGxh3,BGxh3/113,C6
427,BECv10,BGxh3,BGxh3/113,C5
428,Add_2021,BGxh3,BGxh3/Fm01,E5
429,Add_2021,BGxh3,BGxh3/Fm01,E6
430,BECv10,BGxh3,BGxh3/Gg,D5
431,BECv10,BGxh3,BGxh3/Gg,D4
432,BECv10,BGxh3,BGxh3/Gg,C5
433,BECv10,BGxh3,BGxh3/Gg,C4
434,BECv10,BGxh3,BGxh3/Gg,C3
435,BECv10,BGxh3,BGxh3/Gg,C2
436,BECv10,BGxh3,BGxh3/Gg,B4
437,BECv10,BGxh3,BGxh3/Gg,B3
438,BECv10,BGxh3,BGxh3/Gg,B2
439,Add_2021,BGxh3,BGxh3/Ro,A0
440,Add_2021,BGxh3,BGxh3/Ro,B0
441,BECv12,BGxw1,BGxw1/102,C2
442,BECv12,BGxw1,BGxw1/102,C1
443,BECv12,BGxw1,BGxw1/102,B2
444,BECv12,BGxw1,BGxw1/102,B1
445,BECv12,BGxw1,BGxw1/110,E4
446,BECv12,BGxw1,BGxw1/110,D4
447,BECv12,BGxw1,BGxw1/111,E5
448,BECv12,BGxw1,BGxw1/111,E4
449,BECv12,BGxw1,BGxw1/111,D5
450,BECv12,BGxw1,BGxw1/111,D4
451,BECv12,BGxw1,BGxw1/111,C5
452,BECv12,BGxw1,BGxw1/Fm01,E6
453,BECv12,BGxw1,BGxw1/Fm01,E5
454,BECv12,BGxw1,BGxw1/Fm01,D6
455,BECv12,BGxw1,BGxw1/Fm01,D5
456,BECv12,BGxw1,BGxw1/Fm05,E6
457,BECv12,BGxw1,BGxw1/Fm05,E5
458,BECv12,BGxw1,BGxw1/Fm05,D6
459,BECv12,BGxw1,BGxw1/Fm05,D5
460,BECv10,BGxw1,BGxw1/Gg,E4
461,BECv10,BGxw1,BGxw1/Gg,E3
462,BECv10,BGxw1,BGxw1/Gg,D4
463,BECv10,BGxw1,BGxw1/Gg,D3
464,BECv10,BGxw1,BGxw1/Gg,D2
465,BECv10,BGxw1,BGxw1/Gg,D1
466,BECv10,BGxw1,BGxw1/Gg,C4
467,BECv10,BGxw1,BGxw1/Gg,C3
468,BECv10,BGxw1,BGxw1/Gg,C2
469,BECv10,BGxw1,BGxw1/Gg,C1
470,BECv10,BGxw1,BGxw1/Gg,B4
471,BECv10,BGxw1,BGxw1/Gg,B3
472,BECv10,BGxw1,BGxw1/Gg,B2
473,BECv10,BGxw1,BGxw1/Gg,B1
474,BECv10,BGxw1,BGxw1/Gg,A2
475,BECv10,BGxw1,BGxw1/Gg,A1
476,Add_2021,BGxw1,BGxw1/Ro,A0
477,Add_2021,BGxw1,BGxw1/Ro,B0
478,BECv10,BGxw2,BGxw2/101,D4
479,BECv10,BGxw2,BGxw2/101,D3
480,BECv10,BGxw2,BGxw2/101,C4
481,BECv10,BGxw2,BGxw2/101,C3
482,BECv10,BGxw2,BGxw2/101,B4
483,BECv10,BGxw2,BGxw2/110,D5
484,BECv10,BGxw2,BGxw2/110,D4
485,BECv10,BGxw2,BGxw2/110,C5
486,BECv10,BGxw2,BGxw2/110,C4
487,BECv10,BGxw2,BGxw2/111,D5
488,BECv10,BGxw2,BGxw2/111,D4
489,BECv10,BGxw2,BGxw2/111,C5
490,BECv10,BGxw2,BGxw2/111,C4
491,BECv10,BGxw2,BGxw2/112,E6
492,BECv10,BGxw2,BGxw2/112,E5
493,BECv10,BGxw2,BGxw2/113,D5
494,BECv10,BGxw2,BGxw2/113,C5
495,BECv10,BGxw2,BGxw2/114,D6
496,BECv10,BGxw2,BGxw2/114,D5
497,BECv10,BGxw2,BGxw2/114,C6
498,BECv10,BGxw2,BGxw2/115,D6
499,BECv10,BGxw2,BGxw2/115,D5
500,BECv10,BGxw2,BGxw2/115,C6
501,BECv10,BGxw2,BGxw2/115,C5
502,BECv10,BGxw2,BGxw2/Gg,D5
503,BECv10,BGxw2,BGxw2/Gg,D4
504,BECv10,BGxw2,BGxw2/Gg,D3
505,BECv10,BGxw2,BGxw2/Gg,C5
506,BECv10,BGxw2,BGxw2/Gg,C4
507,BECv10,BGxw2,BGxw2/Gg,C3
508,BECv10,BGxw2,BGxw2/Gg,C2
509,BECv10,BGxw2,BGxw2/Gg,B4
510,BECv10,BGxw2,BGxw2/Gg,B3
511,BECv10,BGxw2,BGxw2/Gg,B2
512,Add_2021,BGxw2,BGxw2/Ro,A0
513,Add_2021,BGxw2,BGxw2/Ro,B0
514,USA_2020,BGxx_WY,BGxx_WY/110,E5
515,USA_2020,BGxx_WY,BGxx_WY/110,D5
516,USA_2020,BGxx_WY,BGxx_WY/110,C5
517,USA_2020,BGxx_WY,BGxx_WY/110,B5
518,USA_2020,BGxx_WY,BGxx_WY/111,E6
519,USA_2020,BGxx_WY,BGxx_WY/111,D6
520,USA_2020,BGxx_WY,BGxx_WY/111,C6
521,USA_2020,BGxx_WY,BGxx_WY/111,B6
522,USA_2020,BGxx_WY,BGxx_WY/Gg1,D2
523,USA_2020,BGxx_WY,BGxx_WY/Gg1,D1
524,USA_2020,BGxx_WY,BGxx_WY/Gg1,C2
525,USA_2020,BGxx_WY,BGxx_WY/Gg1,C1
526,USA_2020,BGxx_WY,BGxx_WY/Gg1,B2
527,USA_2020,BGxx_WY,BGxx_WY/Gg1,B1
528,USA_2020,BGxx_WY,BGxx_WY/Gg1,A2
529,USA_2020,BGxx_WY,BGxx_WY/Gg1,A1
530,USA_2020,BGxx_WY,BGxx_WY/Gg2,D4
531,USA_2020,BGxx_WY,BGxx_WY/Gg2,D3
532,USA_2020,BGxx_WY,BGxx_WY/Gg2,C4
533,USA_2020,BGxx_WY,BGxx_WY/Gg2,C3
534,USA_2020,BGxx_WY,BGxx_WY/Gg2,B4
535,USA_2020,BGxx_WY,BGxx_WY/Gg2,B3
536,Add_2021,BGxx_WY,BGxx_WY/Ro,A0
537,Add_2021,BGxx_WY,BGxx_WY/Ro,B0
538,AB_2018,BSJPap,BSJPap/a,C2
539,AB_2018,BSJPap,BSJPap/a,B3
540,AB_2018,BSJPap,BSJPap/a,B2
541,AB_2018,BSJPap,BSJPap/a,B1
542,AB_2018,BSJPap,BSJPap/a,A3
543,AB_2018,BSJPap,BSJPap/a,A2
544,AB_2018,BSJPap,BSJPap/a,A1
545,AB_2018,BSJPap,BSJPap/b,D5
546,AB_2018,BSJPap,BSJPap/b,D4
547,AB_2018,BSJPap,BSJPap/b,D3
548,AB_2018,BSJPap,BSJPap/b,C5
549,AB_2018,BSJPap,BSJPap/b,C4
550,AB_2018,BSJPap,BSJPap/b,C3
551,AB_2018,BSJPap,BSJPap/b,B4
552,AB_2018,BSJPap,BSJPap/b,B3
553,AB_2018,BSJPap,BSJPap/c,C5
554,AB_2018,BSJPap,BSJPap/c,C4
555,AB_2018,BSJPap,BSJPap/c,B5
556,AB_2018,BSJPap,BSJPap/c,B4
557,AB_2018,BSJPap,BSJPap/c,B3
558,AB_2018,BSJPap,BSJPap/c,A5
559,AB_2018,BSJPap,BSJPap/c,A4
560,AB_2018,BSJPap,BSJPap/d,C6
561,AB_2018,BSJPap,BSJPap/d,C5
562,AB_2018,BSJPap,BSJPap/d,B6
563,AB_2018,BSJPap,BSJPap/d,B5
564,AB_2018,BSJPap,BSJPap/d,A6
565,AB_2018,BSJPap,BSJPap/d,A5
566,AB_2018,BSJPap,BSJPap/e,E6
567,AB_2018,BSJPap,BSJPap/e,E5
568,AB_2018,BSJPap,BSJPap/e,D6
569,AB_2018,BSJPap,BSJPap/e,D5
570,AB_2018,BSJPap,BSJPap/e,C6
571,AB_2018,BSJPap,BSJPap/e,C5
572,AB_2018,BSJPap,BSJPap/f,B7
573,AB_2018,BSJPap,BSJPap/f,B6
574,AB_2018,BSJPap,BSJPap/f,A7
575,AB_2018,BSJPap,BSJPap/f,A6
576,AB_2018,BSJPap,BSJPap/g,C7
577,AB_2018,BSJPap,BSJPap/g,C6
578,AB_2018,BSJPap,BSJPap/g,B7
579,AB_2018,BSJPap,BSJPap/g,B6
580,AB_2018,BSJPap,BSJPap/h,E7
581,AB_2018,BSJPap,BSJPap/h,E6
582,AB_2018,BSJPap,BSJPap/h,D7
583,AB_2018,BSJPap,BSJPap/h,D6
584,AB_2018,BSJPap,BSJPap/h,C7
585,Add_2021,BSJPap,BSJPap/Ro,A0
586,Add_2021,BSJPap,BSJPap/Ro,B0
587,AB_2018,BSJPku,BSJPku/a,B3
588,AB_2018,BSJPku,BSJPku/a,B2
589,AB_2018,BSJPku,BSJPku/a,B1
590,AB_2018,BSJPku,BSJPku/a,A3
591,AB_2018,BSJPku,BSJPku/a,A2
592,AB_2018,BSJPku,BSJPku/a,A1
593,AB_2018,BSJPku,BSJPku/b,D5
594,AB_2018,BSJPku,BSJPku/b,D4
595,AB_2018,BSJPku,BSJPku/b,D3
596,AB_2018,BSJPku,BSJPku/b,C5
597,AB_2018,BSJPku,BSJPku/b,C4
598,AB_2018,BSJPku,BSJPku/b,C3
599,AB_2018,BSJPku,BSJPku/b,B4
600,AB_2018,BSJPku,BSJPku/b,B3
601,AB_2018,BSJPku,BSJPku/c,C5
602,AB_2018,BSJPku,BSJPku/c,C4
603,AB_2018,BSJPku,BSJPku/c,B5
604,AB_2018,BSJPku,BSJPku/c,B4
605,AB_2018,BSJPku,BSJPku/c,A5
606,AB_2018,BSJPku,BSJPku/c,A4
607,AB_2018,BSJPku,BSJPku/d,C6
608,AB_2018,BSJPku,BSJPku/d,C5
609,AB_2018,BSJPku,BSJPku/d,B6
610,AB_2018,BSJPku,BSJPku/d,B5
611,AB_2018,BSJPku,BSJPku/d,A6
612,AB_2018,BSJPku,BSJPku/d,A5
613,AB_2018,BSJPku,BSJPku/e,E6
614,AB_2018,BSJPku,BSJPku/e,E5
615,AB_2018,BSJPku,BSJPku/e,D6
616,AB_2018,BSJPku,BSJPku/e,D5
617,AB_2018,BSJPku,BSJPku/e,C6
618,AB_2018,BSJPku,BSJPku/e,C5
619,AB_2018,BSJPku,BSJPku/f,B7
620,AB_2018,BSJPku,BSJPku/f,B6
621,AB_2018,BSJPku,BSJPku/f,A7
622,AB_2018,BSJPku,BSJPku/f,A6
623,AB_2018,BSJPku,BSJPku/g,D7
624,AB_2018,BSJPku,BSJPku/g,C7
625,AB_2018,BSJPku,BSJPku/g,C6
626,AB_2018,BSJPku,BSJPku/g,B7
627,AB_2018,BSJPku,BSJPku/g,B6
628,AB_2018,BSJPku,BSJPku/h,E7
629,AB_2018,BSJPku,BSJPku/h,E6
630,AB_2018,BSJPku,BSJPku/h,D7
631,AB_2018,BSJPku,BSJPku/h,D6
632,Add_2021,BSJPku,BSJPku/Ro,A0
633,Add_2021,BSJPku,BSJPku/Ro,B0
634,AB_2018,BSJPpa,BSJPpa/a,C3
635,AB_2018,BSJPpa,BSJPpa/a,C2
636,AB_2018,BSJPpa,BSJPpa/a,B3
637,AB_2018,BSJPpa,BSJPpa/a,B2
638,AB_2018,BSJPpa,BSJPpa/a,B1
639,AB_2018,BSJPpa,BSJPpa/a,A3
640,AB_2018,BSJPpa,BSJPpa/a,A2
641,AB_2018,BSJPpa,BSJPpa/b,D5
642,AB_2018,BSJPpa,BSJPpa/b,D4
643,AB_2018,BSJPpa,BSJPpa/b,D3
644,AB_2018,BSJPpa,BSJPpa/b,C5
645,AB_2018,BSJPpa,BSJPpa/b,C4
646,AB_2018,BSJPpa,BSJPpa/b,C3
647,AB_2018,BSJPpa,BSJPpa/b,B4
648,AB_2018,BSJPpa,BSJPpa/c,C4
649,AB_2018,BSJPpa,BSJPpa/c,B5
650,AB_2018,BSJPpa,BSJPpa/c,B4
651,AB_2018,BSJPpa,BSJPpa/c,B3
652,AB_2018,BSJPpa,BSJPpa/c,A5
653,AB_2018,BSJPpa,BSJPpa/c,A4
654,AB_2018,BSJPpa,BSJPpa/d,C6
655,AB_2018,BSJPpa,BSJPpa/d,C5
656,AB_2018,BSJPpa,BSJPpa/d,B6
657,AB_2018,BSJPpa,BSJPpa/d,B5
658,AB_2018,BSJPpa,BSJPpa/d,A6
659,AB_2018,BSJPpa,BSJPpa/d,A5
660,AB_2018,BSJPpa,BSJPpa/e,E6
661,AB_2018,BSJPpa,BSJPpa/e,E5
662,AB_2018,BSJPpa,BSJPpa/e,D6
663,AB_2018,BSJPpa,BSJPpa/e,D5
664,AB_2018,BSJPpa,BSJPpa/e,C6
665,AB_2018,BSJPpa,BSJPpa/e,C5
666,AB_2018,BSJPpa,BSJPpa/f,B7
667,AB_2018,BSJPpa,BSJPpa/f,B6
668,AB_2018,BSJPpa,BSJPpa/f,A7
669,AB_2018,BSJPpa,BSJPpa/f,A6
670,AB_2018,BSJPpa,BSJPpa/g,C7
671,AB_2018,BSJPpa,BSJPpa/g,C6
672,AB_2018,BSJPpa,BSJPpa/g,B7
673,AB_2018,BSJPpa,BSJPpa/g,B6
674,AB_2018,BSJPpa,BSJPpa/h,E7
675,AB_2018,BSJPpa,BSJPpa/h,E6
676,AB_2018,BSJPpa,BSJPpa/h,D7
677,AB_2018,BSJPpa,BSJPpa/h,D6
678,Add_2021,BSJPpa,BSJPpa/Ro,A0
679,Add_2021,BSJPpa,BSJPpa/Ro,B0
680,ABv12,BWBScmC,BWBScmC/a,B2
681,ABv12,BWBScmC,BWBScmC/a,B1
682,ABv12,BWBScmC,BWBScmC/a,A2
683,ABv12,BWBScmC,BWBScmC/a,A1
684,ABv12,BWBScmC,BWBScmC/b,C3
685,ABv12,BWBScmC,BWBScmC/b,C2
686,ABv12,BWBScmC,BWBScmC/b,B3
687,ABv12,BWBScmC,BWBScmC/b,B2
688,ABv12,BWBScmC,BWBScmC/c,B5
689,ABv12,BWBScmC,BWBScmC/c,B4
690,ABv12,BWBScmC,BWBScmC/c,B3
691,ABv12,BWBScmC,BWBScmC/c,A4
692,ABv12,BWBScmC,BWBScmC/c,A3
693,ABv12,BWBScmC,BWBScmC/d,D4
694,ABv12,BWBScmC,BWBScmC/d,C5
695,ABv12,BWBScmC,BWBScmC/d,C4
696,ABv12,BWBScmC,BWBScmC/d,C3
697,ABv12,BWBScmC,BWBScmC/d,B4
698,ABv12,BWBScmC,BWBScmC/e,D6
699,ABv12,BWBScmC,BWBScmC/e,D5
700,ABv12,BWBScmC,BWBScmC/e,D4
701,ABv12,BWBScmC,BWBScmC/e,C5
702,ABv12,BWBScmC,BWBScmC/f,E6
703,ABv12,BWBScmC,BWBScmC/f,E5
704,ABv12,BWBScmC,BWBScmC/f,D6
705,ABv12,BWBScmC,BWBScmC/f,D5
706,ABv12,BWBScmC,BWBScmC/g,C6
707,ABv12,BWBScmC,BWBScmC/g,C5
708,ABv12,BWBScmC,BWBScmC/g,B6
709,ABv12,BWBScmC,BWBScmC/g,B5
710,ABv12,BWBScmC,BWBScmC/g,A6
711,ABv12,BWBScmC,BWBScmC/g,A5
712,ABv12,BWBScmC,BWBScmC/h,D6
713,ABv12,BWBScmC,BWBScmC/h,D5
714,ABv12,BWBScmC,BWBScmC/h,C6
715,ABv12,BWBScmC,BWBScmC/h,C5
716,ABv12,BWBScmC,BWBScmC/i,B7
717,ABv12,BWBScmC,BWBScmC/i,B6
718,ABv12,BWBScmC,BWBScmC/i,A7
719,ABv12,BWBScmC,BWBScmC/i,A6
720,ABv12,BWBScmC,BWBScmC/j,C7
721,ABv12,BWBScmC,BWBScmC/j,C6
722,ABv12,BWBScmC,BWBScmC/j,B7
723,ABv12,BWBScmC,BWBScmC/j,B6
724,ABv12,BWBScmC,BWBScmC/k,E7
725,ABv12,BWBScmC,BWBScmC/k,D7
726,ABv12,BWBScmC,BWBScmC/k,D6
727,ABv12,BWBScmC,BWBScmC/k,C7
728,Add_2021,BWBScmC,BWBScmC/Ro,A0
729,Add_2021,BWBScmC,BWBScmC/Ro,B0
730,ABv12,BWBScmE,BWBScmE/a,B2
731,ABv12,BWBScmE,BWBScmE/a,B1
732,ABv12,BWBScmE,BWBScmE/a,A2
733,ABv12,BWBScmE,BWBScmE/a,A1
734,ABv12,BWBScmE,BWBScmE/b,C3
735,ABv12,BWBScmE,BWBScmE/b,C2
736,ABv12,BWBScmE,BWBScmE/b,B3
737,ABv12,BWBScmE,BWBScmE/b,B2
738,ABv12,BWBScmE,BWBScmE/c,B5
739,ABv12,BWBScmE,BWBScmE/c,B4
740,ABv12,BWBScmE,BWBScmE/c,B3
741,ABv12,BWBScmE,BWBScmE/c,A4
742,ABv12,BWBScmE,BWBScmE/c,A3
743,ABv12,BWBScmE,BWBScmE/d,D4
744,ABv12,BWBScmE,BWBScmE/d,C5
745,ABv12,BWBScmE,BWBScmE/d,C4
746,ABv12,BWBScmE,BWBScmE/d,C3
747,ABv12,BWBScmE,BWBScmE/d,B4
748,ABv12,BWBScmE,BWBScmE/e,D6
749,ABv12,BWBScmE,BWBScmE/e,D5
750,ABv12,BWBScmE,BWBScmE/e,D4
751,ABv12,BWBScmE,BWBScmE/e,C5
752,ABv12,BWBScmE,BWBScmE/f,E6
753,ABv12,BWBScmE,BWBScmE/f,E5
754,ABv12,BWBScmE,BWBScmE/f,D6
755,ABv12,BWBScmE,BWBScmE/f,D5
756,ABv12,BWBScmE,BWBScmE/g,C6
757,ABv12,BWBScmE,BWBScmE/g,C5
758,ABv12,BWBScmE,BWBScmE/g,B6
759,ABv12,BWBScmE,BWBScmE/g,B5
760,ABv12,BWBScmE,BWBScmE/g,A6
761,ABv12,BWBScmE,BWBScmE/g,A5
762,ABv12,BWBScmE,BWBScmE/h,D6
763,ABv12,BWBScmE,BWBScmE/h,D5
764,ABv12,BWBScmE,BWBScmE/h,C6
765,ABv12,BWBScmE,BWBScmE/h,C5
766,ABv12,BWBScmE,BWBScmE/i,B7
767,ABv12,BWBScmE,BWBScmE/i,B6
768,ABv12,BWBScmE,BWBScmE/i,A7
769,ABv12,BWBScmE,BWBScmE/i,A6
770,ABv12,BWBScmE,BWBScmE/j,C7
771,ABv12,BWBScmE,BWBScmE/j,C6
772,ABv12,BWBScmE,BWBScmE/j,B7
773,ABv12,BWBScmE,BWBScmE/j,B6
774,ABv12,BWBScmE,BWBScmE/k,E7
775,ABv12,BWBScmE,BWBScmE/k,D7
776,ABv12,BWBScmE,BWBScmE/k,D6
777,ABv12,BWBScmE,BWBScmE/k,C7
778,Add_2021,BWBScmE,BWBScmE/Ro,A0
779,Add_2021,BWBScmE,BWBScmE/Ro,B0
780,ABv12,BWBScmNW,BWBScmNW/a,B2
781,ABv12,BWBScmNW,BWBScmNW/a,B1
782,ABv12,BWBScmNW,BWBScmNW/a,A2
783,ABv12,BWBScmNW,BWBScmNW/a,A1
784,ABv12,BWBScmNW,BWBScmNW/b,C3
785,ABv12,BWBScmNW,BWBScmNW/b,C2
786,ABv12,BWBScmNW,BWBScmNW/b,B3
787,ABv12,BWBScmNW,BWBScmNW/b,B2
788,ABv12,BWBScmNW,BWBScmNW/c,B5
789,ABv12,BWBScmNW,BWBScmNW/c,B4
790,ABv12,BWBScmNW,BWBScmNW/c,B3
791,ABv12,BWBScmNW,BWBScmNW/c,A4
792,ABv12,BWBScmNW,BWBScmNW/c,A3
793,ABv12,BWBScmNW,BWBScmNW/d,D4
794,ABv12,BWBScmNW,BWBScmNW/d,C5
795,ABv12,BWBScmNW,BWBScmNW/d,C4
796,ABv12,BWBScmNW,BWBScmNW/d,C3
797,ABv12,BWBScmNW,BWBScmNW/d,B4
798,ABv12,BWBScmNW,BWBScmNW/e,D6
799,ABv12,BWBScmNW,BWBScmNW/e,D5
800,ABv12,BWBScmNW,BWBScmNW/e,D4
801,ABv12,BWBScmNW,BWBScmNW/e,C5
802,ABv12,BWBScmNW,BWBScmNW/f,E6
803,ABv12,BWBScmNW,BWBScmNW/f,E5
804,ABv12,BWBScmNW,BWBScmNW/f,D6
805,ABv12,BWBScmNW,BWBScmNW/f,D5
806,ABv12,BWBScmNW,BWBScmNW/g,C6
807,ABv12,BWBScmNW,BWBScmNW/g,C5
808,ABv12,BWBScmNW,BWBScmNW/g,B6
809,ABv12,BWBScmNW,BWBScmNW/g,B5
810,ABv12,BWBScmNW,BWBScmNW/g,A6
811,ABv12,BWBScmNW,BWBScmNW/g,A5
812,ABv12,BWBScmNW,BWBScmNW/h,D6
813,ABv12,BWBScmNW,BWBScmNW/h,D5
814,ABv12,BWBScmNW,BWBScmNW/h,C6
815,ABv12,BWBScmNW,BWBScmNW/h,C5
816,ABv12,BWBScmNW,BWBScmNW/i,B7
817,ABv12,BWBScmNW,BWBScmNW/i,B6
818,ABv12,BWBScmNW,BWBScmNW/i,A7
819,ABv12,BWBScmNW,BWBScmNW/i,A6
820,ABv12,BWBScmNW,BWBScmNW/j,C7
821,ABv12,BWBScmNW,BWBScmNW/j,C6
822,ABv12,BWBScmNW,BWBScmNW/j,B7
823,ABv12,BWBScmNW,BWBScmNW/j,B6
824,ABv12,BWBScmNW,BWBScmNW/k,E7
825,ABv12,BWBScmNW,BWBScmNW/k,D7
826,ABv12,BWBScmNW,BWBScmNW/k,D6
827,ABv12,BWBScmNW,BWBScmNW/k,C7
828,Add_2021,BWBScmNW,BWBScmNW/Ro,A0
829,Add_2021,BWBScmNW,BWBScmNW/Ro,B0
830,ABv12,BWBScmW,BWBScmW/a,B2
831,ABv12,BWBScmW,BWBScmW/a,B1
832,ABv12,BWBScmW,BWBScmW/a,A2
833,ABv12,BWBScmW,BWBScmW/a,A1
834,ABv12,BWBScmW,BWBScmW/b,C3
835,ABv12,BWBScmW,BWBScmW/b,C2
836,ABv12,BWBScmW,BWBScmW/b,B3
837,ABv12,BWBScmW,BWBScmW/b,B2
838,ABv12,BWBScmW,BWBScmW/c,B5
839,ABv12,BWBScmW,BWBScmW/c,B4
840,ABv12,BWBScmW,BWBScmW/c,B3
841,ABv12,BWBScmW,BWBScmW/c,A4
842,ABv12,BWBScmW,BWBScmW/c,A3
843,ABv12,BWBScmW,BWBScmW/d,D4
844,ABv12,BWBScmW,BWBScmW/d,C5
845,ABv12,BWBScmW,BWBScmW/d,C4
846,ABv12,BWBScmW,BWBScmW/d,C3
847,ABv12,BWBScmW,BWBScmW/d,B4
848,ABv12,BWBScmW,BWBScmW/e,D6
849,ABv12,BWBScmW,BWBScmW/e,D5
850,ABv12,BWBScmW,BWBScmW/e,D4
851,ABv12,BWBScmW,BWBScmW/e,C5
852,ABv12,BWBScmW,BWBScmW/f,E6
853,ABv12,BWBScmW,BWBScmW/f,E5
854,ABv12,BWBScmW,BWBScmW/f,D6
855,ABv12,BWBScmW,BWBScmW/f,D5
856,ABv12,BWBScmW,BWBScmW/g,C6
857,ABv12,BWBScmW,BWBScmW/g,C5
858,ABv12,BWBScmW,BWBScmW/g,B6
859,ABv12,BWBScmW,BWBScmW/g,B5
860,ABv12,BWBScmW,BWBScmW/g,A6
861,ABv12,BWBScmW,BWBScmW/g,A5
862,ABv12,BWBScmW,BWBScmW/h,D6
863,ABv12,BWBScmW,BWBScmW/h,D5
864,ABv12,BWBScmW,BWBScmW/h,C6
865,ABv12,BWBScmW,BWBScmW/h,C5
866,ABv12,BWBScmW,BWBScmW/i,B7
867,ABv12,BWBScmW,BWBScmW/i,B6
868,ABv12,BWBScmW,BWBScmW/i,A7
869,ABv12,BWBScmW,BWBScmW/i,A6
870,ABv12,BWBScmW,BWBScmW/j,C7
871,ABv12,BWBScmW,BWBScmW/j,C6
872,ABv12,BWBScmW,BWBScmW/j,B7
873,ABv12,BWBScmW,BWBScmW/j,B6
874,ABv12,BWBScmW,BWBScmW/k,E7
875,ABv12,BWBScmW,BWBScmW/k,D7
876,ABv12,BWBScmW,BWBScmW/k,D6
877,ABv12,BWBScmW,BWBScmW/k,C7
878,Add_2021,BWBScmW,BWBScmW/Ro,A0
879,Add_2021,BWBScmW,BWBScmW/Ro,B0
880,BECv10,BWBSdk,BWBSdk/101,D4
881,BECv10,BWBSdk,BWBSdk/101,D3
882,BECv10,BWBSdk,BWBSdk/101,C5
883,BECv10,BWBSdk,BWBSdk/101,C4
884,BECv10,BWBSdk,BWBSdk/101,C3
885,BECv10,BWBSdk,BWBSdk/101a,D4
886,BECv10,BWBSdk,BWBSdk/101a,D3
887,BECv10,BWBSdk,BWBSdk/101a,C4
888,BECv10,BWBSdk,BWBSdk/101a,C3
889,BECv10,BWBSdk,BWBSdk/101b,C5
890,BECv10,BWBSdk,BWBSdk/102,C2
891,BECv10,BWBSdk,BWBSdk/102,B2
892,BECv10,BWBSdk,BWBSdk/102,B1
893,BECv10,BWBSdk,BWBSdk/102,A2
894,BECv10,BWBSdk,BWBSdk/102,A1
895,BECv10,BWBSdk,BWBSdk/103,D3
896,BECv10,BWBSdk,BWBSdk/103,C3
897,BECv10,BWBSdk,BWBSdk/103,B3
898,BECv10,BWBSdk,BWBSdk/104,B6
899,BECv10,BWBSdk,BWBSdk/104,B5
900,BECv10,BWBSdk,BWBSdk/104,B4
901,BECv10,BWBSdk,BWBSdk/104,B3
902,BECv10,BWBSdk,BWBSdk/104,A6
903,BECv10,BWBSdk,BWBSdk/104,A5
904,BECv10,BWBSdk,BWBSdk/104,A4
905,BECv10,BWBSdk,BWBSdk/104,A3
906,BECv10,BWBSdk,BWBSdk/104a,B4
907,BECv10,BWBSdk,BWBSdk/104a,B3
908,BECv10,BWBSdk,BWBSdk/104a,A4
909,BECv10,BWBSdk,BWBSdk/104a,A3
910,BECv10,BWBSdk,BWBSdk/104b,B6
911,BECv10,BWBSdk,BWBSdk/104b,B5
912,BECv10,BWBSdk,BWBSdk/104b,A6
913,BECv10,BWBSdk,BWBSdk/104b,A5
914,BECv10,BWBSdk,BWBSdk/110,D6
915,BECv10,BWBSdk,BWBSdk/110,D5
916,BECv10,BWBSdk,BWBSdk/110,C6
917,BECv10,BWBSdk,BWBSdk/111,E6
918,BECv10,BWBSdk,BWBSdk/111,E5
919,BECv10,BWBSdk,BWBSdk/112,E6
920,BECv10,BWBSdk,BWBSdk/112,E5
921,BECv10,BWBSdk,BWBSdk/Gb,C1
922,BECv10,BWBSdk,BWBSdk/Gb,C0
923,BECv10,BWBSdk,BWBSdk/Gb,B1
924,BECv10,BWBSdk,BWBSdk/Gb,B0
925,BECv10,BWBSdk,BWBSdk/Gg,E1
926,BECv10,BWBSdk,BWBSdk/Gg,D1
927,BECv10,BWBSdk,BWBSdk/Gg,D0
928,Add_2021,BWBSdk,BWBSdk/Ro,A0
929,Add_2021,BWBSdk,BWBSdk/Ro,B0
930,ABv12,BWBSdmN,BWBSdmN/a,B2
931,ABv12,BWBSdmN,BWBSdmN/a,B1
932,ABv12,BWBSdmN,BWBSdmN/a,A2
933,ABv12,BWBSdmN,BWBSdmN/a,A1
934,ABv12,BWBSdmN,BWBSdmN/b,C3
935,ABv12,BWBSdmN,BWBSdmN/b,C2
936,ABv12,BWBSdmN,BWBSdmN/b,B3
937,ABv12,BWBSdmN,BWBSdmN/b,B2
938,ABv12,BWBSdmN,BWBSdmN/c,B5
939,ABv12,BWBSdmN,BWBSdmN/c,B4
940,ABv12,BWBSdmN,BWBSdmN/c,B3
941,ABv12,BWBSdmN,BWBSdmN/c,A4
942,ABv12,BWBSdmN,BWBSdmN/c,A3
943,ABv12,BWBSdmN,BWBSdmN/d,D4
944,ABv12,BWBSdmN,BWBSdmN/d,C5
945,ABv12,BWBSdmN,BWBSdmN/d,C4
946,ABv12,BWBSdmN,BWBSdmN/d,C3
947,ABv12,BWBSdmN,BWBSdmN/d,B4
948,ABv12,BWBSdmN,BWBSdmN/e,D5
949,ABv12,BWBSdmN,BWBSdmN/e,D4
950,ABv12,BWBSdmN,BWBSdmN/e,C5
951,ABv12,BWBSdmN,BWBSdmN/f,E6
952,ABv12,BWBSdmN,BWBSdmN/f,E5
953,ABv12,BWBSdmN,BWBSdmN/f,D6
954,ABv12,BWBSdmN,BWBSdmN/f,D5
955,ABv12,BWBSdmN,BWBSdmN/g,C6
956,ABv12,BWBSdmN,BWBSdmN/g,C5
957,ABv12,BWBSdmN,BWBSdmN/g,B6
958,ABv12,BWBSdmN,BWBSdmN/g,B5
959,ABv12,BWBSdmN,BWBSdmN/g,A6
960,ABv12,BWBSdmN,BWBSdmN/g,A5
961,ABv12,BWBSdmN,BWBSdmN/h,D6
962,ABv12,BWBSdmN,BWBSdmN/h,D5
963,ABv12,BWBSdmN,BWBSdmN/h,C6
964,ABv12,BWBSdmN,BWBSdmN/h,C5
965,ABv12,BWBSdmN,BWBSdmN/i,B7
966,ABv12,BWBSdmN,BWBSdmN/i,B6
967,ABv12,BWBSdmN,BWBSdmN/i,A7
968,ABv12,BWBSdmN,BWBSdmN/i,A6
969,ABv12,BWBSdmN,BWBSdmN/j,C7
970,ABv12,BWBSdmN,BWBSdmN/j,C6
971,ABv12,BWBSdmN,BWBSdmN/j,B7
972,ABv12,BWBSdmN,BWBSdmN/j,B6
973,ABv12,BWBSdmN,BWBSdmN/k,E7
974,ABv12,BWBSdmN,BWBSdmN/k,D7
975,ABv12,BWBSdmN,BWBSdmN/k,D6
976,ABv12,BWBSdmN,BWBSdmN/k,C7
977,Add_2021,BWBSdmN,BWBSdmN/Ro,A0
978,Add_2021,BWBSdmN,BWBSdmN/Ro,B0
979,ABv12,BWBSdmS,BWBSdmS/a,B2
980,ABv12,BWBSdmS,BWBSdmS/a,B1
981,ABv12,BWBSdmS,BWBSdmS/a,A2
982,ABv12,BWBSdmS,BWBSdmS/a,A1
983,ABv12,BWBSdmS,BWBSdmS/b,C3
984,ABv12,BWBSdmS,BWBSdmS/b,C2
985,ABv12,BWBSdmS,BWBSdmS/b,B3
986,ABv12,BWBSdmS,BWBSdmS/b,B2
987,ABv12,BWBSdmS,BWBSdmS/c,B5
988,ABv12,BWBSdmS,BWBSdmS/c,B4
989,ABv12,BWBSdmS,BWBSdmS/c,B3
990,ABv12,BWBSdmS,BWBSdmS/c,A4
991,ABv12,BWBSdmS,BWBSdmS/c,A3
992,ABv12,BWBSdmS,BWBSdmS/d,D4
993,ABv12,BWBSdmS,BWBSdmS/d,C5
994,ABv12,BWBSdmS,BWBSdmS/d,C4
995,ABv12,BWBSdmS,BWBSdmS/d,C3
996,ABv12,BWBSdmS,BWBSdmS/d,B4
997,ABv12,BWBSdmS,BWBSdmS/e,D5
998,ABv12,BWBSdmS,BWBSdmS/e,D4
999,ABv12,BWBSdmS,BWBSdmS/e,C5
1000,ABv12,BWBSdmS,BWBSdmS/f,E6
1001,ABv12,BWBSdmS,BWBSdmS/f,E5
1002,ABv12,BWBSdmS,BWBSdmS/f,D6
1003,ABv12,BWBSdmS,BWBSdmS/f,D5
1004,ABv12,BWBSdmS,BWBSdmS/g,C6
1005,ABv12,BWBSdmS,BWBSdmS/g,C5
1006,ABv12,BWBSdmS,BWBSdmS/g,B6
1007,ABv12,BWBSdmS,BWBSdmS/g,B5
1008,ABv12,BWBSdmS,BWBSdmS/g,A6
1009,ABv12,BWBSdmS,BWBSdmS/g,A5
1010,ABv12,BWBSdmS,BWBSdmS/h,D6
1011,ABv12,BWBSdmS,BWBSdmS/h,D5
1012,ABv12,BWBSdmS,BWBSdmS/h,C6
1013,ABv12,BWBSdmS,BWBSdmS/h,C5
1014,ABv12,BWBSdmS,BWBSdmS/i,B7
1015,ABv12,BWBSdmS,BWBSdmS/i,B6
1016,ABv12,BWBSdmS,BWBSdmS/i,A7
1017,ABv12,BWBSdmS,BWBSdmS/i,A6
1018,ABv12,BWBSdmS,BWBSdmS/j,C7
1019,ABv12,BWBSdmS,BWBSdmS/j,C6
1020,ABv12,BWBSdmS,BWBSdmS/j,B7
1021,ABv12,BWBSdmS,BWBSdmS/j,B6
1022,ABv12,BWBSdmS,BWBSdmS/k,E7
1023,ABv12,BWBSdmS,BWBSdmS/k,D7
1024,ABv12,BWBSdmS,BWBSdmS/k,D6
1025,ABv12,BWBSdmS,BWBSdmS/k,C7
1026,Add_2021,BWBSdmS,BWBSdmS/Ro,A0
1027,Add_2021,BWBSdmS,BWBSdmS/Ro,B0
1028,ABv12,BWBSlbE,BWBSlbE/a,C2
1029,ABv12,BWBSlbE,BWBSlbE/a,B3
1030,ABv12,BWBSlbE,BWBSlbE/a,B2
1031,ABv12,BWBSlbE,BWBSlbE/a,B1
1032,ABv12,BWBSlbE,BWBSlbE/a,A2
1033,ABv12,BWBSlbE,BWBSlbE/b,C4
1034,ABv12,BWBSlbE,BWBSlbE/b,C3
1035,ABv12,BWBSlbE,BWBSlbE/b,C2
1036,ABv12,BWBSlbE,BWBSlbE/b,B3
1037,ABv12,BWBSlbE,BWBSlbE/c,C5
1038,ABv12,BWBSlbE,BWBSlbE/c,C4
1039,ABv12,BWBSlbE,BWBSlbE/c,C3
1040,ABv12,BWBSlbE,BWBSlbE/c,B5
1041,ABv12,BWBSlbE,BWBSlbE/c,B4
1042,ABv12,BWBSlbE,BWBSlbE/c,B3
1043,ABv12,BWBSlbE,BWBSlbE/c,A4
1044,ABv12,BWBSlbE,BWBSlbE/d,D5
1045,ABv12,BWBSlbE,BWBSlbE/d,D4
1046,ABv12,BWBSlbE,BWBSlbE/d,C5
1047,ABv12,BWBSlbE,BWBSlbE/d,C4
1048,ABv12,BWBSlbE,BWBSlbE/d,C3
1049,ABv12,BWBSlbE,BWBSlbE/e,E6
1050,ABv12,BWBSlbE,BWBSlbE/e,E5
1051,ABv12,BWBSlbE,BWBSlbE/e,D6
1052,ABv12,BWBSlbE,BWBSlbE/e,D5
1053,ABv12,BWBSlbE,BWBSlbE/f,E6
1054,ABv12,BWBSlbE,BWBSlbE/f,D7
1055,ABv12,BWBSlbE,BWBSlbE/f,D6
1056,ABv12,BWBSlbE,BWBSlbE/f,D5
1057,ABv12,BWBSlbE,BWBSlbE/f,C7
1058,ABv12,BWBSlbE,BWBSlbE/f,C6
1059,ABv12,BWBSlbE,BWBSlbE/g,C6
1060,ABv12,BWBSlbE,BWBSlbE/g,C5
1061,ABv12,BWBSlbE,BWBSlbE/g,B6
1062,ABv12,BWBSlbE,BWBSlbE/g,B5
1063,ABv12,BWBSlbE,BWBSlbE/h,B7
1064,ABv12,BWBSlbE,BWBSlbE/h,B6
1065,ABv12,BWBSlbE,BWBSlbE/h,A7
1066,ABv12,BWBSlbE,BWBSlbE/h,A6
1067,ABv12,BWBSlbE,BWBSlbE/i,C7
1068,ABv12,BWBSlbE,BWBSlbE/i,B7
1069,ABv12,BWBSlbE,BWBSlbE/j,E7
1070,ABv12,BWBSlbE,BWBSlbE/j,D7
1071,ABv12,BWBSlbE,BWBSlbE/j,C7
1072,Add_2021,BWBSlbE,BWBSlbE/Ro,A0
1073,Add_2021,BWBSlbE,BWBSlbE/Ro,B0
1074,ABv12,BWBSlbN,BWBSlbN/a,C2
1075,ABv12,BWBSlbN,BWBSlbN/a,B3
1076,ABv12,BWBSlbN,BWBSlbN/a,B2
1077,ABv12,BWBSlbN,BWBSlbN/a,B1
1078,ABv12,BWBSlbN,BWBSlbN/a,A2
1079,ABv12,BWBSlbN,BWBSlbN/b,C4
1080,ABv12,BWBSlbN,BWBSlbN/b,C3
1081,ABv12,BWBSlbN,BWBSlbN/b,C2
1082,ABv12,BWBSlbN,BWBSlbN/b,B3
1083,ABv12,BWBSlbN,BWBSlbN/c,C5
1084,ABv12,BWBSlbN,BWBSlbN/c,C4
1085,ABv12,BWBSlbN,BWBSlbN/c,C3
1086,ABv12,BWBSlbN,BWBSlbN/c,B5
1087,ABv12,BWBSlbN,BWBSlbN/c,B4
1088,ABv12,BWBSlbN,BWBSlbN/c,B3
1089,ABv12,BWBSlbN,BWBSlbN/c,A4
1090,ABv12,BWBSlbN,BWBSlbN/d,D5
1091,ABv12,BWBSlbN,BWBSlbN/d,D4
1092,ABv12,BWBSlbN,BWBSlbN/d,C5
1093,ABv12,BWBSlbN,BWBSlbN/d,C4
1094,ABv12,BWBSlbN,BWBSlbN/d,C3
1095,ABv12,BWBSlbN,BWBSlbN/e,E6
1096,ABv12,BWBSlbN,BWBSlbN/e,E5
1097,ABv12,BWBSlbN,BWBSlbN/e,D6
1098,ABv12,BWBSlbN,BWBSlbN/e,D5
1099,ABv12,BWBSlbN,BWBSlbN/f,E6
1100,ABv12,BWBSlbN,BWBSlbN/f,D7
1101,ABv12,BWBSlbN,BWBSlbN/f,D6
1102,ABv12,BWBSlbN,BWBSlbN/f,D5
1103,ABv12,BWBSlbN,BWBSlbN/f,C7
1104,ABv12,BWBSlbN,BWBSlbN/f,C6
1105,ABv12,BWBSlbN,BWBSlbN/g,C6
1106,ABv12,BWBSlbN,BWBSlbN/g,C5
1107,ABv12,BWBSlbN,BWBSlbN/g,B6
1108,ABv12,BWBSlbN,BWBSlbN/g,B5
1109,ABv12,BWBSlbN,BWBSlbN/h,B7
1110,ABv12,BWBSlbN,BWBSlbN/h,B6
1111,ABv12,BWBSlbN,BWBSlbN/h,A7
1112,ABv12,BWBSlbN,BWBSlbN/h,A6
1113,ABv12,BWBSlbN,BWBSlbN/i,C7
1114,ABv12,BWBSlbN,BWBSlbN/i,B7
1115,ABv12,BWBSlbN,BWBSlbN/j,E7
1116,ABv12,BWBSlbN,BWBSlbN/j,D7
1117,ABv12,BWBSlbN,BWBSlbN/j,C7
1118,Add_2021,BWBSlbN,BWBSlbN/Ro,A0
1119,Add_2021,BWBSlbN,BWBSlbN/Ro,B0
1120,ABv12,BWBSlbW,BWBSlbW/a,C2
1121,ABv12,BWBSlbW,BWBSlbW/a,B3
1122,ABv12,BWBSlbW,BWBSlbW/a,B2
1123,ABv12,BWBSlbW,BWBSlbW/a,B1
1124,ABv12,BWBSlbW,BWBSlbW/a,A2
1125,ABv12,BWBSlbW,BWBSlbW/b,C4
1126,ABv12,BWBSlbW,BWBSlbW/b,C3
1127,ABv12,BWBSlbW,BWBSlbW/b,C2
1128,ABv12,BWBSlbW,BWBSlbW/b,B3
1129,ABv12,BWBSlbW,BWBSlbW/c,C5
1130,ABv12,BWBSlbW,BWBSlbW/c,C4
1131,ABv12,BWBSlbW,BWBSlbW/c,C3
1132,ABv12,BWBSlbW,BWBSlbW/c,B5
1133,ABv12,BWBSlbW,BWBSlbW/c,B4
1134,ABv12,BWBSlbW,BWBSlbW/c,B3
1135,ABv12,BWBSlbW,BWBSlbW/c,A4
1136,ABv12,BWBSlbW,BWBSlbW/d,D5
1137,ABv12,BWBSlbW,BWBSlbW/d,D4
1138,ABv12,BWBSlbW,BWBSlbW/d,C5
1139,ABv12,BWBSlbW,BWBSlbW/d,C4
1140,ABv12,BWBSlbW,BWBSlbW/d,C3
1141,ABv12,BWBSlbW,BWBSlbW/e,E6
1142,ABv12,BWBSlbW,BWBSlbW/e,E5
1143,ABv12,BWBSlbW,BWBSlbW/e,D6
1144,ABv12,BWBSlbW,BWBSlbW/e,D5
1145,ABv12,BWBSlbW,BWBSlbW/f,E6
1146,ABv12,BWBSlbW,BWBSlbW/f,D7
1147,ABv12,BWBSlbW,BWBSlbW/f,D6
1148,ABv12,BWBSlbW,BWBSlbW/f,D5
1149,ABv12,BWBSlbW,BWBSlbW/f,C7
1150,ABv12,BWBSlbW,BWBSlbW/f,C6
1151,ABv12,BWBSlbW,BWBSlbW/g,C6
1152,ABv12,BWBSlbW,BWBSlbW/g,C5
1153,ABv12,BWBSlbW,BWBSlbW/g,B6
1154,ABv12,BWBSlbW,BWBSlbW/g,B5
1155,ABv12,BWBSlbW,BWBSlbW/h,B7
1156,ABv12,BWBSlbW,BWBSlbW/h,B6
1157,ABv12,BWBSlbW,BWBSlbW/h,A7
1158,ABv12,BWBSlbW,BWBSlbW/h,A6
1159,ABv12,BWBSlbW,BWBSlbW/i,C7
1160,ABv12,BWBSlbW,BWBSlbW/i,B7
1161,ABv12,BWBSlbW,BWBSlbW/j,E7
1162,ABv12,BWBSlbW,BWBSlbW/j,D7
1163,ABv12,BWBSlbW,BWBSlbW/j,C7
1164,Add_2021,BWBSlbW,BWBSlbW/Ro,A0
1165,Add_2021,BWBSlbW,BWBSlbW/Ro,B0
1166,AB_2018,BWBSlf,BWBSlf/a,C2
1167,AB_2018,BWBSlf,BWBSlf/a,C1
1168,AB_2018,BWBSlf,BWBSlf/a,B2
1169,AB_2018,BWBSlf,BWBSlf/a,B1
1170,AB_2018,BWBSlf,BWBSlf/b,B3
1171,AB_2018,BWBSlf,BWBSlf/b,B2
1172,AB_2018,BWBSlf,BWBSlf/b,B1
1173,AB_2018,BWBSlf,BWBSlf/b,A2
1174,AB_2018,BWBSlf,BWBSlf/b,A1
1175,AB_2018,BWBSlf,BWBSlf/c,C3
1176,AB_2018,BWBSlf,BWBSlf/c,C2
1177,AB_2018,BWBSlf,BWBSlf/c,B3
1178,AB_2018,BWBSlf,BWBSlf/c,B2
1179,AB_2018,BWBSlf,BWBSlf/d,B5
1180,AB_2018,BWBSlf,BWBSlf/d,B4
1181,AB_2018,BWBSlf,BWBSlf/d,B3
1182,AB_2018,BWBSlf,BWBSlf/d,A5
1183,AB_2018,BWBSlf,BWBSlf/d,A4
1184,AB_2018,BWBSlf,BWBSlf/d,A3
1185,AB_2018,BWBSlf,BWBSlf/e,D4
1186,AB_2018,BWBSlf,BWBSlf/e,C5
1187,AB_2018,BWBSlf,BWBSlf/e,C4
1188,AB_2018,BWBSlf,BWBSlf/e,C3
1189,AB_2018,BWBSlf,BWBSlf/e,B5
1190,AB_2018,BWBSlf,BWBSlf/e,B4
1191,AB_2018,BWBSlf,BWBSlf/e,B3
1192,AB_2018,BWBSlf,BWBSlf/f,E5
1193,AB_2018,BWBSlf,BWBSlf/f,D5
1194,AB_2018,BWBSlf,BWBSlf/f,D4
1195,AB_2018,BWBSlf,BWBSlf/g,E7
1196,AB_2018,BWBSlf,BWBSlf/g,E6
1197,AB_2018,BWBSlf,BWBSlf/g,E5
1198,AB_2018,BWBSlf,BWBSlf/g,D7
1199,AB_2018,BWBSlf,BWBSlf/g,D6
1200,AB_2018,BWBSlf,BWBSlf/g,D5
1201,AB_2018,BWBSlf,BWBSlf/h,B6
1202,AB_2018,BWBSlf,BWBSlf/h,B5
1203,AB_2018,BWBSlf,BWBSlf/h,A6
1204,AB_2018,BWBSlf,BWBSlf/h,A5
1205,AB_2018,BWBSlf,BWBSlf/i,E6
1206,AB_2018,BWBSlf,BWBSlf/i,E5
1207,AB_2018,BWBSlf,BWBSlf/i,D6
1208,AB_2018,BWBSlf,BWBSlf/i,D5
1209,AB_2018,BWBSlf,BWBSlf/i,C6
1210,AB_2018,BWBSlf,BWBSlf/i,C5
1211,AB_2018,BWBSlf,BWBSlf/j,D7
1212,AB_2018,BWBSlf,BWBSlf/j,D6
1213,AB_2018,BWBSlf,BWBSlf/j,C7
1214,AB_2018,BWBSlf,BWBSlf/j,C6
1215,AB_2018,BWBSlf,BWBSlf/j,B7
1216,AB_2018,BWBSlf,BWBSlf/j,B6
1217,AB_2018,BWBSlf,BWBSlf/k,B7
1218,AB_2018,BWBSlf,BWBSlf/k,B6
1219,AB_2018,BWBSlf,BWBSlf/k,A7
1220,AB_2018,BWBSlf,BWBSlf/k,A6
1221,AB_2018,BWBSlf,BWBSlf/l,D7
1222,AB_2018,BWBSlf,BWBSlf/l,C7
1223,AB_2018,BWBSlf,BWBSlf/l,C6
1224,AB_2018,BWBSlf,BWBSlf/l,B7
1230,AB_2018,BWBSlf,BWBSlf/n,E7
1231,AB_2018,BWBSlf,BWBSlf/n,D7
1232,Add_2021,BWBSlf,BWBSlf/Ro,A0
1233,Add_2021,BWBSlf,BWBSlf/Ro,B0
1234,BECv10,BWBSmk,BWBSmk/101,D4
1235,BECv10,BWBSmk,BWBSmk/101,D3
1236,BECv10,BWBSmk,BWBSmk/101,C4
1237,BECv10,BWBSmk,BWBSmk/101,C3
1238,BECv10,BWBSmk,BWBSmk/102,C2
1239,BECv10,BWBSmk,BWBSmk/102,B2
1240,BECv10,BWBSmk,BWBSmk/102,B1
1241,BECv10,BWBSmk,BWBSmk/102,A2
1242,BECv10,BWBSmk,BWBSmk/102,A1
1243,BECv10,BWBSmk,BWBSmk/103,D4
1244,BECv10,BWBSmk,BWBSmk/103,D3
1245,BECv10,BWBSmk,BWBSmk/103,C3
1246,BECv10,BWBSmk,BWBSmk/104,B6
1247,BECv10,BWBSmk,BWBSmk/104,B5
1248,BECv10,BWBSmk,BWBSmk/104,B4
1249,BECv10,BWBSmk,BWBSmk/104,B3
1250,BECv10,BWBSmk,BWBSmk/104,A6
1251,BECv10,BWBSmk,BWBSmk/104,A5
1252,BECv10,BWBSmk,BWBSmk/104,A4
1253,BECv10,BWBSmk,BWBSmk/104,A3
1254,BECv10,BWBSmk,BWBSmk/104a,B4
1255,BECv10,BWBSmk,BWBSmk/104a,B3
1256,BECv10,BWBSmk,BWBSmk/104a,A4
1257,BECv10,BWBSmk,BWBSmk/104a,A3
1258,BECv10,BWBSmk,BWBSmk/104b,B6
1259,BECv10,BWBSmk,BWBSmk/104b,B5
1260,BECv10,BWBSmk,BWBSmk/104b,A6
1261,BECv10,BWBSmk,BWBSmk/104b,A5
1262,BECv10,BWBSmk,BWBSmk/110,D6
1263,BECv10,BWBSmk,BWBSmk/110,D5
1264,BECv10,BWBSmk,BWBSmk/110,C6
1265,BECv10,BWBSmk,BWBSmk/110,C5
1266,BECv10,BWBSmk,BWBSmk/111,E6
1267,BECv10,BWBSmk,BWBSmk/111,E5
1268,BECv10,BWBSmk,BWBSmk/111,D6
1269,BECv10,BWBSmk,BWBSmk/111,D5
1270,BECv10,BWBSmk,BWBSmk/112,E6
1271,BECv10,BWBSmk,BWBSmk/112,E5
1272,BECv10,BWBSmk,BWBSmk/112,D6
1273,BECv10,BWBSmk,BWBSmk/112,D5
1274,BECv10,BWBSmk,BWBSmk/Gg,E1
1275,BECv10,BWBSmk,BWBSmk/Gg,D1
1276,BECv10,BWBSmk,BWBSmk/Gg,D0
1277,Add_2021,BWBSmk,BWBSmk/Ro,A0
1278,Add_2021,BWBSmk,BWBSmk/Ro,B0
1279,BECv10,BWBSmw,BWBSmw/101,D5
1280,BECv10,BWBSmw,BWBSmw/101,D4
1281,BECv10,BWBSmw,BWBSmw/101,C5
1282,BECv10,BWBSmw,BWBSmw/101,C4
1283,BECv10,BWBSmw,BWBSmw/101,C3
1284,BECv10,BWBSmw,BWBSmw/102,C2
1285,BECv10,BWBSmw,BWBSmw/102,B2
1286,BECv10,BWBSmw,BWBSmw/102,B1
1287,BECv10,BWBSmw,BWBSmw/102,A2
1288,BECv10,BWBSmw,BWBSmw/102,A1
1289,BECv10,BWBSmw,BWBSmw/103,C3
1290,BECv10,BWBSmw,BWBSmw/103,B3
1291,BECv10,BWBSmw,BWBSmw/104,B6
1292,BECv10,BWBSmw,BWBSmw/104,B5
1293,BECv10,BWBSmw,BWBSmw/104,B4
1294,BECv10,BWBSmw,BWBSmw/104,B3
1295,BECv10,BWBSmw,BWBSmw/104,A6
1296,BECv10,BWBSmw,BWBSmw/104,A5
1297,BECv10,BWBSmw,BWBSmw/104,A4
1298,BECv10,BWBSmw,BWBSmw/104,A3
1299,BECv10,BWBSmw,BWBSmw/110,D5
1300,BECv10,BWBSmw,BWBSmw/110,D4
1301,BECv10,BWBSmw,BWBSmw/111,D6
1302,BECv10,BWBSmw,BWBSmw/111,D5
1303,BECv10,BWBSmw,BWBSmw/111,C6
1304,BECv10,BWBSmw,BWBSmw/111,C5
1305,BECv10,BWBSmw,BWBSmw/112,E6
1306,BECv10,BWBSmw,BWBSmw/112,E5
1307,BECv10,BWBSmw,BWBSmw/112,D6
1308,BECv10,BWBSmw,BWBSmw/112,D5
1309,BECv10,BWBSmw,BWBSmw/Gg,E1
1310,BECv10,BWBSmw,BWBSmw/Gg,D1
1311,BECv10,BWBSmw,BWBSmw/Gg,D0
1312,Add_2021,BWBSmw,BWBSmw/Ro,A0
1313,Add_2021,BWBSmw,BWBSmw/Ro,B0
1314,AB_2018,BWBSnm,BWBSnm/a,B2
1315,AB_2018,BWBSnm,BWBSnm/a,B1
1316,AB_2018,BWBSnm,BWBSnm/a,A2
1317,AB_2018,BWBSnm,BWBSnm/a,A1
1318,AB_2018,BWBSnm,BWBSnm/b,C3
1319,AB_2018,BWBSnm,BWBSnm/b,C2
1320,AB_2018,BWBSnm,BWBSnm/b,B3
1321,AB_2018,BWBSnm,BWBSnm/b,B2
1322,AB_2018,BWBSnm,BWBSnm/c,B5
1323,AB_2018,BWBSnm,BWBSnm/c,B4
1324,AB_2018,BWBSnm,BWBSnm/c,B3
1325,AB_2018,BWBSnm,BWBSnm/c,A4
1326,AB_2018,BWBSnm,BWBSnm/c,A3
1327,AB_2018,BWBSnm,BWBSnm/d,D4
1328,AB_2018,BWBSnm,BWBSnm/d,C5
1329,AB_2018,BWBSnm,BWBSnm/d,C4
1330,AB_2018,BWBSnm,BWBSnm/d,C3
1331,AB_2018,BWBSnm,BWBSnm/e,D5
1332,AB_2018,BWBSnm,BWBSnm/e,D4
1333,AB_2018,BWBSnm,BWBSnm/e,C5
1334,AB_2018,BWBSnm,BWBSnm/f,E6
1335,AB_2018,BWBSnm,BWBSnm/f,E5
1336,AB_2018,BWBSnm,BWBSnm/f,D6
1337,AB_2018,BWBSnm,BWBSnm/f,D5
1338,AB_2018,BWBSnm,BWBSnm/g,C6
1339,AB_2018,BWBSnm,BWBSnm/g,C5
1340,AB_2018,BWBSnm,BWBSnm/g,B6
1341,AB_2018,BWBSnm,BWBSnm/g,B5
1342,AB_2018,BWBSnm,BWBSnm/g,A6
1343,AB_2018,BWBSnm,BWBSnm/g,A5
1344,AB_2018,BWBSnm,BWBSnm/h,D6
1345,AB_2018,BWBSnm,BWBSnm/h,D5
1346,AB_2018,BWBSnm,BWBSnm/h,C6
1347,AB_2018,BWBSnm,BWBSnm/h,C5
1348,AB_2018,BWBSnm,BWBSnm/h,B6
1349,AB_2018,BWBSnm,BWBSnm/i,B7
1350,AB_2018,BWBSnm,BWBSnm/i,B6
1351,AB_2018,BWBSnm,BWBSnm/i,A7
1352,AB_2018,BWBSnm,BWBSnm/i,A6
1353,AB_2018,BWBSnm,BWBSnm/j,C7
1354,AB_2018,BWBSnm,BWBSnm/j,B7
1355,AB_2018,BWBSnm,BWBSnm/k,E7
1356,AB_2018,BWBSnm,BWBSnm/k,D7
1357,AB_2018,BWBSnm,BWBSnm/k,D6
1358,AB_2018,BWBSnm,BWBSnm/k,C7
1359,AB_2018,BWBSnm,BWBSnm/l,E7
1360,AB_2018,BWBSnm,BWBSnm/l,D7
1361,Add_2021,BWBSnm,BWBSnm/Ro,A0
1362,Add_2021,BWBSnm,BWBSnm/Ro,B0
1363,AB_2018,BWBSpp,BWBSpp/a,B2
1364,AB_2018,BWBSpp,BWBSpp/a,B1
1365,AB_2018,BWBSpp,BWBSpp/a,A2
1366,AB_2018,BWBSpp,BWBSpp/a,A1
1367,AB_2018,BWBSpp,BWBSpp/b,C3
1368,AB_2018,BWBSpp,BWBSpp/b,C2
1369,AB_2018,BWBSpp,BWBSpp/b,B3
1370,AB_2018,BWBSpp,BWBSpp/b,B2
1371,AB_2018,BWBSpp,BWBSpp/c,B5
1372,AB_2018,BWBSpp,BWBSpp/c,B4
1373,AB_2018,BWBSpp,BWBSpp/c,B3
1374,AB_2018,BWBSpp,BWBSpp/c,A4
1375,AB_2018,BWBSpp,BWBSpp/c,A3
1376,AB_2018,BWBSpp,BWBSpp/d,D4
1377,AB_2018,BWBSpp,BWBSpp/d,C5
1378,AB_2018,BWBSpp,BWBSpp/d,C4
1379,AB_2018,BWBSpp,BWBSpp/d,C3
1380,AB_2018,BWBSpp,BWBSpp/d,B4
1381,AB_2018,BWBSpp,BWBSpp/e,D6
1382,AB_2018,BWBSpp,BWBSpp/e,D5
1383,AB_2018,BWBSpp,BWBSpp/e,D4
1384,AB_2018,BWBSpp,BWBSpp/e,C5
1385,AB_2018,BWBSpp,BWBSpp/f,E6
1386,AB_2018,BWBSpp,BWBSpp/f,E5
1387,AB_2018,BWBSpp,BWBSpp/f,D6
1388,AB_2018,BWBSpp,BWBSpp/f,D5
1389,AB_2018,BWBSpp,BWBSpp/g,C6
1390,AB_2018,BWBSpp,BWBSpp/g,C5
1391,AB_2018,BWBSpp,BWBSpp/g,B6
1392,AB_2018,BWBSpp,BWBSpp/g,B5
1393,AB_2018,BWBSpp,BWBSpp/g,A6
1394,AB_2018,BWBSpp,BWBSpp/g,A5
1395,AB_2018,BWBSpp,BWBSpp/h,D6
1396,AB_2018,BWBSpp,BWBSpp/h,D5
1397,AB_2018,BWBSpp,BWBSpp/h,C6
1398,AB_2018,BWBSpp,BWBSpp/h,C5
1399,AB_2018,BWBSpp,BWBSpp/i,B7
1400,AB_2018,BWBSpp,BWBSpp/i,B6
1401,AB_2018,BWBSpp,BWBSpp/i,A7
1402,AB_2018,BWBSpp,BWBSpp/i,A6
1403,AB_2018,BWBSpp,BWBSpp/j,C7
1404,AB_2018,BWBSpp,BWBSpp/j,C6
1405,AB_2018,BWBSpp,BWBSpp/j,B7
1406,AB_2018,BWBSpp,BWBSpp/j,B6
1407,AB_2018,BWBSpp,BWBSpp/k,E7
1408,AB_2018,BWBSpp,BWBSpp/k,D7
1409,AB_2018,BWBSpp,BWBSpp/k,D6
1410,AB_2018,BWBSpp,BWBSpp/k,C7
1411,AB_2018,BWBSpp,BWBSpp/l,E7
1412,AB_2018,BWBSpp,BWBSpp/l,D7
1413,AB_2018,BWBSub,BWBSub/a,C2
1414,AB_2018,BWBSub,BWBSub/a,B3
1415,AB_2018,BWBSub,BWBSub/a,B2
1416,AB_2018,BWBSub,BWBSub/a,B1
1417,AB_2018,BWBSub,BWBSub/a,A2
1418,AB_2018,BWBSub,BWBSub/b,C4
1419,AB_2018,BWBSub,BWBSub/b,C3
1420,AB_2018,BWBSub,BWBSub/b,C2
1421,AB_2018,BWBSub,BWBSub/b,B3
1422,AB_2018,BWBSub,BWBSub/c,C5
1423,AB_2018,BWBSub,BWBSub/c,C4
1424,AB_2018,BWBSub,BWBSub/c,C3
1425,AB_2018,BWBSub,BWBSub/c,B5
1426,AB_2018,BWBSub,BWBSub/c,B4
1427,AB_2018,BWBSub,BWBSub/c,B3
1428,AB_2018,BWBSub,BWBSub/c,A4
1429,AB_2018,BWBSub,BWBSub/d,D5
1430,AB_2018,BWBSub,BWBSub/d,D4
1431,AB_2018,BWBSub,BWBSub/d,C5
1432,AB_2018,BWBSub,BWBSub/d,C4
1433,AB_2018,BWBSub,BWBSub/d,C3
1434,AB_2018,BWBSub,BWBSub/e,E6
1435,AB_2018,BWBSub,BWBSub/e,E5
1436,AB_2018,BWBSub,BWBSub/e,D6
1437,AB_2018,BWBSub,BWBSub/e,D5
1438,AB_2018,BWBSub,BWBSub/f,E6
1439,AB_2018,BWBSub,BWBSub/f,D7
1440,AB_2018,BWBSub,BWBSub/f,D6
1441,AB_2018,BWBSub,BWBSub/f,D5
1442,AB_2018,BWBSub,BWBSub/f,C7
1443,AB_2018,BWBSub,BWBSub/f,C6
1444,AB_2018,BWBSub,BWBSub/g,C6
1445,AB_2018,BWBSub,BWBSub/g,C5
1446,AB_2018,BWBSub,BWBSub/g,B6
1447,AB_2018,BWBSub,BWBSub/g,B5
1448,AB_2018,BWBSub,BWBSub/h,B7
1449,AB_2018,BWBSub,BWBSub/h,B6
1450,AB_2018,BWBSub,BWBSub/h,A7
1451,AB_2018,BWBSub,BWBSub/h,A6
1452,AB_2018,BWBSub,BWBSub/i,C7
1453,AB_2018,BWBSub,BWBSub/i,B7
1454,AB_2018,BWBSub,BWBSub/j,E7
1455,AB_2018,BWBSub,BWBSub/j,D7
1456,AB_2018,BWBSub,BWBSub/j,C7
1457,Add_2021,BWBSub,BWBSub/Ro,A0
1458,Add_2021,BWBSub,BWBSub/Ro,B0
1459,AB_2018,BWBSuf,BWBSuf/a,C2
1460,AB_2018,BWBSuf,BWBSuf/a,C1
1461,AB_2018,BWBSuf,BWBSuf/a,B2
1462,AB_2018,BWBSuf,BWBSuf/a,B1
1463,AB_2018,BWBSuf,BWBSuf/a,B0
1464,AB_2018,BWBSuf,BWBSuf/b,B3
1465,AB_2018,BWBSuf,BWBSuf/b,B2
1466,AB_2018,BWBSuf,BWBSuf/b,B1
1467,AB_2018,BWBSuf,BWBSuf/b,A2
1468,AB_2018,BWBSuf,BWBSuf/c,D3
1469,AB_2018,BWBSuf,BWBSuf/c,C4
1470,AB_2018,BWBSuf,BWBSuf/c,C3
1471,AB_2018,BWBSuf,BWBSuf/c,C2
1472,AB_2018,BWBSuf,BWBSuf/c,B3
1473,AB_2018,BWBSuf,BWBSuf/c,B2
1474,AB_2018,BWBSuf,BWBSuf/d,B5
1475,AB_2018,BWBSuf,BWBSuf/d,B4
1476,AB_2018,BWBSuf,BWBSuf/d,B3
1477,AB_2018,BWBSuf,BWBSuf/d,A4
1478,AB_2018,BWBSuf,BWBSuf/d,A3
1479,AB_2018,BWBSuf,BWBSuf/e,D4
1480,AB_2018,BWBSuf,BWBSuf/e,C5
1481,AB_2018,BWBSuf,BWBSuf/e,C4
1482,AB_2018,BWBSuf,BWBSuf/e,C3
1483,AB_2018,BWBSuf,BWBSuf/e,B5
1484,AB_2018,BWBSuf,BWBSuf/e,B4
1485,AB_2018,BWBSuf,BWBSuf/f,E5
1486,AB_2018,BWBSuf,BWBSuf/f,D5
1487,AB_2018,BWBSuf,BWBSuf/f,D4
1488,AB_2018,BWBSuf,BWBSuf/g,E7
1489,AB_2018,BWBSuf,BWBSuf/g,E6
1490,AB_2018,BWBSuf,BWBSuf/g,E5
1491,AB_2018,BWBSuf,BWBSuf/g,E4
1492,AB_2018,BWBSuf,BWBSuf/g,D6
1493,AB_2018,BWBSuf,BWBSuf/g,D5
1494,AB_2018,BWBSuf,BWBSuf/h,C6
1495,AB_2018,BWBSuf,BWBSuf/h,C5
1496,AB_2018,BWBSuf,BWBSuf/h,B6
1497,AB_2018,BWBSuf,BWBSuf/h,B5
1498,AB_2018,BWBSuf,BWBSuf/h,A6
1499,AB_2018,BWBSuf,BWBSuf/h,A5
1500,AB_2018,BWBSuf,BWBSuf/i,D6
1501,AB_2018,BWBSuf,BWBSuf/i,D5
1502,AB_2018,BWBSuf,BWBSuf/i,C7
1503,AB_2018,BWBSuf,BWBSuf/i,C6
1504,AB_2018,BWBSuf,BWBSuf/i,C5
1505,AB_2018,BWBSuf,BWBSuf/i,B6
1506,AB_2018,BWBSuf,BWBSuf/j,E6
1507,AB_2018,BWBSuf,BWBSuf/j,D6
1508,AB_2018,BWBSuf,BWBSuf/j,D5
1509,AB_2018,BWBSuf,BWBSuf/j,C6
1510,AB_2018,BWBSuf,BWBSuf/j,C5
1511,AB_2018,BWBSuf,BWBSuf/k,B7
1512,AB_2018,BWBSuf,BWBSuf/k,B6
1513,AB_2018,BWBSuf,BWBSuf/k,A7
1514,AB_2018,BWBSuf,BWBSuf/l,D7
1515,AB_2018,BWBSuf,BWBSuf/l,C7
1516,AB_2018,BWBSuf,BWBSuf/l,C6
1517,AB_2018,BWBSuf,BWBSuf/l,B7
1523,Add_2021,BWBSuf,BWBSuf/Ro,A0
1524,Add_2021,BWBSuf,BWBSuf/Ro,B0
1525,BECv10,BWBSvk,BWBSvk/h,E7
1526,BECv10,BWBSvk,BWBSvk/h,E6
1527,BECv10,BWBSvk,BWBSvk/h,E5
1528,BECv10,BWBSvk,BWBSvk/h,D7
1529,BECv10,BWBSvk,BWBSvk/h,D6
1530,BECv10,BWBSvk,BWBSvk/h,D5
1531,BECv10,BWBSvk,BWBSvk/h,C7
1532,BECv10,BWBSvk,BWBSvk/h,C6
1533,BECv10,BWBSvk,BWBSvk/h,C5
1534,BECv10,BWBSvk,BWBSvk/h,B7
1535,BECv10,BWBSvk,BWBSvk/h,B6
1536,BECv10,BWBSvk,BWBSvk/h,B5
1537,BECv10,BWBSvk,BWBSvk/m,E4
1538,BECv10,BWBSvk,BWBSvk/m,E3
1539,BECv10,BWBSvk,BWBSvk/m,D4
1540,BECv10,BWBSvk,BWBSvk/m,D3
1541,BECv10,BWBSvk,BWBSvk/m,C4
1542,BECv10,BWBSvk,BWBSvk/m,C3
1543,BECv10,BWBSvk,BWBSvk/m,B4
1544,BECv10,BWBSvk,BWBSvk/m,B3
1545,BECv10,BWBSvk,BWBSvk/m,A4
1546,BECv10,BWBSvk,BWBSvk/m,A3
1547,BECv10,BWBSvk,BWBSvk/x,E2
1548,BECv10,BWBSvk,BWBSvk/x,E1
1549,BECv10,BWBSvk,BWBSvk/x,E0
1550,BECv10,BWBSvk,BWBSvk/x,D2
1551,BECv10,BWBSvk,BWBSvk/x,D1
1552,BECv10,BWBSvk,BWBSvk/x,D0
1553,BECv10,BWBSvk,BWBSvk/x,C2
1554,BECv10,BWBSvk,BWBSvk/x,C1
1555,BECv10,BWBSvk,BWBSvk/x,C0
1556,BECv10,BWBSvk,BWBSvk/x,B2
1557,BECv10,BWBSvk,BWBSvk/x,B1
1558,BECv10,BWBSvk,BWBSvk/x,B0
1559,BECv10,BWBSvk,BWBSvk/x,A2
1560,BECv10,BWBSvk,BWBSvk/x,A1
1561,BECv10,BWBSvk,BWBSvk/x,A0
1562,BECv10,BWBSwk1,BWBSwk1/101,C4
1563,BECv10,BWBSwk1,BWBSwk1/101,C3
1564,BECv10,BWBSwk1,BWBSwk1/101,B4
1565,BECv10,BWBSwk1,BWBSwk1/101,B3
1566,BECv10,BWBSwk1,BWBSwk1/102,C2
1567,BECv10,BWBSwk1,BWBSwk1/102,B2
1568,BECv10,BWBSwk1,BWBSwk1/102,B1
1569,BECv10,BWBSwk1,BWBSwk1/102,A2
1570,BECv10,BWBSwk1,BWBSwk1/102,A1
1571,BECv10,BWBSwk1,BWBSwk1/103,D3
1572,BECv10,BWBSwk1,BWBSwk1/103,C3
1573,BECv10,BWBSwk1,BWBSwk1/103,B3
1574,BECv10,BWBSwk1,BWBSwk1/104,B5
1575,BECv10,BWBSwk1,BWBSwk1/104,B4
1576,BECv10,BWBSwk1,BWBSwk1/104,B3
1577,BECv10,BWBSwk1,BWBSwk1/104,A5
1578,BECv10,BWBSwk1,BWBSwk1/104,A4
1579,BECv10,BWBSwk1,BWBSwk1/104,A3
1580,BECv10,BWBSwk1,BWBSwk1/110,D6
1581,BECv10,BWBSwk1,BWBSwk1/110,D5
1582,BECv10,BWBSwk1,BWBSwk1/110,D4
1583,BECv10,BWBSwk1,BWBSwk1/110,C6
1584,BECv10,BWBSwk1,BWBSwk1/110,C5
1585,BECv10,BWBSwk1,BWBSwk1/111,B6
1586,BECv10,BWBSwk1,BWBSwk1/111,B5
1587,BECv10,BWBSwk1,BWBSwk1/111,A6
1588,BECv10,BWBSwk1,BWBSwk1/111,A5
1589,Add_2021,BWBSwk1,BWBSwk1/Ro,A0
1590,Add_2021,BWBSwk1,BWBSwk1/Ro,B0
1591,BECv10,BWBSwk2,BWBSwk2/101,C4
1592,BECv10,BWBSwk2,BWBSwk2/101,C3
1593,BECv10,BWBSwk2,BWBSwk2/101,B4
1594,BECv10,BWBSwk2,BWBSwk2/101,B3
1595,BECv10,BWBSwk2,BWBSwk2/102,C2
1596,BECv10,BWBSwk2,BWBSwk2/102,C1
1597,BECv10,BWBSwk2,BWBSwk2/102,B2
1598,BECv10,BWBSwk2,BWBSwk2/102,B1
1599,BECv10,BWBSwk2,BWBSwk2/102,A2
1600,BECv10,BWBSwk2,BWBSwk2/102,A1
1601,BECv10,BWBSwk2,BWBSwk2/103,D3
1602,BECv10,BWBSwk2,BWBSwk2/103,C3
1603,BECv10,BWBSwk2,BWBSwk2/103,B3
1604,BECv10,BWBSwk2,BWBSwk2/104,B6
1605,BECv10,BWBSwk2,BWBSwk2/104,B5
1606,BECv10,BWBSwk2,BWBSwk2/104,B4
1607,BECv10,BWBSwk2,BWBSwk2/104,B3
1608,BECv10,BWBSwk2,BWBSwk2/104,A6
1609,BECv10,BWBSwk2,BWBSwk2/104,A5
1610,BECv10,BWBSwk2,BWBSwk2/104,A4
1611,BECv10,BWBSwk2,BWBSwk2/104,A3
1612,BECv10,BWBSwk2,BWBSwk2/110,D5
1613,BECv10,BWBSwk2,BWBSwk2/110,D4
1614,BECv10,BWBSwk2,BWBSwk2/110,C5
1615,BECv10,BWBSwk2,BWBSwk2/111,D6
1616,BECv10,BWBSwk2,BWBSwk2/111,D5
1617,BECv10,BWBSwk2,BWBSwk2/111,C6
1618,BECv10,BWBSwk2,BWBSwk2/Gg,E1
1619,BECv10,BWBSwk2,BWBSwk2/Gg,D1
1620,BECv10,BWBSwk2,BWBSwk2/Gg,D0
1621,Add_2021,BWBSwk2,BWBSwk2/Ro,A0
1622,Add_2021,BWBSwk2,BWBSwk2/Ro,B0
1623,BECv10,BWBSwk3,BWBSwk3/101,D4
1624,BECv10,BWBSwk3,BWBSwk3/101,C4
1625,BECv10,BWBSwk3,BWBSwk3/101,C3
1626,BECv10,BWBSwk3,BWBSwk3/102,C2
1627,BECv10,BWBSwk3,BWBSwk3/102,B2
1628,BECv10,BWBSwk3,BWBSwk3/102,B1
1629,BECv10,BWBSwk3,BWBSwk3/102,A2
1630,BECv10,BWBSwk3,BWBSwk3/102,A1
1631,BECv10,BWBSwk3,BWBSwk3/103,B5
1632,BECv10,BWBSwk3,BWBSwk3/103,B4
1633,BECv10,BWBSwk3,BWBSwk3/103,B3
1634,BECv10,BWBSwk3,BWBSwk3/103,A5
1635,BECv10,BWBSwk3,BWBSwk3/103,A4
1636,BECv10,BWBSwk3,BWBSwk3/103,A3
1637,BECv10,BWBSwk3,BWBSwk3/110,D6
1638,BECv10,BWBSwk3,BWBSwk3/110,D5
1639,BECv10,BWBSwk3,BWBSwk3/110,C6
1640,BECv10,BWBSwk3,BWBSwk3/110,C5
1641,BECv10,BWBSwk3,BWBSwk3/111,B6
1642,BECv10,BWBSwk3,BWBSwk3/111,A6
1643,Add_2021,BWBSwk3,BWBSwk3/Ro,A0
1644,Add_2021,BWBSwk3,BWBSwk3/Ro,B0
1645,USA_2019,CCHun_CA,CCHun_CA/101,D4
1646,USA_2019,CCHun_CA,CCHun_CA/101,D3
1647,USA_2019,CCHun_CA,CCHun_CA/101,C4
1648,USA_2019,CCHun_CA,CCHun_CA/101,C3
1649,USA_2019,CCHun_CA,CCHun_CA/101,B4
1650,USA_2019,CCHun_CA,CCHun_CA/101,B3
1651,USA_2019,CCHun_CA,CCHun_CA/110,E5
1652,USA_2019,CCHun_CA,CCHun_CA/110,D5
1653,USA_2019,CCHun_CA,CCHun_CA/110,C5
1654,USA_2019,CCHun_CA,CCHun_CA/110,B5
1655,USA_2019,CCHun_CA,CCHun_CA/111,E6
1656,USA_2019,CCHun_CA,CCHun_CA/111,D6
1657,USA_2019,CCHun_CA,CCHun_CA/111,C6
1658,USA_2019,CCHun_CA,CCHun_CA/111,B6
1659,USA_2019,CCHun_CA,CCHun_CA/Gs,D2
1660,USA_2019,CCHun_CA,CCHun_CA/Gs,D1
1661,USA_2019,CCHun_CA,CCHun_CA/Gs,C2
1662,USA_2019,CCHun_CA,CCHun_CA/Gs,C1
1663,USA_2019,CCHun_CA,CCHun_CA/Gs,B2
1664,USA_2019,CCHun_CA,CCHun_CA/Gs,B1
1665,USA_2019,CCHun_CA,CCHun_CA/Gs,A2
1666,USA_2019,CCHun_CA,CCHun_CA/Gs,A1
1667,Add_2021,CCHun_CA,CCHun_CA/Ro,A0
1668,Add_2021,CCHun_CA,CCHun_CA/Ro,B0
1669,BECv13,CDFmm,CDFmm/101,A3
1670,BECv13,CDFmm,CDFmm/101,A4
1671,BECv13,CDFmm,CDFmm/101,B4
1672,BECv13,CDFmm,CDFmm/101,B3
1673,BECv13,CDFmm,CDFmm/101,C3
1674,BECv13,CDFmm,CDFmm/101,C4
1675,BECv13,CDFmm,CDFmm/102,A0
1676,BECv13,CDFmm,CDFmm/102,B0
1677,BECv13,CDFmm,CDFmm/102,A1
1678,BECv13,CDFmm,CDFmm/102,B1
1679,BECv13,CDFmm,CDFmm/102.1,A0
1680,BECv13,CDFmm,CDFmm/102.1,B0
1681,BECv13,CDFmm,CDFmm/102.1,A1
1682,BECv13,CDFmm,CDFmm/102.1,B1
1683,BECv13,CDFmm,CDFmm/102.2,A0
1684,BECv13,CDFmm,CDFmm/102.2,B0
1685,BECv13,CDFmm,CDFmm/102.2,A1
1686,BECv13,CDFmm,CDFmm/102.2,B1
1687,BECv13,CDFmm,CDFmm/103,C0
1688,BECv13,CDFmm,CDFmm/103,D0
1689,BECv13,CDFmm,CDFmm/103,E0
1690,BECv13,CDFmm,CDFmm/103,C1
1691,BECv13,CDFmm,CDFmm/103,D1
1692,BECv13,CDFmm,CDFmm/103,E1
1693,BECv13,CDFmm,CDFmm/104,A1
1694,BECv13,CDFmm,CDFmm/104,B1
1695,BECv13,CDFmm,CDFmm/104,A2
1696,BECv13,CDFmm,CDFmm/104,B2
1697,BECv13,CDFmm,CDFmm/105,C1
1698,BECv13,CDFmm,CDFmm/105,D1
1699,BECv13,CDFmm,CDFmm/105,C2
1700,BECv13,CDFmm,CDFmm/105,D2
1701,BECv13,CDFmm,CDFmm/106,D1
1702,BECv13,CDFmm,CDFmm/106,E1
1703,BECv13,CDFmm,CDFmm/106,D2
1704,BECv13,CDFmm,CDFmm/106,E2
1705,BECv13,CDFmm,CDFmm/110,D3
1706,BECv13,CDFmm,CDFmm/110,E3
1707,BECv13,CDFmm,CDFmm/110,D4
1708,BECv13,CDFmm,CDFmm/110,E4
1709,BECv13,CDFmm,CDFmm/111,A5
1710,BECv13,CDFmm,CDFmm/111,B5
1711,BECv13,CDFmm,CDFmm/111,C5
1712,BECv13,CDFmm,CDFmm/111,A6
1713,BECv13,CDFmm,CDFmm/111,B6
1714,BECv13,CDFmm,CDFmm/111,C6
1715,BECv13,CDFmm,CDFmm/112,D5
1716,BECv13,CDFmm,CDFmm/112,D6
1717,BECv13,CDFmm,CDFmm/112,E5
1718,BECv13,CDFmm,CDFmm/112,E6
1719,BECv13,CDFmm,CDFmm/112a,D5
1720,BECv13,CDFmm,CDFmm/112a,E5
1721,BECv13,CDFmm,CDFmm/112a,D6
1722,BECv13,CDFmm,CDFmm/112a,E6
1723,BECv13,CDFmm,CDFmm/112b,D5
1724,BECv13,CDFmm,CDFmm/112b,E5
1725,BECv13,CDFmm,CDFmm/112b,D6
1726,BECv13,CDFmm,CDFmm/112b,E6
1727,BECv13,CDFmm,CDFmm/Fl51,D5
1728,BECv13,CDFmm,CDFmm/Fl51,E5
1729,BECv13,CDFmm,CDFmm/Fl51,D6
1730,BECv13,CDFmm,CDFmm/Fl51,E6
1731,BECv13,CDFmm,CDFmm/Fm51,D5
1732,BECv13,CDFmm,CDFmm/Fm51,D6
1733,BECv13,CDFmm,CDFmm/Fm51,E5
1734,BECv13,CDFmm,CDFmm/Fm51,E6
1735,BECv13,CDFmm,CDFmm/Fm52,D5
1736,BECv13,CDFmm,CDFmm/Fm52,D6
1737,BECv13,CDFmm,CDFmm/Fm52,E5
1738,BECv13,CDFmm,CDFmm/Fm52,E6
1739,BECv13,CDFmm,CDFmm/Gg,C0
1740,BECv13,CDFmm,CDFmm/Gg,D0
1741,BECv13,CDFmm,CDFmm/Gg,E0
1742,BECv13,CDFmm,CDFmm/Ro,A0
1743,BECv13,CDFmm,CDFmm/Ro,B0
1744,BECv13,CDFmm,CDFmm/Wb55,A7
1745,BECv13,CDFmm,CDFmm/Wb55,B7
1746,BECv13,CDFmm,CDFmm/Wf,C7
1747,BECv13,CDFmm,CDFmm/Wf,D7
1748,BECv13,CDFmm,CDFmm/Wf,E7
1749,BECv13,CDFmm,CDFmm/Wm,C7
1750,BECv13,CDFmm,CDFmm/Wm,D7
1751,BECv13,CDFmm,CDFmm/Wm,E7
1752,BECv13,CDFmm,CDFmm/Ws53,C7
1753,BECv13,CDFmm,CDFmm/Ws53,D7
1754,BECv13,CDFmm,CDFmm/Ws53,E7
1755,BECv13,CDFmm,CDFmm/Ws61,C7
1756,BECv13,CDFmm,CDFmm/Ws61,D7
1757,BECv13,CDFmm,CDFmm/Ws61,E7
1758,BECv13,CDFmm,CDFmm/Ws62,C7
1759,BECv13,CDFmm,CDFmm/Ws62,D7
1760,BECv13,CDFmm,CDFmm/Ws62,E7
1761,USA_2019,CDFmm_OR,CDFmm_OR/101,D4
1762,USA_2019,CDFmm_OR,CDFmm_OR/101,D3
1763,USA_2019,CDFmm_OR,CDFmm_OR/101,C4
1764,USA_2019,CDFmm_OR,CDFmm_OR/101,C3
1765,USA_2019,CDFmm_OR,CDFmm_OR/101,B4
1766,USA_2019,CDFmm_OR,CDFmm_OR/101,B3
1767,USA_2019,CDFmm_OR,CDFmm_OR/102,D1
1768,USA_2019,CDFmm_OR,CDFmm_OR/102,C1
1769,USA_2019,CDFmm_OR,CDFmm_OR/102,B1
1770,USA_2019,CDFmm_OR,CDFmm_OR/102,A1
1771,USA_2019,CDFmm_OR,CDFmm_OR/103,D2
1772,USA_2019,CDFmm_OR,CDFmm_OR/103,C2
1773,USA_2019,CDFmm_OR,CDFmm_OR/103,B2
1774,USA_2019,CDFmm_OR,CDFmm_OR/103,A2
1775,USA_2019,CDFmm_OR,CDFmm_OR/110,C5
1776,USA_2019,CDFmm_OR,CDFmm_OR/110,B5
1777,USA_2019,CDFmm_OR,CDFmm_OR/111,C6
1778,USA_2019,CDFmm_OR,CDFmm_OR/111,B6
1779,USA_2019,CDFmm_OR,CDFmm_OR/112,E5
1780,USA_2019,CDFmm_OR,CDFmm_OR/112,D5
1781,USA_2019,CDFmm_OR,CDFmm_OR/113,E6
1782,USA_2019,CDFmm_OR,CDFmm_OR/113,D6
1783,Add_2021,CDFmm_OR,CDFmm_OR/Ro,A0
1784,Add_2021,CDFmm_OR,CDFmm_OR/Ro,B0
1785,USA_2019,CDFmm_WA,CDFmm_WA/101,D4
1786,USA_2019,CDFmm_WA,CDFmm_WA/101,D3
1787,USA_2019,CDFmm_WA,CDFmm_WA/101,C4
1788,USA_2019,CDFmm_WA,CDFmm_WA/101,C3
1789,USA_2019,CDFmm_WA,CDFmm_WA/101,B4
1790,USA_2019,CDFmm_WA,CDFmm_WA/101,B3
1791,USA_2019,CDFmm_WA,CDFmm_WA/102,D1
1792,USA_2019,CDFmm_WA,CDFmm_WA/102,C1
1793,USA_2019,CDFmm_WA,CDFmm_WA/102,B1
1794,USA_2019,CDFmm_WA,CDFmm_WA/102,A1
1795,USA_2019,CDFmm_WA,CDFmm_WA/103,D2
1796,USA_2019,CDFmm_WA,CDFmm_WA/103,C2
1797,USA_2019,CDFmm_WA,CDFmm_WA/103,B2
1798,USA_2019,CDFmm_WA,CDFmm_WA/103,A2
1799,USA_2019,CDFmm_WA,CDFmm_WA/110,C5
1800,USA_2019,CDFmm_WA,CDFmm_WA/110,B5
1801,USA_2019,CDFmm_WA,CDFmm_WA/111,C6
1802,USA_2019,CDFmm_WA,CDFmm_WA/111,B6
1803,USA_2019,CDFmm_WA,CDFmm_WA/112,E5
1804,USA_2019,CDFmm_WA,CDFmm_WA/112,D5
1805,USA_2019,CDFmm_WA,CDFmm_WA/113,E6
1806,USA_2019,CDFmm_WA,CDFmm_WA/113,D6
1807,Add_2021,CDFmm_WA,CDFmm_WA/Ro,A0
1808,Add_2021,CDFmm_WA,CDFmm_WA/Ro,B0
1809,USA_2019,CDFxm_CA,CDFxm_CA/101,D4
1810,USA_2019,CDFxm_CA,CDFxm_CA/101,D3
1811,USA_2019,CDFxm_CA,CDFxm_CA/101,C4
1812,USA_2019,CDFxm_CA,CDFxm_CA/101,C3
1813,USA_2019,CDFxm_CA,CDFxm_CA/101,B4
1814,USA_2019,CDFxm_CA,CDFxm_CA/101,B3
1815,USA_2019,CDFxm_CA,CDFxm_CA/102,D1
1816,USA_2019,CDFxm_CA,CDFxm_CA/102,C1
1817,USA_2019,CDFxm_CA,CDFxm_CA/102,B1
1818,USA_2019,CDFxm_CA,CDFxm_CA/102,A1
1819,USA_2019,CDFxm_CA,CDFxm_CA/103,D2
1820,USA_2019,CDFxm_CA,CDFxm_CA/103,C2
1821,USA_2019,CDFxm_CA,CDFxm_CA/103,B2
1822,USA_2019,CDFxm_CA,CDFxm_CA/103,A2
1823,USA_2019,CDFxm_CA,CDFxm_CA/110,C5
1824,USA_2019,CDFxm_CA,CDFxm_CA/110,B5
1825,USA_2019,CDFxm_CA,CDFxm_CA/111,C6
1826,USA_2019,CDFxm_CA,CDFxm_CA/111,B6
1827,USA_2019,CDFxm_CA,CDFxm_CA/112,E5
1828,USA_2019,CDFxm_CA,CDFxm_CA/112,D5
1829,USA_2019,CDFxm_CA,CDFxm_CA/113,E6
1830,USA_2019,CDFxm_CA,CDFxm_CA/113,D6
1831,Add_2021,CDFxm_CA,CDFxm_CA/Ro,A0
1832,Add_2021,CDFxm_CA,CDFxm_CA/Ro,B0
1833,BECv10,CMAun,CMAun/00,E7
1834,BECv10,CMAun,CMAun/00,E6
1835,BECv10,CMAun,CMAun/00,E5
1836,BECv10,CMAun,CMAun/00,E4
1837,BECv10,CMAun,CMAun/00,E3
1838,BECv10,CMAun,CMAun/00,E2
1839,BECv10,CMAun,CMAun/00,E1
1840,BECv10,CMAun,CMAun/00,E0
1841,BECv10,CMAun,CMAun/00,D7
1842,BECv10,CMAun,CMAun/00,D6
1843,BECv10,CMAun,CMAun/00,D5
1844,BECv10,CMAun,CMAun/00,D4
1845,BECv10,CMAun,CMAun/00,D3
1846,BECv10,CMAun,CMAun/00,D2
1847,BECv10,CMAun,CMAun/00,D1
1848,BECv10,CMAun,CMAun/00,D0
1849,BECv10,CMAun,CMAun/00,C7
1850,BECv10,CMAun,CMAun/00,C6
1851,BECv10,CMAun,CMAun/00,C5
1852,BECv10,CMAun,CMAun/00,C4
1853,BECv10,CMAun,CMAun/00,C3
1854,BECv10,CMAun,CMAun/00,C2
1855,BECv10,CMAun,CMAun/00,C1
1856,BECv10,CMAun,CMAun/00,C0
1857,BECv10,CMAun,CMAun/00,B7
1858,BECv10,CMAun,CMAun/00,B6
1859,BECv10,CMAun,CMAun/00,B5
1860,BECv10,CMAun,CMAun/00,B4
1861,BECv10,CMAun,CMAun/00,B3
1862,BECv10,CMAun,CMAun/00,B2
1863,BECv10,CMAun,CMAun/00,B1
1864,BECv10,CMAun,CMAun/00,B0
1865,BECv10,CMAun,CMAun/00,A7
1866,BECv10,CMAun,CMAun/00,A6
1867,BECv10,CMAun,CMAun/00,A5
1868,BECv10,CMAun,CMAun/00,A4
1869,BECv10,CMAun,CMAun/00,A3
1870,BECv10,CMAun,CMAun/00,A2
1871,BECv10,CMAun,CMAun/00,A1
1872,BECv10,CMAun,CMAun/00,A0
1873,USA_2019,CMAun_CA,CMAun_CA/00,E7
1874,USA_2019,CMAun_CA,CMAun_CA/00,E6
1875,USA_2019,CMAun_CA,CMAun_CA/00,E5
1876,USA_2019,CMAun_CA,CMAun_CA/00,E4
1877,USA_2019,CMAun_CA,CMAun_CA/00,E3
1878,USA_2019,CMAun_CA,CMAun_CA/00,E2
1879,USA_2019,CMAun_CA,CMAun_CA/00,E1
1880,USA_2019,CMAun_CA,CMAun_CA/00,E0
1881,USA_2019,CMAun_CA,CMAun_CA/00,D7
1882,USA_2019,CMAun_CA,CMAun_CA/00,D6
1883,USA_2019,CMAun_CA,CMAun_CA/00,D5
1884,USA_2019,CMAun_CA,CMAun_CA/00,D4
1885,USA_2019,CMAun_CA,CMAun_CA/00,D3
1886,USA_2019,CMAun_CA,CMAun_CA/00,D2
1887,USA_2019,CMAun_CA,CMAun_CA/00,D1
1888,USA_2019,CMAun_CA,CMAun_CA/00,D0
1889,USA_2019,CMAun_CA,CMAun_CA/00,C7
1890,USA_2019,CMAun_CA,CMAun_CA/00,C6
1891,USA_2019,CMAun_CA,CMAun_CA/00,C5
1892,USA_2019,CMAun_CA,CMAun_CA/00,C4
1893,USA_2019,CMAun_CA,CMAun_CA/00,C3
1894,USA_2019,CMAun_CA,CMAun_CA/00,C2
1895,USA_2019,CMAun_CA,CMAun_CA/00,C1
1896,USA_2019,CMAun_CA,CMAun_CA/00,C0
1897,USA_2019,CMAun_CA,CMAun_CA/00,B7
1898,USA_2019,CMAun_CA,CMAun_CA/00,B6
1899,USA_2019,CMAun_CA,CMAun_CA/00,B5
1900,USA_2019,CMAun_CA,CMAun_CA/00,B4
1901,USA_2019,CMAun_CA,CMAun_CA/00,B3
1902,USA_2019,CMAun_CA,CMAun_CA/00,B2
1903,USA_2019,CMAun_CA,CMAun_CA/00,B1
1904,USA_2019,CMAun_CA,CMAun_CA/00,B0
1905,USA_2019,CMAun_CA,CMAun_CA/00,A7
1906,USA_2019,CMAun_CA,CMAun_CA/00,A6
1907,USA_2019,CMAun_CA,CMAun_CA/00,A5
1908,USA_2019,CMAun_CA,CMAun_CA/00,A4
1909,USA_2019,CMAun_CA,CMAun_CA/00,A3
1910,USA_2019,CMAun_CA,CMAun_CA/00,A2
1911,USA_2019,CMAun_CA,CMAun_CA/00,A1
1912,USA_2019,CMAun_CA,CMAun_CA/00,A0
1913,USA_2019,CMAun_OR,CMAun_OR/00,E7
1914,USA_2019,CMAun_OR,CMAun_OR/00,E6
1915,USA_2019,CMAun_OR,CMAun_OR/00,E5
1916,USA_2019,CMAun_OR,CMAun_OR/00,E4
1917,USA_2019,CMAun_OR,CMAun_OR/00,E3
1918,USA_2019,CMAun_OR,CMAun_OR/00,E2
1919,USA_2019,CMAun_OR,CMAun_OR/00,E1
1920,USA_2019,CMAun_OR,CMAun_OR/00,E0
1921,USA_2019,CMAun_OR,CMAun_OR/00,D7
1922,USA_2019,CMAun_OR,CMAun_OR/00,D6
1923,USA_2019,CMAun_OR,CMAun_OR/00,D5
1924,USA_2019,CMAun_OR,CMAun_OR/00,D4
1925,USA_2019,CMAun_OR,CMAun_OR/00,D3
1926,USA_2019,CMAun_OR,CMAun_OR/00,D2
1927,USA_2019,CMAun_OR,CMAun_OR/00,D1
1928,USA_2019,CMAun_OR,CMAun_OR/00,D0
1929,USA_2019,CMAun_OR,CMAun_OR/00,C7
1930,USA_2019,CMAun_OR,CMAun_OR/00,C6
1931,USA_2019,CMAun_OR,CMAun_OR/00,C5
1932,USA_2019,CMAun_OR,CMAun_OR/00,C4
1933,USA_2019,CMAun_OR,CMAun_OR/00,C3
1934,USA_2019,CMAun_OR,CMAun_OR/00,C2
1935,USA_2019,CMAun_OR,CMAun_OR/00,C1
1936,USA_2019,CMAun_OR,CMAun_OR/00,C0
1937,USA_2019,CMAun_OR,CMAun_OR/00,B7
1938,USA_2019,CMAun_OR,CMAun_OR/00,B6
1939,USA_2019,CMAun_OR,CMAun_OR/00,B5
1940,USA_2019,CMAun_OR,CMAun_OR/00,B4
1941,USA_2019,CMAun_OR,CMAun_OR/00,B3
1942,USA_2019,CMAun_OR,CMAun_OR/00,B2
1943,USA_2019,CMAun_OR,CMAun_OR/00,B1
1944,USA_2019,CMAun_OR,CMAun_OR/00,B0
1945,USA_2019,CMAun_OR,CMAun_OR/00,A7
1946,USA_2019,CMAun_OR,CMAun_OR/00,A6
1947,USA_2019,CMAun_OR,CMAun_OR/00,A5
1948,USA_2019,CMAun_OR,CMAun_OR/00,A4
1949,USA_2019,CMAun_OR,CMAun_OR/00,A3
1950,USA_2019,CMAun_OR,CMAun_OR/00,A2
1951,USA_2019,CMAun_OR,CMAun_OR/00,A1
1952,USA_2019,CMAun_OR,CMAun_OR/00,A0
1953,USA_2019,CMAun_WA,CMAun_WA/00,E7
1954,USA_2019,CMAun_WA,CMAun_WA/00,E6
1955,USA_2019,CMAun_WA,CMAun_WA/00,E5
1956,USA_2019,CMAun_WA,CMAun_WA/00,E4
1957,USA_2019,CMAun_WA,CMAun_WA/00,E3
1958,USA_2019,CMAun_WA,CMAun_WA/00,E2
1959,USA_2019,CMAun_WA,CMAun_WA/00,E1
1960,USA_2019,CMAun_WA,CMAun_WA/00,E0
1961,USA_2019,CMAun_WA,CMAun_WA/00,D7
1962,USA_2019,CMAun_WA,CMAun_WA/00,D6
1963,USA_2019,CMAun_WA,CMAun_WA/00,D5
1964,USA_2019,CMAun_WA,CMAun_WA/00,D4
1965,USA_2019,CMAun_WA,CMAun_WA/00,D3
1966,USA_2019,CMAun_WA,CMAun_WA/00,D2
1967,USA_2019,CMAun_WA,CMAun_WA/00,D1
1968,USA_2019,CMAun_WA,CMAun_WA/00,D0
1969,USA_2019,CMAun_WA,CMAun_WA/00,C7
1970,USA_2019,CMAun_WA,CMAun_WA/00,C6
1971,USA_2019,CMAun_WA,CMAun_WA/00,C5
1972,USA_2019,CMAun_WA,CMAun_WA/00,C4
1973,USA_2019,CMAun_WA,CMAun_WA/00,C3
1974,USA_2019,CMAun_WA,CMAun_WA/00,C2
1975,USA_2019,CMAun_WA,CMAun_WA/00,C1
1976,USA_2019,CMAun_WA,CMAun_WA/00,C0
1977,USA_2019,CMAun_WA,CMAun_WA/00,B7
1978,USA_2019,CMAun_WA,CMAun_WA/00,B6
1979,USA_2019,CMAun_WA,CMAun_WA/00,B5
1980,USA_2019,CMAun_WA,CMAun_WA/00,B4
1981,USA_2019,CMAun_WA,CMAun_WA/00,B3
1982,USA_2019,CMAun_WA,CMAun_WA/00,B2
1983,USA_2019,CMAun_WA,CMAun_WA/00,B1
1984,USA_2019,CMAun_WA,CMAun_WA/00,B0
1985,USA_2019,CMAun_WA,CMAun_WA/00,A7
1986,USA_2019,CMAun_WA,CMAun_WA/00,A6
1987,USA_2019,CMAun_WA,CMAun_WA/00,A5
1988,USA_2019,CMAun_WA,CMAun_WA/00,A4
1989,USA_2019,CMAun_WA,CMAun_WA/00,A3
1990,USA_2019,CMAun_WA,CMAun_WA/00,A2
1991,USA_2019,CMAun_WA,CMAun_WA/00,A1
1992,USA_2019,CMAun_WA,CMAun_WA/00,A0
1993,BECv10,CMAunp,CMAunp/00,E7
1994,BECv10,CMAunp,CMAunp/00,E6
1995,BECv10,CMAunp,CMAunp/00,E5
1996,BECv10,CMAunp,CMAunp/00,E4
1997,BECv10,CMAunp,CMAunp/00,E3
1998,BECv10,CMAunp,CMAunp/00,E2
1999,BECv10,CMAunp,CMAunp/00,E1
2000,BECv10,CMAunp,CMAunp/00,E0
2001,BECv10,CMAunp,CMAunp/00,D7
2002,BECv10,CMAunp,CMAunp/00,D6
2003,BECv10,CMAunp,CMAunp/00,D5
2004,BECv10,CMAunp,CMAunp/00,D4
2005,BECv10,CMAunp,CMAunp/00,D3
2006,BECv10,CMAunp,CMAunp/00,D2
2007,BECv10,CMAunp,CMAunp/00,D1
2008,BECv10,CMAunp,CMAunp/00,D0
2009,BECv10,CMAunp,CMAunp/00,C7
2010,BECv10,CMAunp,CMAunp/00,C6
2011,BECv10,CMAunp,CMAunp/00,C5
2012,BECv10,CMAunp,CMAunp/00,C4
2013,BECv10,CMAunp,CMAunp/00,C3
2014,BECv10,CMAunp,CMAunp/00,C2
2015,BECv10,CMAunp,CMAunp/00,C1
2016,BECv10,CMAunp,CMAunp/00,C0
2017,BECv10,CMAunp,CMAunp/00,B7
2018,BECv10,CMAunp,CMAunp/00,B6
2019,BECv10,CMAunp,CMAunp/00,B5
2020,BECv10,CMAunp,CMAunp/00,B4
2021,BECv10,CMAunp,CMAunp/00,B3
2022,BECv10,CMAunp,CMAunp/00,B2
2023,BECv10,CMAunp,CMAunp/00,B1
2024,BECv10,CMAunp,CMAunp/00,B0
2025,BECv10,CMAunp,CMAunp/00,A7
2026,BECv10,CMAunp,CMAunp/00,A6
2027,BECv10,CMAunp,CMAunp/00,A5
2028,BECv10,CMAunp,CMAunp/00,A4
2029,BECv10,CMAunp,CMAunp/00,A3
2030,BECv10,CMAunp,CMAunp/00,A2
2031,BECv10,CMAunp,CMAunp/00,A1
2032,BECv10,CMAunp,CMAunp/00,A0
2033,BECv10,CMAwh,CMAwh/00,E7
2034,BECv10,CMAwh,CMAwh/00,E6
2035,BECv10,CMAwh,CMAwh/00,E5
2036,BECv10,CMAwh,CMAwh/00,E4
2037,BECv10,CMAwh,CMAwh/00,E3
2038,BECv10,CMAwh,CMAwh/00,E2
2039,BECv10,CMAwh,CMAwh/00,E1
2040,BECv10,CMAwh,CMAwh/00,E0
2041,BECv10,CMAwh,CMAwh/00,D7
2042,BECv10,CMAwh,CMAwh/00,D6
2043,BECv10,CMAwh,CMAwh/00,D5
2044,BECv10,CMAwh,CMAwh/00,D4
2045,BECv10,CMAwh,CMAwh/00,D3
2046,BECv10,CMAwh,CMAwh/00,D2
2047,BECv10,CMAwh,CMAwh/00,D1
2048,BECv10,CMAwh,CMAwh/00,D0
2049,BECv10,CMAwh,CMAwh/00,C7
2050,BECv10,CMAwh,CMAwh/00,C6
2051,BECv10,CMAwh,CMAwh/00,C5
2052,BECv10,CMAwh,CMAwh/00,C4
2053,BECv10,CMAwh,CMAwh/00,C3
2054,BECv10,CMAwh,CMAwh/00,C2
2055,BECv10,CMAwh,CMAwh/00,C1
2056,BECv10,CMAwh,CMAwh/00,C0
2057,BECv10,CMAwh,CMAwh/00,B7
2058,BECv10,CMAwh,CMAwh/00,B6
2059,BECv10,CMAwh,CMAwh/00,B5
2060,BECv10,CMAwh,CMAwh/00,B4
2061,BECv10,CMAwh,CMAwh/00,B3
2062,BECv10,CMAwh,CMAwh/00,B2
2063,BECv10,CMAwh,CMAwh/00,B1
2064,BECv10,CMAwh,CMAwh/00,B0
2065,BECv10,CMAwh,CMAwh/00,A7
2066,BECv10,CMAwh,CMAwh/00,A6
2067,BECv10,CMAwh,CMAwh/00,A5
2068,BECv10,CMAwh,CMAwh/00,A4
2069,BECv10,CMAwh,CMAwh/00,A3
2070,BECv10,CMAwh,CMAwh/00,A2
2071,BECv10,CMAwh,CMAwh/00,A1
2072,BECv10,CMAwh,CMAwh/00,A0
2073,USA_2019,CMXdm_OR,CMXdm_OR/101,D4
2074,USA_2019,CMXdm_OR,CMXdm_OR/101,D3
2075,USA_2019,CMXdm_OR,CMXdm_OR/101,C4
2076,USA_2019,CMXdm_OR,CMXdm_OR/101,C3
2077,USA_2019,CMXdm_OR,CMXdm_OR/101,B4
2078,USA_2019,CMXdm_OR,CMXdm_OR/101,B3
2079,USA_2019,CMXdm_OR,CMXdm_OR/102,D1
2080,USA_2019,CMXdm_OR,CMXdm_OR/102,C1
2081,USA_2019,CMXdm_OR,CMXdm_OR/102,B1
2082,USA_2019,CMXdm_OR,CMXdm_OR/102,A1
2083,USA_2019,CMXdm_OR,CMXdm_OR/103,D2
2084,USA_2019,CMXdm_OR,CMXdm_OR/103,C2
2085,USA_2019,CMXdm_OR,CMXdm_OR/103,B2
2086,USA_2019,CMXdm_OR,CMXdm_OR/103,A2
2087,USA_2019,CMXdm_OR,CMXdm_OR/110,C5
2088,USA_2019,CMXdm_OR,CMXdm_OR/110,B5
2089,USA_2019,CMXdm_OR,CMXdm_OR/111,C6
2090,USA_2019,CMXdm_OR,CMXdm_OR/111,B6
2091,USA_2019,CMXdm_OR,CMXdm_OR/112,E5
2092,USA_2019,CMXdm_OR,CMXdm_OR/112,D5
2093,USA_2019,CMXdm_OR,CMXdm_OR/113,E6
2094,USA_2019,CMXdm_OR,CMXdm_OR/113,D6
2095,Add_2021,CMXdm_OR,CMXdm_OR/Ro,A0
2096,Add_2021,CMXdm_OR,CMXdm_OR/Ro,B0
2097,USA_2023,CMXmm_OR,CMXmm_OR/101,D4
2098,USA_2023,CMXmm_OR,CMXmm_OR/101,D3
2099,USA_2023,CMXmm_OR,CMXmm_OR/101,C4
2100,USA_2023,CMXmm_OR,CMXmm_OR/101,C3
2101,USA_2023,CMXmm_OR,CMXmm_OR/101,B4
2102,USA_2023,CMXmm_OR,CMXmm_OR/101,B3
2103,USA_2023,CMXmm_OR,CMXmm_OR/102,D1
2104,USA_2023,CMXmm_OR,CMXmm_OR/102,C1
2105,USA_2023,CMXmm_OR,CMXmm_OR/102,B1
2106,USA_2023,CMXmm_OR,CMXmm_OR/102,A1
2107,USA_2023,CMXmm_OR,CMXmm_OR/103,D2
2108,USA_2023,CMXmm_OR,CMXmm_OR/103,C2
2109,USA_2023,CMXmm_OR,CMXmm_OR/103,B2
2110,USA_2023,CMXmm_OR,CMXmm_OR/103,A2
2111,USA_2023,CMXmm_OR,CMXmm_OR/110,C5
2112,USA_2023,CMXmm_OR,CMXmm_OR/110,B5
2113,USA_2023,CMXmm_OR,CMXmm_OR/111,C6
2114,USA_2023,CMXmm_OR,CMXmm_OR/111,B6
2115,USA_2023,CMXmm_OR,CMXmm_OR/112,E5
2116,USA_2023,CMXmm_OR,CMXmm_OR/112,D5
2117,USA_2023,CMXmm_OR,CMXmm_OR/113,E6
2118,USA_2023,CMXmm_OR,CMXmm_OR/113,D6
2119,USA_2023,CMXmm_OR,CMXmm_OR/Ro,A0
2120,USA_2023,CMXmm_OR,CMXmm_OR/Ro,B0
2121,USA_2019,CMXwm_OR,CMXwm_OR/101,D4
2122,USA_2019,CMXwm_OR,CMXwm_OR/101,D3
2123,USA_2019,CMXwm_OR,CMXwm_OR/101,C4
2124,USA_2019,CMXwm_OR,CMXwm_OR/101,C3
2125,USA_2019,CMXwm_OR,CMXwm_OR/101,B4
2126,USA_2019,CMXwm_OR,CMXwm_OR/101,B3
2127,USA_2019,CMXwm_OR,CMXwm_OR/102,D1
2128,USA_2019,CMXwm_OR,CMXwm_OR/102,C1
2129,USA_2019,CMXwm_OR,CMXwm_OR/102,B1
2130,USA_2019,CMXwm_OR,CMXwm_OR/102,A1
2131,USA_2019,CMXwm_OR,CMXwm_OR/103,D2
2132,USA_2019,CMXwm_OR,CMXwm_OR/103,C2
2133,USA_2019,CMXwm_OR,CMXwm_OR/103,B2
2134,USA_2019,CMXwm_OR,CMXwm_OR/103,A2
2135,USA_2019,CMXwm_OR,CMXwm_OR/110,C5
2136,USA_2019,CMXwm_OR,CMXwm_OR/110,B5
2137,USA_2019,CMXwm_OR,CMXwm_OR/111,C6
2138,USA_2019,CMXwm_OR,CMXwm_OR/111,B6
2139,USA_2019,CMXwm_OR,CMXwm_OR/112,E5
2140,USA_2019,CMXwm_OR,CMXwm_OR/112,D5
2141,USA_2019,CMXwm_OR,CMXwm_OR/113,E6
2142,USA_2019,CMXwm_OR,CMXwm_OR/113,D6
2143,Add_2021,CMXwm_OR,CMXwm_OR/Ro,A0
2144,Add_2021,CMXwm_OR,CMXwm_OR/Ro,B0
2145,USA_2019,CMXxm_CA,CMXxm_CA/101,D4
2146,USA_2019,CMXxm_CA,CMXxm_CA/101,D3
2147,USA_2019,CMXxm_CA,CMXxm_CA/101,C4
2148,USA_2019,CMXxm_CA,CMXxm_CA/101,C3
2149,USA_2019,CMXxm_CA,CMXxm_CA/101,B4
2150,USA_2019,CMXxm_CA,CMXxm_CA/101,B3
2151,USA_2019,CMXxm_CA,CMXxm_CA/102,D1
2152,USA_2019,CMXxm_CA,CMXxm_CA/102,C1
2153,USA_2019,CMXxm_CA,CMXxm_CA/102,B1
2154,USA_2019,CMXxm_CA,CMXxm_CA/102,A1
2155,USA_2019,CMXxm_CA,CMXxm_CA/103,D2
2156,USA_2019,CMXxm_CA,CMXxm_CA/103,C2
2157,USA_2019,CMXxm_CA,CMXxm_CA/103,B2
2158,USA_2019,CMXxm_CA,CMXxm_CA/103,A2
2159,USA_2019,CMXxm_CA,CMXxm_CA/110,C5
2160,USA_2019,CMXxm_CA,CMXxm_CA/110,B5
2161,USA_2019,CMXxm_CA,CMXxm_CA/111,C6
2162,USA_2019,CMXxm_CA,CMXxm_CA/111,B6
2163,USA_2019,CMXxm_CA,CMXxm_CA/112,E5
2164,USA_2019,CMXxm_CA,CMXxm_CA/112,D5
2165,USA_2019,CMXxm_CA,CMXxm_CA/113,E6
2166,USA_2019,CMXxm_CA,CMXxm_CA/113,D6
2167,Add_2021,CMXxm_CA,CMXxm_CA/Ro,A0
2168,Add_2021,CMXxm_CA,CMXxm_CA/Ro,B0
2169,USA_2019,CRFdh_CA,CRFdh_CA/101,D4
2170,USA_2019,CRFdh_CA,CRFdh_CA/101,D3
2171,USA_2019,CRFdh_CA,CRFdh_CA/101,C4
2172,USA_2019,CRFdh_CA,CRFdh_CA/101,C3
2173,USA_2019,CRFdh_CA,CRFdh_CA/101,B4
2174,USA_2019,CRFdh_CA,CRFdh_CA/101,B3
2175,USA_2019,CRFdh_CA,CRFdh_CA/102,D1
2176,USA_2019,CRFdh_CA,CRFdh_CA/102,C1
2177,USA_2019,CRFdh_CA,CRFdh_CA/102,B1
2178,USA_2019,CRFdh_CA,CRFdh_CA/102,A1
2179,USA_2019,CRFdh_CA,CRFdh_CA/103,D2
2180,USA_2019,CRFdh_CA,CRFdh_CA/103,C2
2181,USA_2019,CRFdh_CA,CRFdh_CA/103,B2
2182,USA_2019,CRFdh_CA,CRFdh_CA/103,A2
2183,USA_2019,CRFdh_CA,CRFdh_CA/110,E5
2184,USA_2019,CRFdh_CA,CRFdh_CA/110,D5
2185,USA_2019,CRFdh_CA,CRFdh_CA/110,C5
2186,USA_2019,CRFdh_CA,CRFdh_CA/110,B5
2187,USA_2019,CRFdh_CA,CRFdh_CA/111,E6
2188,USA_2019,CRFdh_CA,CRFdh_CA/111,D6
2189,USA_2019,CRFdh_CA,CRFdh_CA/111,C6
2190,USA_2019,CRFdh_CA,CRFdh_CA/111,B6
2191,Add_2021,CRFdh_CA,CRFdh_CA/Ro,A0
2192,Add_2021,CRFdh_CA,CRFdh_CA/Ro,B0
2193,USA_2019,CVGdm_CA,CVGdm_CA/110,E5
2194,USA_2019,CVGdm_CA,CVGdm_CA/110,D5
2195,USA_2019,CVGdm_CA,CVGdm_CA/110,C5
2196,USA_2019,CVGdm_CA,CVGdm_CA/110,B5
2197,USA_2019,CVGdm_CA,CVGdm_CA/111,E6
2198,USA_2019,CVGdm_CA,CVGdm_CA/111,D6
2199,USA_2019,CVGdm_CA,CVGdm_CA/111,C6
2200,USA_2019,CVGdm_CA,CVGdm_CA/111,B6
2201,USA_2019,CVGdm_CA,CVGdm_CA/Gg,D4
2202,USA_2019,CVGdm_CA,CVGdm_CA/Gg,D3
2203,USA_2019,CVGdm_CA,CVGdm_CA/Gg,D2
2204,USA_2019,CVGdm_CA,CVGdm_CA/Gg,D1
2205,USA_2019,CVGdm_CA,CVGdm_CA/Gg,C4
2206,USA_2019,CVGdm_CA,CVGdm_CA/Gg,C3
2207,USA_2019,CVGdm_CA,CVGdm_CA/Gg,C2
2208,USA_2019,CVGdm_CA,CVGdm_CA/Gg,C1
2209,USA_2019,CVGdm_CA,CVGdm_CA/Gg,B4
2210,USA_2019,CVGdm_CA,CVGdm_CA/Gg,B3
2211,USA_2019,CVGdm_CA,CVGdm_CA/Gg,B2
2212,USA_2019,CVGdm_CA,CVGdm_CA/Gg,B1
2213,USA_2019,CVGdm_CA,CVGdm_CA/Gg,A2
2214,USA_2019,CVGdm_CA,CVGdm_CA/Gg,A1
2215,Add_2021,CVGdm_CA,CVGdm_CA/Ro,A0
2216,Add_2021,CVGdm_CA,CVGdm_CA/Ro,B0
2217,USA_2023,CWFdm_OR,CWFdm_OR/101,D4
2218,USA_2023,CWFdm_OR,CWFdm_OR/101,D3
2219,USA_2023,CWFdm_OR,CWFdm_OR/101,C4
2220,USA_2023,CWFdm_OR,CWFdm_OR/101,C3
2221,USA_2023,CWFdm_OR,CWFdm_OR/101,B4
2222,USA_2023,CWFdm_OR,CWFdm_OR/101,B3
2223,USA_2023,CWFdm_OR,CWFdm_OR/102,D1
2224,USA_2023,CWFdm_OR,CWFdm_OR/102,C1
2225,USA_2023,CWFdm_OR,CWFdm_OR/102,B1
2226,USA_2023,CWFdm_OR,CWFdm_OR/102,A1
2227,USA_2023,CWFdm_OR,CWFdm_OR/103,D2
2228,USA_2023,CWFdm_OR,CWFdm_OR/103,C2
2229,USA_2023,CWFdm_OR,CWFdm_OR/103,B2
2230,USA_2023,CWFdm_OR,CWFdm_OR/103,A2
2231,USA_2023,CWFdm_OR,CWFdm_OR/110,C5
2232,USA_2023,CWFdm_OR,CWFdm_OR/110,B5
2233,USA_2023,CWFdm_OR,CWFdm_OR/111,C6
2234,USA_2023,CWFdm_OR,CWFdm_OR/111,B6
2235,USA_2023,CWFdm_OR,CWFdm_OR/112,E5
2236,USA_2023,CWFdm_OR,CWFdm_OR/112,D5
2237,USA_2023,CWFdm_OR,CWFdm_OR/113,E6
2238,USA_2023,CWFdm_OR,CWFdm_OR/113,D6
2239,USA_2023,CWFdm_OR,CWFdm_OR/Ro,A0
2240,USA_2023,CWFdm_OR,CWFdm_OR/Ro,B0
2241,USA_2019,CWFds_CA,CWFds_CA/101,D4
2242,USA_2019,CWFds_CA,CWFds_CA/101,D3
2243,USA_2019,CWFds_CA,CWFds_CA/101,C4
2244,USA_2019,CWFds_CA,CWFds_CA/101,C3
2245,USA_2019,CWFds_CA,CWFds_CA/101,B4
2246,USA_2019,CWFds_CA,CWFds_CA/101,B3
2247,USA_2019,CWFds_CA,CWFds_CA/102,D2
2248,USA_2019,CWFds_CA,CWFds_CA/102,D1
2249,USA_2019,CWFds_CA,CWFds_CA/102,C2
2250,USA_2019,CWFds_CA,CWFds_CA/102,C1
2251,USA_2019,CWFds_CA,CWFds_CA/102,B2
2252,USA_2019,CWFds_CA,CWFds_CA/102,B1
2253,USA_2019,CWFds_CA,CWFds_CA/102,A2
2254,USA_2019,CWFds_CA,CWFds_CA/102,A1
2255,USA_2019,CWFds_CA,CWFds_CA/110,E6
2256,USA_2019,CWFds_CA,CWFds_CA/110,E5
2257,USA_2019,CWFds_CA,CWFds_CA/110,D6
2258,USA_2019,CWFds_CA,CWFds_CA/110,D5
2259,USA_2019,CWFds_CA,CWFds_CA/110,C6
2260,USA_2019,CWFds_CA,CWFds_CA/110,C5
2261,USA_2019,CWFds_CA,CWFds_CA/110,B6
2262,USA_2019,CWFds_CA,CWFds_CA/110,B5
2263,Add_2021,CWFds_CA,CWFds_CA/Ro,A0
2264,Add_2021,CWFds_CA,CWFds_CA/Ro,B0
2265,USA_2019,CWFmm_OR,CWFmm_OR/101,D4
2266,USA_2019,CWFmm_OR,CWFmm_OR/101,D3
2267,USA_2019,CWFmm_OR,CWFmm_OR/101,C4
2268,USA_2019,CWFmm_OR,CWFmm_OR/101,C3
2269,USA_2019,CWFmm_OR,CWFmm_OR/101,B4
2270,USA_2019,CWFmm_OR,CWFmm_OR/101,B3
2271,USA_2019,CWFmm_OR,CWFmm_OR/102,D1
2272,USA_2019,CWFmm_OR,CWFmm_OR/102,C1
2273,USA_2019,CWFmm_OR,CWFmm_OR/102,B1
2274,USA_2019,CWFmm_OR,CWFmm_OR/102,A1
2275,USA_2019,CWFmm_OR,CWFmm_OR/103,D2
2276,USA_2019,CWFmm_OR,CWFmm_OR/103,C2
2277,USA_2019,CWFmm_OR,CWFmm_OR/103,B2
2278,USA_2019,CWFmm_OR,CWFmm_OR/103,A2
2279,USA_2019,CWFmm_OR,CWFmm_OR/110,C5
2280,USA_2019,CWFmm_OR,CWFmm_OR/110,B5
2281,USA_2019,CWFmm_OR,CWFmm_OR/111,C6
2282,USA_2019,CWFmm_OR,CWFmm_OR/111,B6
2283,USA_2019,CWFmm_OR,CWFmm_OR/112,E5
2284,USA_2019,CWFmm_OR,CWFmm_OR/112,D5
2285,USA_2019,CWFmm_OR,CWFmm_OR/113,E6
2286,USA_2019,CWFmm_OR,CWFmm_OR/113,D6
2287,Add_2021,CWFmm_OR,CWFmm_OR/Ro,A0
2288,Add_2021,CWFmm_OR,CWFmm_OR/Ro,B0
2289,USA_2019,CWFwm_OR,CWFwm_OR/101,D4
2290,USA_2019,CWFwm_OR,CWFwm_OR/101,D3
2291,USA_2019,CWFwm_OR,CWFwm_OR/101,C4
2292,USA_2019,CWFwm_OR,CWFwm_OR/101,C3
2293,USA_2019,CWFwm_OR,CWFwm_OR/101,B4
2294,USA_2019,CWFwm_OR,CWFwm_OR/101,B3
2295,USA_2019,CWFwm_OR,CWFwm_OR/102,D1
2296,USA_2019,CWFwm_OR,CWFwm_OR/102,C1
2297,USA_2019,CWFwm_OR,CWFwm_OR/102,B1
2298,USA_2019,CWFwm_OR,CWFwm_OR/102,A1
2299,USA_2019,CWFwm_OR,CWFwm_OR/103,D2
2300,USA_2019,CWFwm_OR,CWFwm_OR/103,C2
2301,USA_2019,CWFwm_OR,CWFwm_OR/103,B2
2302,USA_2019,CWFwm_OR,CWFwm_OR/103,A2
2303,USA_2019,CWFwm_OR,CWFwm_OR/110,E5
2304,USA_2019,CWFwm_OR,CWFwm_OR/110,D5
2305,USA_2019,CWFwm_OR,CWFwm_OR/110,C5
2306,USA_2019,CWFwm_OR,CWFwm_OR/110,B5
2307,USA_2019,CWFwm_OR,CWFwm_OR/111,C6
2308,USA_2019,CWFwm_OR,CWFwm_OR/111,B6
2309,USA_2019,CWFwm_OR,CWFwm_OR/113,E6
2310,USA_2019,CWFwm_OR,CWFwm_OR/113,D6
2311,Add_2021,CWFwm_OR,CWFwm_OR/Ro,A0
2312,Add_2021,CWFwm_OR,CWFwm_OR/Ro,B0
2313,USA_2023,CWHdm_OC,CWHdm_OC/101,D4
2314,USA_2023,CWHdm_OC,CWHdm_OC/101,D3
2315,USA_2023,CWHdm_OC,CWHdm_OC/101,C4
2316,USA_2023,CWHdm_OC,CWHdm_OC/101,C3
2317,USA_2023,CWHdm_OC,CWHdm_OC/101,B4
2318,USA_2023,CWHdm_OC,CWHdm_OC/101,B3
2319,USA_2023,CWHdm_OC,CWHdm_OC/102,D1
2320,USA_2023,CWHdm_OC,CWHdm_OC/102,C1
2321,USA_2023,CWHdm_OC,CWHdm_OC/102,B1
2322,USA_2023,CWHdm_OC,CWHdm_OC/102,A1
2323,USA_2023,CWHdm_OC,CWHdm_OC/103,D2
2324,USA_2023,CWHdm_OC,CWHdm_OC/103,C2
2325,USA_2023,CWHdm_OC,CWHdm_OC/103,B2
2326,USA_2023,CWHdm_OC,CWHdm_OC/103,A2
2327,USA_2023,CWHdm_OC,CWHdm_OC/110,C5
2328,USA_2023,CWHdm_OC,CWHdm_OC/110,B5
2329,USA_2023,CWHdm_OC,CWHdm_OC/111,C6
2330,USA_2023,CWHdm_OC,CWHdm_OC/111,B6
2331,USA_2023,CWHdm_OC,CWHdm_OC/112,E5
2332,USA_2023,CWHdm_OC,CWHdm_OC/112,D5
2333,USA_2023,CWHdm_OC,CWHdm_OC/113,E6
2334,USA_2023,CWHdm_OC,CWHdm_OC/113,D6
2335,USA_2023,CWHdm_OC,CWHdm_OC/Ro,A0
2336,USA_2023,CWHdm_OC,CWHdm_OC/Ro,B0
2337,USA_2019,CWHdm_OR,CWHdm_OR/101,D4
2338,USA_2019,CWHdm_OR,CWHdm_OR/101,D3
2339,USA_2019,CWHdm_OR,CWHdm_OR/101,C4
2340,USA_2019,CWHdm_OR,CWHdm_OR/101,C3
2341,USA_2019,CWHdm_OR,CWHdm_OR/101,B4
2342,USA_2019,CWHdm_OR,CWHdm_OR/101,B3
2343,USA_2019,CWHdm_OR,CWHdm_OR/102,D1
2344,USA_2019,CWHdm_OR,CWHdm_OR/102,C1
2345,USA_2019,CWHdm_OR,CWHdm_OR/102,B1
2346,USA_2019,CWHdm_OR,CWHdm_OR/102,A1
2347,USA_2019,CWHdm_OR,CWHdm_OR/103,D2
2348,USA_2019,CWHdm_OR,CWHdm_OR/103,C2
2349,USA_2019,CWHdm_OR,CWHdm_OR/103,B2
2350,USA_2019,CWHdm_OR,CWHdm_OR/103,A2
2351,USA_2019,CWHdm_OR,CWHdm_OR/110,C5
2352,USA_2019,CWHdm_OR,CWHdm_OR/110,B5
2353,USA_2019,CWHdm_OR,CWHdm_OR/111,C6
2354,USA_2019,CWHdm_OR,CWHdm_OR/111,B6
2355,USA_2019,CWHdm_OR,CWHdm_OR/112,E5
2356,USA_2019,CWHdm_OR,CWHdm_OR/112,D5
2357,USA_2019,CWHdm_OR,CWHdm_OR/113,E6
2358,USA_2019,CWHdm_OR,CWHdm_OR/113,D6
2359,Add_2021,CWHdm_OR,CWHdm_OR/Ro,A0
2360,Add_2021,CWHdm_OR,CWHdm_OR/Ro,B0
2361,USA_2019,CWHdm_WA,CWHdm_WA/101,D4
2362,USA_2019,CWHdm_WA,CWHdm_WA/101,D3
2363,USA_2019,CWHdm_WA,CWHdm_WA/101,C4
2364,USA_2019,CWHdm_WA,CWHdm_WA/101,C3
2365,USA_2019,CWHdm_WA,CWHdm_WA/101,B4
2366,USA_2019,CWHdm_WA,CWHdm_WA/101,B3
2367,USA_2019,CWHdm_WA,CWHdm_WA/102,D1
2368,USA_2019,CWHdm_WA,CWHdm_WA/102,C1
2369,USA_2019,CWHdm_WA,CWHdm_WA/102,B1
2370,USA_2019,CWHdm_WA,CWHdm_WA/102,A1
2371,USA_2019,CWHdm_WA,CWHdm_WA/103,D2
2372,USA_2019,CWHdm_WA,CWHdm_WA/103,C2
2373,USA_2019,CWHdm_WA,CWHdm_WA/103,B2
2374,USA_2019,CWHdm_WA,CWHdm_WA/103,A2
2375,USA_2019,CWHdm_WA,CWHdm_WA/110,C5
2376,USA_2019,CWHdm_WA,CWHdm_WA/110,B5
2377,USA_2019,CWHdm_WA,CWHdm_WA/111,C6
2378,USA_2019,CWHdm_WA,CWHdm_WA/111,B6
2379,USA_2019,CWHdm_WA,CWHdm_WA/112,E5
2380,USA_2019,CWHdm_WA,CWHdm_WA/112,D5
2381,USA_2019,CWHdm_WA,CWHdm_WA/113,E6
2382,USA_2019,CWHdm_WA,CWHdm_WA/113,D6
2383,Add_2021,CWHdm_WA,CWHdm_WA/Ro,A0
2384,Add_2021,CWHdm_WA,CWHdm_WA/Ro,B0
2385,USA_2023,CWHdm_WC,CWHdm_WC/101,D4
2386,USA_2023,CWHdm_WC,CWHdm_WC/101,D3
2387,USA_2023,CWHdm_WC,CWHdm_WC/101,C4
2388,USA_2023,CWHdm_WC,CWHdm_WC/101,C3
2389,USA_2023,CWHdm_WC,CWHdm_WC/101,B4
2390,USA_2023,CWHdm_WC,CWHdm_WC/101,B3
2391,USA_2023,CWHdm_WC,CWHdm_WC/102,D1
2392,USA_2023,CWHdm_WC,CWHdm_WC/102,C1
2393,USA_2023,CWHdm_WC,CWHdm_WC/102,B1
2394,USA_2023,CWHdm_WC,CWHdm_WC/102,A1
2395,USA_2023,CWHdm_WC,CWHdm_WC/103,D2
2396,USA_2023,CWHdm_WC,CWHdm_WC/103,C2
2397,USA_2023,CWHdm_WC,CWHdm_WC/103,B2
2398,USA_2023,CWHdm_WC,CWHdm_WC/103,A2
2399,USA_2023,CWHdm_WC,CWHdm_WC/110,C5
2400,USA_2023,CWHdm_WC,CWHdm_WC/110,B5
2401,USA_2023,CWHdm_WC,CWHdm_WC/111,C6
2402,USA_2023,CWHdm_WC,CWHdm_WC/111,B6
2403,USA_2023,CWHdm_WC,CWHdm_WC/112,E5
2404,USA_2023,CWHdm_WC,CWHdm_WC/112,D5
2405,USA_2023,CWHdm_WC,CWHdm_WC/113,E6
2406,USA_2023,CWHdm_WC,CWHdm_WC/113,D6
2407,USA_2023,CWHdm_WC,CWHdm_WC/Ro,A0
2408,USA_2023,CWHdm_WC,CWHdm_WC/Ro,B0
2409,BECv13,CWHdm1,CWHdm1/101,A3
2410,BECv13,CWHdm1,CWHdm1/101,B3
2411,BECv13,CWHdm1,CWHdm1/101,C3
2412,BECv13,CWHdm1,CWHdm1/101,C4
2413,BECv13,CWHdm1,CWHdm1/101,B4
2414,BECv13,CWHdm1,CWHdm1/101,A4
2415,BECv13,CWHdm1,CWHdm1/101a,A3
2416,BECv13,CWHdm1,CWHdm1/101a,A4
2417,BECv13,CWHdm1,CWHdm1/101a,B4
2418,BECv13,CWHdm1,CWHdm1/101a,B3
2419,BECv13,CWHdm1,CWHdm1/101a,C3
2420,BECv13,CWHdm1,CWHdm1/101a,C4
2421,BECv13,CWHdm1,CWHdm1/101b,A3
2422,BECv13,CWHdm1,CWHdm1/101b,B3
2423,BECv13,CWHdm1,CWHdm1/101b,C3
2424,BECv13,CWHdm1,CWHdm1/101b,C4
2425,BECv13,CWHdm1,CWHdm1/101b,B4
2426,BECv13,CWHdm1,CWHdm1/101b,A4
2427,BECv13,CWHdm1,CWHdm1/102,A0
2428,BECv13,CWHdm1,CWHdm1/102,B0
2429,BECv13,CWHdm1,CWHdm1/102,C0
2430,BECv13,CWHdm1,CWHdm1/102,C1
2431,BECv13,CWHdm1,CWHdm1/102,B1
2432,BECv13,CWHdm1,CWHdm1/102,A1
2433,BECv13,CWHdm1,CWHdm1/103,A1
2434,BECv13,CWHdm1,CWHdm1/103,B1
2435,BECv13,CWHdm1,CWHdm1/103,C1
2436,BECv13,CWHdm1,CWHdm1/103,C2
2437,BECv13,CWHdm1,CWHdm1/103,B2
2438,BECv13,CWHdm1,CWHdm1/103,A2
2439,BECv13,CWHdm1,CWHdm1/104,D1
2440,BECv13,CWHdm1,CWHdm1/104,E1
2441,BECv13,CWHdm1,CWHdm1/104,E2
2442,BECv13,CWHdm1,CWHdm1/104,D2
2443,BECv13,CWHdm1,CWHdm1/110,D3
2444,BECv13,CWHdm1,CWHdm1/110,E3
2445,BECv13,CWHdm1,CWHdm1/110,E4
2446,BECv13,CWHdm1,CWHdm1/110,D4
2447,BECv13,CWHdm1,CWHdm1/111,A5
2448,BECv13,CWHdm1,CWHdm1/111,A6
2449,BECv13,CWHdm1,CWHdm1/111,B5
2450,BECv13,CWHdm1,CWHdm1/111,C5
2451,BECv13,CWHdm1,CWHdm1/111,C6
2452,BECv13,CWHdm1,CWHdm1/111,B6
2453,BECv13,CWHdm1,CWHdm1/112,C5
2454,BECv13,CWHdm1,CWHdm1/112,D5
2455,BECv13,CWHdm1,CWHdm1/112,E5
2456,BECv13,CWHdm1,CWHdm1/112,E6
2457,BECv13,CWHdm1,CWHdm1/112,D6
2458,BECv13,CWHdm1,CWHdm1/112,C6
2459,BECv13,CWHdm1,CWHdm1/112a,C5
2460,BECv13,CWHdm1,CWHdm1/112a,D5
2461,BECv13,CWHdm1,CWHdm1/112a,E5
2462,BECv13,CWHdm1,CWHdm1/112a,E6
2463,BECv13,CWHdm1,CWHdm1/112a,D6
2464,BECv13,CWHdm1,CWHdm1/112a,C6
2465,BECv13,CWHdm1,CWHdm1/112b,C5
2466,BECv13,CWHdm1,CWHdm1/112b,D5
2467,BECv13,CWHdm1,CWHdm1/112b,E5
2468,BECv13,CWHdm1,CWHdm1/112b,E6
2469,BECv13,CWHdm1,CWHdm1/112b,D6
2470,BECv13,CWHdm1,CWHdm1/112b,C6
2471,BECv13,CWHdm1,CWHdm1/113,C5
2472,BECv13,CWHdm1,CWHdm1/113,D5
2473,BECv13,CWHdm1,CWHdm1/113,E5
2474,BECv13,CWHdm1,CWHdm1/113,E6
2475,BECv13,CWHdm1,CWHdm1/113,D6
2476,BECv13,CWHdm1,CWHdm1/113,C6
2477,BECv13,CWHdm1,CWHdm1/Fl51,E6
2478,BECv13,CWHdm1,CWHdm1/Fl51,E5
2479,BECv13,CWHdm1,CWHdm1/Fl51,D5
2480,BECv13,CWHdm1,CWHdm1/Fl51,C5
2481,BECv13,CWHdm1,CWHdm1/Fl51,C6
2482,BECv13,CWHdm1,CWHdm1/Fl51,D6
2483,BECv13,CWHdm1,CWHdm1/Fm51,E5
2484,BECv13,CWHdm1,CWHdm1/Fm51,D5
2485,BECv13,CWHdm1,CWHdm1/Fm51,C5
2486,BECv13,CWHdm1,CWHdm1/Fm51,C6
2487,BECv13,CWHdm1,CWHdm1/Fm51,D6
2488,BECv13,CWHdm1,CWHdm1/Fm51,E6
2489,BECv13,CWHdm1,CWHdm1/Fm52,E5
2490,BECv13,CWHdm1,CWHdm1/Fm52,D5
2491,BECv13,CWHdm1,CWHdm1/Fm52,C5
2492,BECv13,CWHdm1,CWHdm1/Fm52,C6
2493,BECv13,CWHdm1,CWHdm1/Fm52,D6
2494,BECv13,CWHdm1,CWHdm1/Fm52,E6
2495,BECv13,CWHdm1,CWHdm1/Ro,A0
2496,BECv13,CWHdm1,CWHdm1/Ro,B0
2497,BECv13,CWHdm1,CWHdm1/Ro,C0
2498,BECv13,CWHdm1,CWHdm1/Wb55,A7
2499,BECv13,CWHdm1,CWHdm1/Wb55,B7
2500,BECv13,CWHdm1,CWHdm1/Wsxx,E7
2501,BECv13,CWHdm1,CWHdm1/Wsxx,D7
2502,BECv13,CWHdm1,CWHdm1/Wsxx,C7
2503,BECv13,CWHdm1,CWHdm1/Wsxx,C6
2504,BECv13,CWHdm1,CWHdm1/Wsxx,D6
2505,BECv13,CWHdm1,CWHdm1/Wsxx,E6
2506,BECv13,CWHdm1,CWHdm1/Ws57,E7
2507,BECv13,CWHdm1,CWHdm1/Ws57,D7
2508,BECv13,CWHdm1,CWHdm1/Ws57,C7
2509,BECv13,CWHdm1,CWHdm1/Ws57,C6
2510,BECv13,CWHdm1,CWHdm1/Ws57,D6
2511,BECv13,CWHdm1,CWHdm1/Ws57,E6
2512,BECv13,CWHdm1,CWHdm1/Ws60,E7
2513,BECv13,CWHdm1,CWHdm1/Ws60,D7
2514,BECv13,CWHdm1,CWHdm1/Ws60,C7
2515,BECv13,CWHdm1,CWHdm1/Ws60,C6
2516,BECv13,CWHdm1,CWHdm1/Ws60,D6
2517,BECv13,CWHdm1,CWHdm1/Ws60,E6
2518,BECv13,CWHdm1,CWHdm1/Ws61,E7
2519,BECv13,CWHdm1,CWHdm1/Ws61,D7
2520,BECv13,CWHdm1,CWHdm1/Ws61,C7
2521,BECv13,CWHdm1,CWHdm1/Ws61,C6
2522,BECv13,CWHdm1,CWHdm1/Ws61,D6
2523,BECv13,CWHdm1,CWHdm1/Ws61,E6
2524,BECv13,CWHdm1,CWHdm1/Ws62,E7
2525,BECv13,CWHdm1,CWHdm1/Ws62,D7
2526,BECv13,CWHdm1,CWHdm1/Ws62,C7
2527,BECv13,CWHdm1,CWHdm1/Ws62,C6
2528,BECv13,CWHdm1,CWHdm1/Ws62,D6
2529,BECv13,CWHdm1,CWHdm1/Ws62,E6
2530,BECv13,CWHdm2,CWHdm2/101,A3
2531,BECv13,CWHdm2,CWHdm2/101,A4
2532,BECv13,CWHdm2,CWHdm2/101,B4
2533,BECv13,CWHdm2,CWHdm2/101,B3
2534,BECv13,CWHdm2,CWHdm2/101,C3
2535,BECv13,CWHdm2,CWHdm2/101,C4
2536,BECv13,CWHdm2,CWHdm2/102,A0
2537,BECv13,CWHdm2,CWHdm2/102,B0
2538,BECv13,CWHdm2,CWHdm2/102,C0
2539,BECv13,CWHdm2,CWHdm2/103,A1
2540,BECv13,CWHdm2,CWHdm2/103,B1
2541,BECv13,CWHdm2,CWHdm2/103,C1
2542,BECv13,CWHdm2,CWHdm2/104,A1
2543,BECv13,CWHdm2,CWHdm2/104,A2
2544,BECv13,CWHdm2,CWHdm2/104,B1
2545,BECv13,CWHdm2,CWHdm2/104,B2
2546,BECv13,CWHdm2,CWHdm2/104,C1
2547,BECv13,CWHdm2,CWHdm2/104,C2
2548,BECv13,CWHdm2,CWHdm2/105,D1
2549,BECv13,CWHdm2,CWHdm2/105,D2
2550,BECv13,CWHdm2,CWHdm2/105,E1
2551,BECv13,CWHdm2,CWHdm2/105,E2
2552,BECv13,CWHdm2,CWHdm2/110,D3
2553,BECv13,CWHdm2,CWHdm2/110,E3
2554,BECv13,CWHdm2,CWHdm2/110,E4
2555,BECv13,CWHdm2,CWHdm2/110,D4
2556,BECv13,CWHdm2,CWHdm2/111,A6
2557,BECv13,CWHdm2,CWHdm2/111,A5
2558,BECv13,CWHdm2,CWHdm2/111,B5
2559,BECv13,CWHdm2,CWHdm2/111,B6
2560,BECv13,CWHdm2,CWHdm2/111,C5
2561,BECv13,CWHdm2,CWHdm2/111,C6
2562,BECv13,CWHdm2,CWHdm2/112,E5
2563,BECv13,CWHdm2,CWHdm2/112,D5
2564,BECv13,CWHdm2,CWHdm2/112,D6
2565,BECv13,CWHdm2,CWHdm2/112,E6
2566,BECv13,CWHdm2,CWHdm2/112.1,E5
2567,BECv13,CWHdm2,CWHdm2/112.1,D5
2568,BECv13,CWHdm2,CWHdm2/112.1,D6
2569,BECv13,CWHdm2,CWHdm2/112.1,E6
2570,BECv13,CWHdm2,CWHdm2/112.2,D5
2571,BECv13,CWHdm2,CWHdm2/112.2,E5
2572,BECv13,CWHdm2,CWHdm2/112.2,E6
2573,BECv13,CWHdm2,CWHdm2/112.2,D6
2574,BECv13,CWHdm2,CWHdm2/113,E5
2575,BECv13,CWHdm2,CWHdm2/113,E6
2576,BECv13,CWHdm2,CWHdm2/113,D6
2577,BECv13,CWHdm2,CWHdm2/113,D5
2578,BECv13,CWHdm2,CWHdm2/Fl51,E5
2579,BECv13,CWHdm2,CWHdm2/Fl51,D5
2580,BECv13,CWHdm2,CWHdm2/Fl51,D6
2581,BECv13,CWHdm2,CWHdm2/Fl51,E6
2582,BECv13,CWHdm2,CWHdm2/Fm51,E5
2583,BECv13,CWHdm2,CWHdm2/Fm51,D5
2584,BECv13,CWHdm2,CWHdm2/Fm51,D6
2585,BECv13,CWHdm2,CWHdm2/Fm51,E6
2586,BECv13,CWHdm2,CWHdm2/Fm52,E5
2587,BECv13,CWHdm2,CWHdm2/Fm52,D5
2588,BECv13,CWHdm2,CWHdm2/Fm52,D6
2589,BECv13,CWHdm2,CWHdm2/Fm52,E6
2590,BECv13,CWHdm2,CWHdm2/Ro,A0
2591,BECv13,CWHdm2,CWHdm2/Ro,B0
2592,BECv13,CWHdm2,CWHdm2/Ro,C0
2593,BECv13,CWHdm2,CWHdm2/Wb55,A7
2594,BECv13,CWHdm2,CWHdm2/Wb55,B7
2595,BECv13,CWHdm2,CWHdm2/Ws,E7
2596,BECv13,CWHdm2,CWHdm2/Ws,C7
2597,BECv13,CWHdm2,CWHdm2/Ws,D7
2598,BECv13,CWHdm2,CWHdm2/Ws57,E7
2599,BECv13,CWHdm2,CWHdm2/Ws57,C7
2600,BECv13,CWHdm2,CWHdm2/Ws57,D7
2601,BECv13,CWHdm3,CWHdm3/101,A3
2602,BECv13,CWHdm3,CWHdm3/101,B3
2603,BECv13,CWHdm3,CWHdm3/101,C3
2604,BECv13,CWHdm3,CWHdm3/101,C4
2605,BECv13,CWHdm3,CWHdm3/101,B4
2606,BECv13,CWHdm3,CWHdm3/101,A4
2607,BECv13,CWHdm3,CWHdm3/102,A0
2608,BECv13,CWHdm3,CWHdm3/102,B0
2609,BECv13,CWHdm3,CWHdm3/102,C0
2610,BECv13,CWHdm3,CWHdm3/102,C1
2611,BECv13,CWHdm3,CWHdm3/102,B1
2612,BECv13,CWHdm3,CWHdm3/102,A1
2613,BECv13,CWHdm3,CWHdm3/103,A1
2614,BECv13,CWHdm3,CWHdm3/103,C1
2615,BECv13,CWHdm3,CWHdm3/103,B1
2616,BECv13,CWHdm3,CWHdm3/103,A2
2617,BECv13,CWHdm3,CWHdm3/103,C2
2618,BECv13,CWHdm3,CWHdm3/103,B2
2619,BECv13,CWHdm3,CWHdm3/104,D2
2620,BECv13,CWHdm3,CWHdm3/104,D1
2621,BECv13,CWHdm3,CWHdm3/104,E1
2622,BECv13,CWHdm3,CWHdm3/104,E2
2623,BECv13,CWHdm3,CWHdm3/110,D3
2624,BECv13,CWHdm3,CWHdm3/110,E3
2625,BECv13,CWHdm3,CWHdm3/110,E4
2626,BECv13,CWHdm3,CWHdm3/110,D4
2627,BECv13,CWHdm3,CWHdm3/111,A5
2628,BECv13,CWHdm3,CWHdm3/111,A6
2629,BECv13,CWHdm3,CWHdm3/111,B5
2630,BECv13,CWHdm3,CWHdm3/111,C5
2631,BECv13,CWHdm3,CWHdm3/111,C6
2632,BECv13,CWHdm3,CWHdm3/111,B6
2633,BECv13,CWHdm3,CWHdm3/112,E5
2634,BECv13,CWHdm3,CWHdm3/112,E6
2635,BECv13,CWHdm3,CWHdm3/112,D5
2636,BECv13,CWHdm3,CWHdm3/112,C5
2637,BECv13,CWHdm3,CWHdm3/112,C6
2638,BECv13,CWHdm3,CWHdm3/112,D6
2639,BECv13,CWHdm3,CWHdm3/113,E5
2640,BECv13,CWHdm3,CWHdm3/113,D5
2641,BECv13,CWHdm3,CWHdm3/113,C5
2642,BECv13,CWHdm3,CWHdm3/113,C6
2643,BECv13,CWHdm3,CWHdm3/113,D6
2644,BECv13,CWHdm3,CWHdm3/113,E6
2645,BECv13,CWHdm3,CWHdm3/Fl50,E6
2646,BECv13,CWHdm3,CWHdm3/Fl50,D6
2647,BECv13,CWHdm3,CWHdm3/Fl50,D5
2648,BECv13,CWHdm3,CWHdm3/Fl50,C5
2649,BECv13,CWHdm3,CWHdm3/Fl50,C6
2650,BECv13,CWHdm3,CWHdm3/Fl50,E5
2651,BECv13,CWHdm3,CWHdm3/Fl51,E6
2652,BECv13,CWHdm3,CWHdm3/Fl51,D6
2653,BECv13,CWHdm3,CWHdm3/Fl51,D5
2654,BECv13,CWHdm3,CWHdm3/Fl51,C5
2655,BECv13,CWHdm3,CWHdm3/Fl51,C6
2656,BECv13,CWHdm3,CWHdm3/Fl51,E5
2657,BECv13,CWHdm3,CWHdm3/Fm51,E5
2658,BECv13,CWHdm3,CWHdm3/Fm51,D5
2659,BECv13,CWHdm3,CWHdm3/Fm51,C5
2660,BECv13,CWHdm3,CWHdm3/Fm51,C6
2661,BECv13,CWHdm3,CWHdm3/Fm51,D6
2662,BECv13,CWHdm3,CWHdm3/Fm51,E6
2663,BECv13,CWHdm3,CWHdm3/Ro,A0
2664,BECv13,CWHdm3,CWHdm3/Ro,B0
2665,BECv13,CWHdm3,CWHdm3/Ro,C0
2666,BECv13,CWHdm3,CWHdm3/Wb55,A7
2667,BECv13,CWHdm3,CWHdm3/Wb55,B7
2668,BECv13,CWHdm3,CWHdm3/Ws56,C7
2669,BECv13,CWHdm3,CWHdm3/Ws56,E7
2670,BECv13,CWHdm3,CWHdm3/Ws56,D7
2671,USA_2019,CWHds_WA,CWHds_WA/101,D4
2672,USA_2019,CWHds_WA,CWHds_WA/101,D3
2673,USA_2019,CWHds_WA,CWHds_WA/101,C4
2674,USA_2019,CWHds_WA,CWHds_WA/101,C3
2675,USA_2019,CWHds_WA,CWHds_WA/101,B4
2676,USA_2019,CWHds_WA,CWHds_WA/101,B3
2677,USA_2019,CWHds_WA,CWHds_WA/102,D1
2678,USA_2019,CWHds_WA,CWHds_WA/102,C1
2679,USA_2019,CWHds_WA,CWHds_WA/102,B1
2680,USA_2019,CWHds_WA,CWHds_WA/102,A1
2681,USA_2019,CWHds_WA,CWHds_WA/103,D2
2682,USA_2019,CWHds_WA,CWHds_WA/103,C2
2683,USA_2019,CWHds_WA,CWHds_WA/103,B2
2684,USA_2019,CWHds_WA,CWHds_WA/103,A2
2685,USA_2019,CWHds_WA,CWHds_WA/110,C5
2686,USA_2019,CWHds_WA,CWHds_WA/110,B5
2687,USA_2019,CWHds_WA,CWHds_WA/111,C6
2688,USA_2019,CWHds_WA,CWHds_WA/111,B6
2689,USA_2019,CWHds_WA,CWHds_WA/112,E5
2690,USA_2019,CWHds_WA,CWHds_WA/112,D5
2691,USA_2019,CWHds_WA,CWHds_WA/113,E6
2692,USA_2019,CWHds_WA,CWHds_WA/113,D6
2693,Add_2021,CWHds_WA,CWHds_WA/Ro,A0
2694,Add_2021,CWHds_WA,CWHds_WA/Ro,B0
2695,BECv13,CWHds1,CWHds1/101,A1
2696,BECv13,CWHds1,CWHds1/101,A2
2697,BECv13,CWHds1,CWHds1/101,A3
2698,BECv13,CWHds1,CWHds1/101,A4
2699,BECv13,CWHds1,CWHds1/101,B1
2700,BECv13,CWHds1,CWHds1/101,B2
2701,BECv13,CWHds1,CWHds1/101,B3
2702,BECv13,CWHds1,CWHds1/101,B4
2703,BECv13,CWHds1,CWHds1/101,C1
2704,BECv13,CWHds1,CWHds1/101,C2
2705,BECv13,CWHds1,CWHds1/101,C3
2706,BECv13,CWHds1,CWHds1/101,C4
2707,BECv13,CWHds1,CWHds1/101a,A3
2708,BECv13,CWHds1,CWHds1/101a,A4
2709,BECv13,CWHds1,CWHds1/101a,B3
2710,BECv13,CWHds1,CWHds1/101a,B4
2711,BECv13,CWHds1,CWHds1/101a,C3
2712,BECv13,CWHds1,CWHds1/101a,C4
2713,BECv13,CWHds1,CWHds1/101b,A1
2714,BECv13,CWHds1,CWHds1/101b,A2
2715,BECv13,CWHds1,CWHds1/101b,B1
2716,BECv13,CWHds1,CWHds1/101b,B2
2717,BECv13,CWHds1,CWHds1/101b,C1
2718,BECv13,CWHds1,CWHds1/101b,C2
2719,BECv13,CWHds1,CWHds1/102,A0
2720,BECv13,CWHds1,CWHds1/102,A1
2721,BECv13,CWHds1,CWHds1/102,B0
2722,BECv13,CWHds1,CWHds1/102,B1
2723,BECv13,CWHds1,CWHds1/102,C0
2724,BECv13,CWHds1,CWHds1/102,C1
2725,BECv13,CWHds1,CWHds1/103,A1
2726,BECv13,CWHds1,CWHds1/103,A2
2727,BECv13,CWHds1,CWHds1/103,A3
2728,BECv13,CWHds1,CWHds1/103,A4
2729,BECv13,CWHds1,CWHds1/103,B1
2730,BECv13,CWHds1,CWHds1/103,B2
2731,BECv13,CWHds1,CWHds1/103,B3
2732,BECv13,CWHds1,CWHds1/103,B4
2733,BECv13,CWHds1,CWHds1/103,C1
2734,BECv13,CWHds1,CWHds1/103,C2
2735,BECv13,CWHds1,CWHds1/103,C3
2736,BECv13,CWHds1,CWHds1/103,C4
2737,BECv13,CWHds1,CWHds1/104,A1
2738,BECv13,CWHds1,CWHds1/104,A2
2739,BECv13,CWHds1,CWHds1/104,A3
2740,BECv13,CWHds1,CWHds1/104,A4
2741,BECv13,CWHds1,CWHds1/104,B1
2742,BECv13,CWHds1,CWHds1/104,B2
2743,BECv13,CWHds1,CWHds1/104,B3
2744,BECv13,CWHds1,CWHds1/104,B4
2745,BECv13,CWHds1,CWHds1/104,C1
2746,BECv13,CWHds1,CWHds1/104,C2
2747,BECv13,CWHds1,CWHds1/104,C3
2748,BECv13,CWHds1,CWHds1/104,C4
2749,BECv13,CWHds1,CWHds1/110,D3
2750,BECv13,CWHds1,CWHds1/110,D4
2751,BECv13,CWHds1,CWHds1/110,E3
2752,BECv13,CWHds1,CWHds1/110,E4
2753,BECv13,CWHds1,CWHds1/111,D5
2754,BECv13,CWHds1,CWHds1/111,D6
2755,BECv13,CWHds1,CWHds1/111,E5
2756,BECv13,CWHds1,CWHds1/111,E6
2757,BECv13,CWHds1,CWHds1/112,D5
2758,BECv13,CWHds1,CWHds1/112,D6
2759,BECv13,CWHds1,CWHds1/112,E5
2760,BECv13,CWHds1,CWHds1/112,E6
2761,BECv13,CWHds1,CWHds1/Fl51,D5
2762,BECv13,CWHds1,CWHds1/Fl51,D6
2763,BECv13,CWHds1,CWHds1/Fl51,E5
2764,BECv13,CWHds1,CWHds1/Fl51,E6
2765,BECv13,CWHds1,CWHds1/Fm51.1,D5
2766,BECv13,CWHds1,CWHds1/Fm51.1,D6
2767,BECv13,CWHds1,CWHds1/Fm51.1,E5
2768,BECv13,CWHds1,CWHds1/Fm51.1,E6
2769,BECv13,CWHds1,CWHds1/Ro,A0
2770,BECv13,CWHds1,CWHds1/Ro,B0
2771,BECv13,CWHds1,CWHds1/Ro,C0
2772,BECv13,CWHds1,CWHds1/Wb50.2,A7
2773,BECv13,CWHds1,CWHds1/Wb50.2,B7
2774,BECv13,CWHds1,CWHds1/Wm,C7
2775,BECv13,CWHds1,CWHds1/Wm,D7
2776,BECv13,CWHds1,CWHds1/Wm,E7
2777,BECv13,CWHds1,CWHds1/Ws56.2,C7
2778,BECv13,CWHds1,CWHds1/Ws56.2,D7
2779,BECv13,CWHds1,CWHds1/Ws56.2,E7
2780,BECv13,CWHds2,CWHds2/101,A3
2781,BECv13,CWHds2,CWHds2/101,A4
2782,BECv13,CWHds2,CWHds2/101,B4
2783,BECv13,CWHds2,CWHds2/101,C4
2784,BECv13,CWHds2,CWHds2/101,C3
2785,BECv13,CWHds2,CWHds2/101,B3
2786,BECv13,CWHds2,CWHds2/102,A0
2787,BECv13,CWHds2,CWHds2/102,B0
2788,BECv13,CWHds2,CWHds2/102,C0
2789,BECv13,CWHds2,CWHds2/102,C1
2790,BECv13,CWHds2,CWHds2/102,B1
2791,BECv13,CWHds2,CWHds2/102,A1
2792,BECv13,CWHds2,CWHds2/103,A2
2793,BECv13,CWHds2,CWHds2/103,B2
2794,BECv13,CWHds2,CWHds2/103,C2
2795,BECv13,CWHds2,CWHds2/104,A2
2796,BECv13,CWHds2,CWHds2/104,B2
2797,BECv13,CWHds2,CWHds2/104,C2
2798,BECv13,CWHds2,CWHds2/110,D3
2799,BECv13,CWHds2,CWHds2/110,E3
2800,BECv13,CWHds2,CWHds2/110,E4
2801,BECv13,CWHds2,CWHds2/110,D4
2802,BECv13,CWHds2,CWHds2/111,E5
2803,BECv13,CWHds2,CWHds2/111,E6
2804,BECv13,CWHds2,CWHds2/111,D6
2805,BECv13,CWHds2,CWHds2/111,D5
2806,BECv13,CWHds2,CWHds2/111,C5
2807,BECv13,CWHds2,CWHds2/111,C6
2808,BECv13,CWHds2,CWHds2/112,C6
2809,BECv13,CWHds2,CWHds2/112,C5
2810,BECv13,CWHds2,CWHds2/112,D5
2811,BECv13,CWHds2,CWHds2/112,D6
2812,BECv13,CWHds2,CWHds2/112,E6
2813,BECv13,CWHds2,CWHds2/112,E5
2814,BECv13,CWHds2,CWHds2/Fl,E6
2815,BECv13,CWHds2,CWHds2/Fl,D6
2816,BECv13,CWHds2,CWHds2/Fl,C6
2817,BECv13,CWHds2,CWHds2/Fl,C5
2818,BECv13,CWHds2,CWHds2/Fl,D5
2819,BECv13,CWHds2,CWHds2/Fl,E5
2820,BECv13,CWHds2,CWHds2/Fm,E5
2821,BECv13,CWHds2,CWHds2/Fm,D6
2822,BECv13,CWHds2,CWHds2/Fm,D5
2823,BECv13,CWHds2,CWHds2/Fm,C5
2824,BECv13,CWHds2,CWHds2/Fm,C6
2825,BECv13,CWHds2,CWHds2/Fm,E6
2826,BECv13,CWHds2,CWHds2/Ro,A0
2827,BECv13,CWHds2,CWHds2/Ro,B0
2828,BECv13,CWHds2,CWHds2/Ro,C0
2829,BECv13,CWHds2,CWHds2/Wb51,A7
2830,BECv13,CWHds2,CWHds2/Wb51,B7
2831,BECv13,CWHds2,CWHds2/Ws56,E7
2832,BECv13,CWHds2,CWHds2/Ws56,D7
2833,BECv13,CWHds2,CWHds2/Ws56,C7
2834,USA_2019,CWHmh_OR,CWHmh_OR/101,D4
2835,USA_2019,CWHmh_OR,CWHmh_OR/101,D3
2836,USA_2019,CWHmh_OR,CWHmh_OR/101,C4
2837,USA_2019,CWHmh_OR,CWHmh_OR/101,C3
2838,USA_2019,CWHmh_OR,CWHmh_OR/101,B4
2839,USA_2019,CWHmh_OR,CWHmh_OR/101,B3
2840,USA_2019,CWHmh_OR,CWHmh_OR/102,D1
2841,USA_2019,CWHmh_OR,CWHmh_OR/102,C1
2842,USA_2019,CWHmh_OR,CWHmh_OR/102,B1
2843,USA_2019,CWHmh_OR,CWHmh_OR/102,A1
2844,USA_2019,CWHmh_OR,CWHmh_OR/103,D2
2845,USA_2019,CWHmh_OR,CWHmh_OR/103,C2
2846,USA_2019,CWHmh_OR,CWHmh_OR/103,B2
2847,USA_2019,CWHmh_OR,CWHmh_OR/103,A2
2848,USA_2019,CWHmh_OR,CWHmh_OR/110,C5
2849,USA_2019,CWHmh_OR,CWHmh_OR/110,B5
2850,USA_2019,CWHmh_OR,CWHmh_OR/111,C6
2851,USA_2019,CWHmh_OR,CWHmh_OR/111,B6
2852,USA_2019,CWHmh_OR,CWHmh_OR/112,E5
2853,USA_2019,CWHmh_OR,CWHmh_OR/112,D5
2854,USA_2019,CWHmh_OR,CWHmh_OR/113,E6
2855,USA_2019,CWHmh_OR,CWHmh_OR/113,D6
2856,Add_2021,CWHmh_OR,CWHmh_OR/Ro,A0
2857,Add_2021,CWHmh_OR,CWHmh_OR/Ro,B0
2858,BECv13,CWHmm1,CWHmm1/101,A3
2859,BECv13,CWHmm1,CWHmm1/101,A4
2860,BECv13,CWHmm1,CWHmm1/101,B4
2861,BECv13,CWHmm1,CWHmm1/101,C3
2862,BECv13,CWHmm1,CWHmm1/101,B3
2863,BECv13,CWHmm1,CWHmm1/101,C4
2864,BECv13,CWHmm1,CWHmm1/101a,A3
2865,BECv13,CWHmm1,CWHmm1/101a,A4
2866,BECv13,CWHmm1,CWHmm1/101a,C4
2867,BECv13,CWHmm1,CWHmm1/101a,C3
2868,BECv13,CWHmm1,CWHmm1/101a,B3
2869,BECv13,CWHmm1,CWHmm1/101a,B4
2870,BECv13,CWHmm1,CWHmm1/101b,A4
2871,BECv13,CWHmm1,CWHmm1/101b,B4
2872,BECv13,CWHmm1,CWHmm1/101b,C4
2873,BECv13,CWHmm1,CWHmm1/101b,C3
2874,BECv13,CWHmm1,CWHmm1/101b,B3
2875,BECv13,CWHmm1,CWHmm1/101b,A3
2876,BECv13,CWHmm1,CWHmm1/102,A1
2877,BECv13,CWHmm1,CWHmm1/102,B1
2878,BECv13,CWHmm1,CWHmm1/102,C1
2879,BECv13,CWHmm1,CWHmm1/102,C0
2880,BECv13,CWHmm1,CWHmm1/102,B0
2881,BECv13,CWHmm1,CWHmm1/102,A0
2882,BECv13,CWHmm1,CWHmm1/103,A1
2883,BECv13,CWHmm1,CWHmm1/103,A2
2884,BECv13,CWHmm1,CWHmm1/103,B2
2885,BECv13,CWHmm1,CWHmm1/103,C2
2886,BECv13,CWHmm1,CWHmm1/103,C1
2887,BECv13,CWHmm1,CWHmm1/103,B1
2888,BECv13,CWHmm1,CWHmm1/104,D2
2889,BECv13,CWHmm1,CWHmm1/104,D3
2890,BECv13,CWHmm1,CWHmm1/104,E3
2891,BECv13,CWHmm1,CWHmm1/104,E2
2892,BECv13,CWHmm1,CWHmm1/110,D4
2893,BECv13,CWHmm1,CWHmm1/110,E4
2894,BECv13,CWHmm1,CWHmm1/110,E5
2895,BECv13,CWHmm1,CWHmm1/110,D5
2896,BECv13,CWHmm1,CWHmm1/111,A5
2897,BECv13,CWHmm1,CWHmm1/111,A6
2898,BECv13,CWHmm1,CWHmm1/111,B6
2899,BECv13,CWHmm1,CWHmm1/111,C6
2900,BECv13,CWHmm1,CWHmm1/111,C5
2901,BECv13,CWHmm1,CWHmm1/111,B5
2902,BECv13,CWHmm1,CWHmm1/112,D6
2903,BECv13,CWHmm1,CWHmm1/112,E6
2904,BECv13,CWHmm1,CWHmm1/112,E5
2905,BECv13,CWHmm1,CWHmm1/112,D5
2906,BECv13,CWHmm1,CWHmm1/113,D5
2907,BECv13,CWHmm1,CWHmm1/113,E5
2908,BECv13,CWHmm1,CWHmm1/113,E6
2909,BECv13,CWHmm1,CWHmm1/113,D6
2910,BECv13,CWHmm1,CWHmm1/Fl50,D5
2911,BECv13,CWHmm1,CWHmm1/Fl50,D6
2912,BECv13,CWHmm1,CWHmm1/Fl50,E6
2913,BECv13,CWHmm1,CWHmm1/Fl50,E5
2914,BECv13,CWHmm1,CWHmm1/Fm51,D5
2915,BECv13,CWHmm1,CWHmm1/Fm51,E5
2916,BECv13,CWHmm1,CWHmm1/Fm51,E6
2917,BECv13,CWHmm1,CWHmm1/Fm51,D6
2918,BECv13,CWHmm1,CWHmm1/Ro,A0
2919,BECv13,CWHmm1,CWHmm1/Ro,B0
2920,BECv13,CWHmm1,CWHmm1/Ro,C0
2921,BECv13,CWHmm1,CWHmm1/Wb51,A7
2922,BECv13,CWHmm1,CWHmm1/Wb51,B7
2923,BECv13,CWHmm1,CWHmm1/Ws54,C7
2924,BECv13,CWHmm1,CWHmm1/Ws54,D7
2925,BECv13,CWHmm1,CWHmm1/Ws54,E7
2926,BECv13,CWHmm1,CWHmm1/Ws56,C7
2927,BECv13,CWHmm1,CWHmm1/Ws56,D7
2928,BECv13,CWHmm1,CWHmm1/Ws56,E7
2929,BECv13,CWHmm1,CWHmm1/Ws##,C7
2930,BECv13,CWHmm1,CWHmm1/Ws##,D7
2931,BECv13,CWHmm1,CWHmm1/Ws##,E7
2932,BECv13,CWHmm2,CWHmm2/101,A3
2933,BECv13,CWHmm2,CWHmm2/101,C4
2934,BECv13,CWHmm2,CWHmm2/101,C3
2935,BECv13,CWHmm2,CWHmm2/101,B3
2936,BECv13,CWHmm2,CWHmm2/101,B4
2937,BECv13,CWHmm2,CWHmm2/101,A4
2938,BECv13,CWHmm2,CWHmm2/101a,A3
2939,BECv13,CWHmm2,CWHmm2/101a,B3
2940,BECv13,CWHmm2,CWHmm2/101a,C3
2941,BECv13,CWHmm2,CWHmm2/101a,C4
2942,BECv13,CWHmm2,CWHmm2/101a,B4
2943,BECv13,CWHmm2,CWHmm2/101a,A4
2944,BECv13,CWHmm2,CWHmm2/101b,A3
2945,BECv13,CWHmm2,CWHmm2/101b,B3
2946,BECv13,CWHmm2,CWHmm2/101b,C3
2947,BECv13,CWHmm2,CWHmm2/101b,C4
2948,BECv13,CWHmm2,CWHmm2/101b,B4
2949,BECv13,CWHmm2,CWHmm2/101b,A4
2950,BECv13,CWHmm2,CWHmm2/102,A1
2951,BECv13,CWHmm2,CWHmm2/102,B1
2952,BECv13,CWHmm2,CWHmm2/102,C1
2953,BECv13,CWHmm2,CWHmm2/102,C0
2954,BECv13,CWHmm2,CWHmm2/102,B0
2955,BECv13,CWHmm2,CWHmm2/102,A0
2956,BECv13,CWHmm2,CWHmm2/103,A1
2957,BECv13,CWHmm2,CWHmm2/103,B1
2958,BECv13,CWHmm2,CWHmm2/103,C1
2959,BECv13,CWHmm2,CWHmm2/103,C2
2960,BECv13,CWHmm2,CWHmm2/103,B2
2961,BECv13,CWHmm2,CWHmm2/103,A2
2962,BECv13,CWHmm2,CWHmm2/110,D3
2963,BECv13,CWHmm2,CWHmm2/110,E3
2964,BECv13,CWHmm2,CWHmm2/110,E4
2965,BECv13,CWHmm2,CWHmm2/110,D4
2966,BECv13,CWHmm2,CWHmm2/111,A5
2967,BECv13,CWHmm2,CWHmm2/111,A6
2968,BECv13,CWHmm2,CWHmm2/111,B6
2969,BECv13,CWHmm2,CWHmm2/111,B5
2970,BECv13,CWHmm2,CWHmm2/111,C5
2971,BECv13,CWHmm2,CWHmm2/111,C6
2972,BECv13,CWHmm2,CWHmm2/112,C5
2973,BECv13,CWHmm2,CWHmm2/112,C6
2974,BECv13,CWHmm2,CWHmm2/112,D5
2975,BECv13,CWHmm2,CWHmm2/112,D6
2976,BECv13,CWHmm2,CWHmm2/112,E5
2977,BECv13,CWHmm2,CWHmm2/113,E6
2978,BECv13,CWHmm2,CWHmm2/113,E5
2979,BECv13,CWHmm2,CWHmm2/113,D5
2980,BECv13,CWHmm2,CWHmm2/113,D6
2981,BECv13,CWHmm2,CWHmm2/Ro,A0
2982,BECv13,CWHmm2,CWHmm2/Ro,B0
2983,BECv13,CWHmm2,CWHmm2/Ro,C0
2984,BECv13,CWHmm2,CWHmm2/Wb51,A7
2985,BECv13,CWHmm2,CWHmm2/Wb51,B7
2986,BECv13,CWHmm2,CWHmm2/Ws55,C7
2987,BECv13,CWHmm2,CWHmm2/Ws55,D7
2988,BECv13,CWHmm2,CWHmm2/Ws55,E7
2989,USA_2019,CWHms_OR,CWHms_OR/101,D4
2990,USA_2019,CWHms_OR,CWHms_OR/101,D3
2991,USA_2019,CWHms_OR,CWHms_OR/101,C4
2992,USA_2019,CWHms_OR,CWHms_OR/101,C3
2993,USA_2019,CWHms_OR,CWHms_OR/101,B4
2994,USA_2019,CWHms_OR,CWHms_OR/101,B3
2995,USA_2019,CWHms_OR,CWHms_OR/102,D1
2996,USA_2019,CWHms_OR,CWHms_OR/102,C1
2997,USA_2019,CWHms_OR,CWHms_OR/102,B1
2998,USA_2019,CWHms_OR,CWHms_OR/102,A1
2999,USA_2019,CWHms_OR,CWHms_OR/103,D2
3000,USA_2019,CWHms_OR,CWHms_OR/103,C2
3001,USA_2019,CWHms_OR,CWHms_OR/103,B2
3002,USA_2019,CWHms_OR,CWHms_OR/103,A2
3003,USA_2019,CWHms_OR,CWHms_OR/110,C5
3004,USA_2019,CWHms_OR,CWHms_OR/110,B5
3005,USA_2019,CWHms_OR,CWHms_OR/111,C6
3006,USA_2019,CWHms_OR,CWHms_OR/111,B6
3007,USA_2019,CWHms_OR,CWHms_OR/112,E5
3008,USA_2019,CWHms_OR,CWHms_OR/112,D5
3009,USA_2019,CWHms_OR,CWHms_OR/113,E6
3010,USA_2019,CWHms_OR,CWHms_OR/113,D6
3011,Add_2021,CWHms_OR,CWHms_OR/Ro,A0
3012,Add_2021,CWHms_OR,CWHms_OR/Ro,B0
3013,USA_2019,CWHms_WA,CWHms_WA/101,D4
3014,USA_2019,CWHms_WA,CWHms_WA/101,D3
3015,USA_2019,CWHms_WA,CWHms_WA/101,C4
3016,USA_2019,CWHms_WA,CWHms_WA/101,C3
3017,USA_2019,CWHms_WA,CWHms_WA/101,B4
3018,USA_2019,CWHms_WA,CWHms_WA/101,B3
3019,USA_2019,CWHms_WA,CWHms_WA/102,D1
3020,USA_2019,CWHms_WA,CWHms_WA/102,C1
3021,USA_2019,CWHms_WA,CWHms_WA/102,B1
3022,USA_2019,CWHms_WA,CWHms_WA/102,A1
3023,USA_2019,CWHms_WA,CWHms_WA/103,D2
3024,USA_2019,CWHms_WA,CWHms_WA/103,C2
3025,USA_2019,CWHms_WA,CWHms_WA/103,B2
3026,USA_2019,CWHms_WA,CWHms_WA/103,A2
3027,USA_2019,CWHms_WA,CWHms_WA/110,C5
3028,USA_2019,CWHms_WA,CWHms_WA/110,B5
3029,USA_2019,CWHms_WA,CWHms_WA/111,C6
3030,USA_2019,CWHms_WA,CWHms_WA/111,B6
3031,USA_2019,CWHms_WA,CWHms_WA/112,E5
3032,USA_2019,CWHms_WA,CWHms_WA/112,D5
3033,USA_2019,CWHms_WA,CWHms_WA/113,E6
3034,USA_2019,CWHms_WA,CWHms_WA/113,D6
3035,Add_2021,CWHms_WA,CWHms_WA/Ro,A0
3036,Add_2021,CWHms_WA,CWHms_WA/Ro,B0
3037,BECv13,CWHms3,CWHms3/101,A3
3038,BECv13,CWHms3,CWHms3/101,A4
3039,BECv13,CWHms3,CWHms3/101,B4
3040,BECv13,CWHms3,CWHms3/101,B3
3041,BECv13,CWHms3,CWHms3/101,C3
3042,BECv13,CWHms3,CWHms3/101,C4
3043,BECv13,CWHms3,CWHms3/102,A0
3044,BECv13,CWHms3,CWHms3/102,A1
3045,BECv13,CWHms3,CWHms3/102,B1
3046,BECv13,CWHms3,CWHms3/102,B0
3047,BECv13,CWHms3,CWHms3/102,C0
3048,BECv13,CWHms3,CWHms3/102,C1
3049,BECv13,CWHms3,CWHms3/103,A1
3050,BECv13,CWHms3,CWHms3/103,B1
3051,BECv13,CWHms3,CWHms3/103,B2
3052,BECv13,CWHms3,CWHms3/103,C2
3053,BECv13,CWHms3,CWHms3/103,C1
3054,BECv13,CWHms3,CWHms3/103,A2
3055,BECv13,CWHms3,CWHms3/104,A3
3056,BECv13,CWHms3,CWHms3/104,A4
3057,BECv13,CWHms3,CWHms3/104,B4
3058,BECv13,CWHms3,CWHms3/104,B3
3059,BECv13,CWHms3,CWHms3/104,C3
3060,BECv13,CWHms3,CWHms3/104,C4
3061,BECv13,CWHms3,CWHms3/110,D3
3062,BECv13,CWHms3,CWHms3/110,D4
3063,BECv13,CWHms3,CWHms3/110,E4
3064,BECv13,CWHms3,CWHms3/110,E3
3065,BECv13,CWHms3,CWHms3/111,A5
3066,BECv13,CWHms3,CWHms3/111,B5
3067,BECv13,CWHms3,CWHms3/111,C5
3068,BECv13,CWHms3,CWHms3/111,C6
3069,BECv13,CWHms3,CWHms3/111,B6
3070,BECv13,CWHms3,CWHms3/111,A6
3071,BECv13,CWHms3,CWHms3/112,D5
3072,BECv13,CWHms3,CWHms3/112,E5
3073,BECv13,CWHms3,CWHms3/112,D6
3074,BECv13,CWHms3,CWHms3/112,E6
3075,BECv13,CWHms3,CWHms3/113,D5
3076,BECv13,CWHms3,CWHms3/113,E5
3077,BECv13,CWHms3,CWHms3/113,E6
3078,BECv13,CWHms3,CWHms3/113,D6
3079,BECv13,CWHms3,CWHms3/Fl51,D6
3080,BECv13,CWHms3,CWHms3/Fl51,D5
3081,BECv13,CWHms3,CWHms3/Fl51,E6
3082,BECv13,CWHms3,CWHms3/Fl51,E5
3083,BECv13,CWHms3,CWHms3/Fm51.1,D5
3084,BECv13,CWHms3,CWHms3/Fm51.1,D6
3085,BECv13,CWHms3,CWHms3/Fm51.1,E6
3086,BECv13,CWHms3,CWHms3/Fm51.1,E5
3087,BECv13,CWHms3,CWHms3/Wb50.2,A7
3088,BECv13,CWHms3,CWHms3/Wb50.2,B7
3089,BECv13,CWHms3,CWHms3/Wf,C7
3090,BECv13,CWHms3,CWHms3/Wf,D7
3091,BECv13,CWHms3,CWHms3/Wf,E7
3092,BECv13,CWHms3,CWHms3/Wm,C7
3093,BECv13,CWHms3,CWHms3/Wm,D7
3094,BECv13,CWHms3,CWHms3/Wm,E7
3095,BECv13,CWHms3,CWHms3/Ws56.1,C7
3096,BECv13,CWHms3,CWHms3/Ws56.1,D7
3097,BECv13,CWHms3,CWHms3/Ws56.1,E7
3098,BECv13,CWHms4,CWHms4/101,A3
3099,BECv13,CWHms4,CWHms4/101,A4
3100,BECv13,CWHms4,CWHms4/101,B4
3101,BECv13,CWHms4,CWHms4/101,B3
3102,BECv13,CWHms4,CWHms4/101,C3
3103,BECv13,CWHms4,CWHms4/101,C4
3104,BECv13,CWHms4,CWHms4/102,A0
3105,BECv13,CWHms4,CWHms4/102,A1
3106,BECv13,CWHms4,CWHms4/102,B1
3107,BECv13,CWHms4,CWHms4/102,B0
3108,BECv13,CWHms4,CWHms4/102,C0
3109,BECv13,CWHms4,CWHms4/102,C1
3110,BECv13,CWHms4,CWHms4/103,A1
3111,BECv13,CWHms4,CWHms4/103,A2
3112,BECv13,CWHms4,CWHms4/103,B2
3113,BECv13,CWHms4,CWHms4/103,B1
3114,BECv13,CWHms4,CWHms4/103,C1
3115,BECv13,CWHms4,CWHms4/103,C2
3116,BECv13,CWHms4,CWHms4/104,A1
3117,BECv13,CWHms4,CWHms4/104,A2
3118,BECv13,CWHms4,CWHms4/104,B2
3119,BECv13,CWHms4,CWHms4/104,B1
3120,BECv13,CWHms4,CWHms4/104,C1
3121,BECv13,CWHms4,CWHms4/104,C2
3122,BECv13,CWHms4,CWHms4/105,A4
3123,BECv13,CWHms4,CWHms4/105,A3
3124,BECv13,CWHms4,CWHms4/105,B3
3125,BECv13,CWHms4,CWHms4/105,C3
3126,BECv13,CWHms4,CWHms4/105,C4
3127,BECv13,CWHms4,CWHms4/105,B4
3128,BECv13,CWHms4,CWHms4/110,D3
3129,BECv13,CWHms4,CWHms4/110,D4
3130,BECv13,CWHms4,CWHms4/110,E4
3131,BECv13,CWHms4,CWHms4/110,E3
3132,BECv13,CWHms4,CWHms4/111,A5
3133,BECv13,CWHms4,CWHms4/111,A6
3134,BECv13,CWHms4,CWHms4/111,B6
3135,BECv13,CWHms4,CWHms4/111,C5
3136,BECv13,CWHms4,CWHms4/111,C6
3137,BECv13,CWHms4,CWHms4/111,B5
3138,BECv13,CWHms4,CWHms4/112,D5
3139,BECv13,CWHms4,CWHms4/112,D6
3140,BECv13,CWHms4,CWHms4/112,E6
3141,BECv13,CWHms4,CWHms4/112,E5
3142,BECv13,CWHms4,CWHms4/Wb50.2,A7
3143,BECv13,CWHms4,CWHms4/Wb50.2,B7
3144,BECv13,CWHms4,CWHms4/Ws56.1,C7
3145,BECv13,CWHms4,CWHms4/Ws56.1,D7
3146,BECv13,CWHms4,CWHms4/Ws56.1,E7
3147,BECv13,CWHms5,CWHms5/101,A3
3148,BECv13,CWHms5,CWHms5/101,A4
3149,BECv13,CWHms5,CWHms5/101,B4
3150,BECv13,CWHms5,CWHms5/101,B3
3151,BECv13,CWHms5,CWHms5/101,C3
3152,BECv13,CWHms5,CWHms5/101,C4
3153,BECv13,CWHms5,CWHms5/101.1,A3
3154,BECv13,CWHms5,CWHms5/101.1,A4
3155,BECv13,CWHms5,CWHms5/101.1,B4
3156,BECv13,CWHms5,CWHms5/101.1,B3
3157,BECv13,CWHms5,CWHms5/101.1,C3
3158,BECv13,CWHms5,CWHms5/101.1,C4
3159,BECv13,CWHms5,CWHms5/101.2,A3
3160,BECv13,CWHms5,CWHms5/101.2,B3
3161,BECv13,CWHms5,CWHms5/101.2,C3
3162,BECv13,CWHms5,CWHms5/101.2,C4
3163,BECv13,CWHms5,CWHms5/101.2,B4
3164,BECv13,CWHms5,CWHms5/101.2,A4
3165,BECv13,CWHms5,CWHms5/102,A0
3166,BECv13,CWHms5,CWHms5/102,B0
3167,BECv13,CWHms5,CWHms5/102,C0
3168,BECv13,CWHms5,CWHms5/102,A1
3169,BECv13,CWHms5,CWHms5/102,B1
3170,BECv13,CWHms5,CWHms5/102,C1
3171,BECv13,CWHms5,CWHms5/103,A1
3172,BECv13,CWHms5,CWHms5/103,A2
3173,BECv13,CWHms5,CWHms5/103,B2
3174,BECv13,CWHms5,CWHms5/103,B1
3175,BECv13,CWHms5,CWHms5/103,C1
3176,BECv13,CWHms5,CWHms5/103,C2
3177,BECv13,CWHms5,CWHms5/103.1,A1
3178,BECv13,CWHms5,CWHms5/103.1,A2
3179,BECv13,CWHms5,CWHms5/103.1,B2
3180,BECv13,CWHms5,CWHms5/103.1,B1
3181,BECv13,CWHms5,CWHms5/103.1,C2
3182,BECv13,CWHms5,CWHms5/103.1,C1
3183,BECv13,CWHms5,CWHms5/103.2,A1
3184,BECv13,CWHms5,CWHms5/103.2,A2
3185,BECv13,CWHms5,CWHms5/103.2,B2
3186,BECv13,CWHms5,CWHms5/103.2,B1
3187,BECv13,CWHms5,CWHms5/103.2,C1
3188,BECv13,CWHms5,CWHms5/103.2,C2
3189,BECv13,CWHms5,CWHms5/110,D3
3190,BECv13,CWHms5,CWHms5/110,D4
3191,BECv13,CWHms5,CWHms5/110,E3
3192,BECv13,CWHms5,CWHms5/110,E4
3193,BECv13,CWHms5,CWHms5/111,A5
3194,BECv13,CWHms5,CWHms5/111,A6
3195,BECv13,CWHms5,CWHms5/111,B6
3196,BECv13,CWHms5,CWHms5/111,C6
3197,BECv13,CWHms5,CWHms5/111,C5
3198,BECv13,CWHms5,CWHms5/111,B5
3199,BECv13,CWHms5,CWHms5/112,D5
3200,BECv13,CWHms5,CWHms5/112,E5
3201,BECv13,CWHms5,CWHms5/112,E6
3202,BECv13,CWHms5,CWHms5/112,D6
3203,BECv13,CWHms5,CWHms5/113,D5
3204,BECv13,CWHms5,CWHms5/113,D6
3205,BECv13,CWHms5,CWHms5/113,E6
3206,BECv13,CWHms5,CWHms5/113,E5
3207,BECv13,CWHms5,CWHms5/Fl51,D5
3208,BECv13,CWHms5,CWHms5/Fl51,D6
3209,BECv13,CWHms5,CWHms5/Fl51,E6
3210,BECv13,CWHms5,CWHms5/Fl51,E5
3211,BECv13,CWHms5,CWHms5/Fm51.1,D5
3212,BECv13,CWHms5,CWHms5/Fm51.1,D6
3213,BECv13,CWHms5,CWHms5/Fm51.1,E6
3214,BECv13,CWHms5,CWHms5/Fm51.1,E5
3215,BECv13,CWHms5,CWHms5/Wb50.2,A7
3216,BECv13,CWHms5,CWHms5/Wb50.2,B7
3217,BECv13,CWHms5,CWHms5/Wm,C7
3218,BECv13,CWHms5,CWHms5/Wm,D7
3219,BECv13,CWHms5,CWHms5/Wm,E7
3220,BECv13,CWHms5,CWHms5/Ws56.1,C7
3221,BECv13,CWHms5,CWHms5/Ws56.1,D7
3222,BECv13,CWHms5,CWHms5/Ws56.1,E7
3223,USA_2019,CWHvh_WA,CWHvh_WA/101,D4
3224,USA_2019,CWHvh_WA,CWHvh_WA/101,D3
3225,USA_2019,CWHvh_WA,CWHvh_WA/101,C4
3226,USA_2019,CWHvh_WA,CWHvh_WA/101,C3
3227,USA_2019,CWHvh_WA,CWHvh_WA/101,B4
3228,USA_2019,CWHvh_WA,CWHvh_WA/101,B3
3229,USA_2019,CWHvh_WA,CWHvh_WA/102,D1
3230,USA_2019,CWHvh_WA,CWHvh_WA/102,C1
3231,USA_2019,CWHvh_WA,CWHvh_WA/102,B1
3232,USA_2019,CWHvh_WA,CWHvh_WA/102,A1
3233,USA_2019,CWHvh_WA,CWHvh_WA/103,D2
3234,USA_2019,CWHvh_WA,CWHvh_WA/103,C2
3235,USA_2019,CWHvh_WA,CWHvh_WA/103,B2
3236,USA_2019,CWHvh_WA,CWHvh_WA/103,A2
3237,USA_2019,CWHvh_WA,CWHvh_WA/110,C5
3238,USA_2019,CWHvh_WA,CWHvh_WA/110,B5
3239,USA_2019,CWHvh_WA,CWHvh_WA/111,C6
3240,USA_2019,CWHvh_WA,CWHvh_WA/111,B6
3241,USA_2019,CWHvh_WA,CWHvh_WA/112,E5
3242,USA_2019,CWHvh_WA,CWHvh_WA/112,D5
3243,USA_2019,CWHvh_WA,CWHvh_WA/113,E6
3244,USA_2019,CWHvh_WA,CWHvh_WA/113,D6
3245,Add_2021,CWHvh_WA,CWHvh_WA/Ro,A0
3246,Add_2021,CWHvh_WA,CWHvh_WA/Ro,B0
3247,BECv13,CWHvh1,CWHvh1/101,A4
3248,BECv13,CWHvh1,CWHvh1/101,B4
3249,BECv13,CWHvh1,CWHvh1/101,C4
3250,BECv13,CWHvh1,CWHvh1/101,A5
3251,BECv13,CWHvh1,CWHvh1/101,B5
3252,BECv13,CWHvh1,CWHvh1/101,C5
3253,BECv13,CWHvh1,CWHvh1/101,B3
3254,BECv13,CWHvh1,CWHvh1/102,A0
3255,BECv13,CWHvh1,CWHvh1/102,B0
3256,BECv13,CWHvh1,CWHvh1/102,C0
3257,BECv13,CWHvh1,CWHvh1/102,C1
3258,BECv13,CWHvh1,CWHvh1/102,B1
3259,BECv13,CWHvh1,CWHvh1/102,A1
3260,BECv13,CWHvh1,CWHvh1/103,A1
3261,BECv13,CWHvh1,CWHvh1/103,A2
3262,BECv13,CWHvh1,CWHvh1/103,A3
3263,BECv13,CWHvh1,CWHvh1/103,B1
3264,BECv13,CWHvh1,CWHvh1/103,B2
3265,BECv13,CWHvh1,CWHvh1/103,B3
3266,BECv13,CWHvh1,CWHvh1/104,C2
3267,BECv13,CWHvh1,CWHvh1/104,C3
3268,BECv13,CWHvh1,CWHvh1/105,D2
3269,BECv13,CWHvh1,CWHvh1/105,D3
3270,BECv13,CWHvh1,CWHvh1/105,E3
3271,BECv13,CWHvh1,CWHvh1/105,E2
3272,BECv13,CWHvh1,CWHvh1/110,D4
3273,BECv13,CWHvh1,CWHvh1/110,D5
3274,BECv13,CWHvh1,CWHvh1/110,E5
3275,BECv13,CWHvh1,CWHvh1/110,E4
3276,BECv13,CWHvh1,CWHvh1/111,D4
3277,BECv13,CWHvh1,CWHvh1/111,D5
3278,BECv13,CWHvh1,CWHvh1/111,E5
3279,BECv13,CWHvh1,CWHvh1/111,E4
3280,BECv13,CWHvh1,CWHvh1/112,A5
3281,BECv13,CWHvh1,CWHvh1/112,A6
3282,BECv13,CWHvh1,CWHvh1/112,B6
3283,BECv13,CWHvh1,CWHvh1/112,B5
3284,BECv13,CWHvh1,CWHvh1/112,C5
3285,BECv13,CWHvh1,CWHvh1/112,C6
3286,BECv13,CWHvh1,CWHvh1/120,B0
3287,BECv13,CWHvh1,CWHvh1/120,B1
3288,BECv13,CWHvh1,CWHvh1/120,B2
3289,BECv13,CWHvh1,CWHvh1/120,B3
3290,BECv13,CWHvh1,CWHvh1/120,C3
3291,BECv13,CWHvh1,CWHvh1/120,C2
3292,BECv13,CWHvh1,CWHvh1/120,C1
3293,BECv13,CWHvh1,CWHvh1/120,C0
3294,BECv13,CWHvh1,CWHvh1/120.1,B0
3295,BECv13,CWHvh1,CWHvh1/120.1,C0
3296,BECv13,CWHvh1,CWHvh1/120.1,C1
3297,BECv13,CWHvh1,CWHvh1/120.1,B1
3298,BECv13,CWHvh1,CWHvh1/120.1,B2
3299,BECv13,CWHvh1,CWHvh1/120.1,C2
3300,BECv13,CWHvh1,CWHvh1/120.1,B3
3301,BECv13,CWHvh1,CWHvh1/120.1,C3
3302,BECv13,CWHvh1,CWHvh1/120.2,B3
3303,BECv13,CWHvh1,CWHvh1/120.2,C3
3304,BECv13,CWHvh1,CWHvh1/120.2,C2
3305,BECv13,CWHvh1,CWHvh1/120.2,B2
3306,BECv13,CWHvh1,CWHvh1/120.2,B1
3307,BECv13,CWHvh1,CWHvh1/120.2,C1
3308,BECv13,CWHvh1,CWHvh1/120.2,B0
3309,BECv13,CWHvh1,CWHvh1/120.2,C0
3310,BECv13,CWHvh1,CWHvh1/121,B4
3311,BECv13,CWHvh1,CWHvh1/121,B5
3312,BECv13,CWHvh1,CWHvh1/121,C5
3313,BECv13,CWHvh1,CWHvh1/121,C4
3314,BECv13,CWHvh1,CWHvh1/Bb,D0
3315,BECv13,CWHvh1,CWHvh1/Bb,E0
3316,BECv13,CWHvh1,CWHvh1/Bb,E1
3317,BECv13,CWHvh1,CWHvh1/Bb,D1
3318,BECv13,CWHvh1,CWHvh1/Bb,D2
3319,BECv13,CWHvh1,CWHvh1/Bb,E2
3320,BECv13,CWHvh1,CWHvh1/Bb,D3
3321,BECv13,CWHvh1,CWHvh1/Bb,E3
3322,BECv13,CWHvh1,CWHvh1/Br,D0
3323,BECv13,CWHvh1,CWHvh1/Br,D1
3324,BECv13,CWHvh1,CWHvh1/Br,D2
3325,BECv13,CWHvh1,CWHvh1/Br,D3
3326,BECv13,CWHvh1,CWHvh1/Br,E3
3327,BECv13,CWHvh1,CWHvh1/Br,E2
3328,BECv13,CWHvh1,CWHvh1/Br,E1
3329,BECv13,CWHvh1,CWHvh1/Br,E0
3330,BECv13,CWHvh1,CWHvh1/Em,E7
3331,BECv13,CWHvh1,CWHvh1/Em,C7
3332,BECv13,CWHvh1,CWHvh1/Em,D7
3333,BECv13,CWHvh1,CWHvh1/Fl51,D6
3334,BECv13,CWHvh1,CWHvh1/Fl51,D5
3335,BECv13,CWHvh1,CWHvh1/Fl51,E5
3336,BECv13,CWHvh1,CWHvh1/Fl51,E6
3337,BECv13,CWHvh1,CWHvh1/Fm52,D5
3338,BECv13,CWHvh1,CWHvh1/Fm52,D6
3339,BECv13,CWHvh1,CWHvh1/Fm52,E6
3340,BECv13,CWHvh1,CWHvh1/Fm52,E5
3341,BECv13,CWHvh1,CWHvh1/Wb53,A6
3342,BECv13,CWHvh1,CWHvh1/Wb53,B6
3343,BECv13,CWHvh1,CWHvh1/Wb53,B7
3344,BECv13,CWHvh1,CWHvh1/Wb53,A7
3345,BECv13,CWHvh1,CWHvh1/Ws54,E6
3346,BECv13,CWHvh1,CWHvh1/Ws54,E7
3347,BECv13,CWHvh1,CWHvh1/Ws54,D6
3348,BECv13,CWHvh1,CWHvh1/Ws54,D7
3349,BECv13,CWHvh1,CWHvh1/Ws54,C6
3350,BECv13,CWHvh1,CWHvh1/Ws54,C7
3351,BECv13,CWHvh1,CWHvh1/Ws56,E6
3352,BECv13,CWHvh1,CWHvh1/Ws56,E7
3353,BECv13,CWHvh1,CWHvh1/Ws56,D6
3354,BECv13,CWHvh1,CWHvh1/Ws56,D7
3355,BECv13,CWHvh1,CWHvh1/Ws56,C6
3356,BECv13,CWHvh1,CWHvh1/Ws56,C7
3357,BECv13,CWHvh1,CWHvh1/Ws58,E6
3358,BECv13,CWHvh1,CWHvh1/Ws58,E7
3359,BECv13,CWHvh1,CWHvh1/Ws58,D6
3360,BECv13,CWHvh1,CWHvh1/Ws58,D7
3361,BECv13,CWHvh1,CWHvh1/Ws58,C6
3362,BECv13,CWHvh1,CWHvh1/Ws58,C7
3363,BECv13,CWHvh1,CWHvh1/Ws60,E6
3364,BECv13,CWHvh1,CWHvh1/Ws60,E7
3365,BECv13,CWHvh1,CWHvh1/Ws60,D6
3366,BECv13,CWHvh1,CWHvh1/Ws60,D7
3367,BECv13,CWHvh1,CWHvh1/Ws60,C6
3368,BECv13,CWHvh1,CWHvh1/Ws60,C7
3369,BECv13,CWHvh2,CWHvh2/101,A4
3370,BECv13,CWHvh2,CWHvh2/101,A5
3371,BECv13,CWHvh2,CWHvh2/101,B5
3372,BECv13,CWHvh2,CWHvh2/101,B4
3373,BECv13,CWHvh2,CWHvh2/101,C4
3374,BECv13,CWHvh2,CWHvh2/101,C5
3375,BECv13,CWHvh2,CWHvh2/101,B3
3376,BECv13,CWHvh2,CWHvh2/102,A0
3377,BECv13,CWHvh2,CWHvh2/102,B0
3378,BECv13,CWHvh2,CWHvh2/102,B1
3379,BECv13,CWHvh2,CWHvh2/102,A1
3380,BECv13,CWHvh2,CWHvh2/103,A1
3381,BECv13,CWHvh2,CWHvh2/103,B1
3382,BECv13,CWHvh2,CWHvh2/103,A2
3383,BECv13,CWHvh2,CWHvh2/103,B2
3384,BECv13,CWHvh2,CWHvh2/103,A3
3385,BECv13,CWHvh2,CWHvh2/103,B3
3386,BECv13,CWHvh2,CWHvh2/104,C2
3387,BECv13,CWHvh2,CWHvh2/104,C3
3388,BECv13,CWHvh2,CWHvh2/105,D2
3389,BECv13,CWHvh2,CWHvh2/105,D3
3390,BECv13,CWHvh2,CWHvh2/105,E3
3391,BECv13,CWHvh2,CWHvh2/105,E2
3392,BECv13,CWHvh2,CWHvh2/110,D4
3393,BECv13,CWHvh2,CWHvh2/110,E4
3394,BECv13,CWHvh2,CWHvh2/110,E5
3395,BECv13,CWHvh2,CWHvh2/110,D5
3396,BECv13,CWHvh2,CWHvh2/111,D6
3397,BECv13,CWHvh2,CWHvh2/111,E6
3398,BECv13,CWHvh2,CWHvh2/111,D5
3399,BECv13,CWHvh2,CWHvh2/111,E5
3400,BECv13,CWHvh2,CWHvh2/111,E4
3401,BECv13,CWHvh2,CWHvh2/112,D4
3402,BECv13,CWHvh2,CWHvh2/112,E4
3403,BECv13,CWHvh2,CWHvh2/112,E5
3404,BECv13,CWHvh2,CWHvh2/112,D5
3405,BECv13,CWHvh2,CWHvh2/113,A5
3406,BECv13,CWHvh2,CWHvh2/113,B5
3407,BECv13,CWHvh2,CWHvh2/113,C5
3408,BECv13,CWHvh2,CWHvh2/113,A6
3409,BECv13,CWHvh2,CWHvh2/113,B6
3410,BECv13,CWHvh2,CWHvh2/113,C6
3411,BECv13,CWHvh2,CWHvh2/120,B0
3412,BECv13,CWHvh2,CWHvh2/120,C0
3413,BECv13,CWHvh2,CWHvh2/120,C1
3414,BECv13,CWHvh2,CWHvh2/120,B1
3415,BECv13,CWHvh2,CWHvh2/120,B2
3416,BECv13,CWHvh2,CWHvh2/120,C2
3417,BECv13,CWHvh2,CWHvh2/120,B3
3418,BECv13,CWHvh2,CWHvh2/120,C3
3419,BECv13,CWHvh2,CWHvh2/120,B4
3420,BECv13,CWHvh2,CWHvh2/120,C4
3421,BECv13,CWHvh2,CWHvh2/120.1,B4
3422,BECv13,CWHvh2,CWHvh2/120.1,B3
3423,BECv13,CWHvh2,CWHvh2/120.1,B2
3424,BECv13,CWHvh2,CWHvh2/120.1,B1
3425,BECv13,CWHvh2,CWHvh2/120.1,B0
3426,BECv13,CWHvh2,CWHvh2/120.1,C0
3427,BECv13,CWHvh2,CWHvh2/120.1,C1
3428,BECv13,CWHvh2,CWHvh2/120.1,C2
3429,BECv13,CWHvh2,CWHvh2/120.1,C3
3430,BECv13,CWHvh2,CWHvh2/120.1,C4
3431,BECv13,CWHvh2,CWHvh2/120.2,B4
3432,BECv13,CWHvh2,CWHvh2/120.2,B3
3433,BECv13,CWHvh2,CWHvh2/120.2,B2
3434,BECv13,CWHvh2,CWHvh2/120.2,B1
3435,BECv13,CWHvh2,CWHvh2/120.2,B0
3436,BECv13,CWHvh2,CWHvh2/120.2,C0
3437,BECv13,CWHvh2,CWHvh2/120.2,C1
3438,BECv13,CWHvh2,CWHvh2/120.2,C2
3439,BECv13,CWHvh2,CWHvh2/120.2,C3
3440,BECv13,CWHvh2,CWHvh2/120.2,C4
3441,BECv13,CWHvh2,CWHvh2/Bb,D3
3442,BECv13,CWHvh2,CWHvh2/Bb,D2
3443,BECv13,CWHvh2,CWHvh2/Bb,D1
3444,BECv13,CWHvh2,CWHvh2/Bb,D0
3445,BECv13,CWHvh2,CWHvh2/Bb,E0
3446,BECv13,CWHvh2,CWHvh2/Bb,E1
3447,BECv13,CWHvh2,CWHvh2/Bb,E2
3448,BECv13,CWHvh2,CWHvh2/Bb,E3
3449,BECv13,CWHvh2,CWHvh2/Br,D0
3450,BECv13,CWHvh2,CWHvh2/Br,D3
3451,BECv13,CWHvh2,CWHvh2/Br,D2
3452,BECv13,CWHvh2,CWHvh2/Br,D1
3453,BECv13,CWHvh2,CWHvh2/Br,E0
3454,BECv13,CWHvh2,CWHvh2/Br,E1
3455,BECv13,CWHvh2,CWHvh2/Br,E2
3456,BECv13,CWHvh2,CWHvh2/Br,E3
3457,BECv13,CWHvh2,CWHvh2/Em,E7
3458,BECv13,CWHvh2,CWHvh2/Em,D7
3459,BECv13,CWHvh2,CWHvh2/Em,C7
3460,BECv13,CWHvh2,CWHvh2/Fl51,D6
3461,BECv13,CWHvh2,CWHvh2/Fl51,D5
3462,BECv13,CWHvh2,CWHvh2/Fl51,E5
3463,BECv13,CWHvh2,CWHvh2/Fl51,E6
3464,BECv13,CWHvh2,CWHvh2/Fm52,D5
3465,BECv13,CWHvh2,CWHvh2/Fm52,D6
3466,BECv13,CWHvh2,CWHvh2/Fm52,E6
3467,BECv13,CWHvh2,CWHvh2/Fm52,E5
3468,BECv13,CWHvh2,CWHvh2/Wb53,A7
3469,BECv13,CWHvh2,CWHvh2/Wb53,A6
3470,BECv13,CWHvh2,CWHvh2/Wb53,B6
3471,BECv13,CWHvh2,CWHvh2/Wb53,B7
3472,BECv13,CWHvh2,CWHvh2/Ws54,E6
3473,BECv13,CWHvh2,CWHvh2/Ws54,E7
3474,BECv13,CWHvh2,CWHvh2/Ws54,D7
3475,BECv13,CWHvh2,CWHvh2/Ws54,D6
3476,BECv13,CWHvh2,CWHvh2/Ws54,C6
3477,BECv13,CWHvh2,CWHvh2/Ws54,C7
3478,BECv13,CWHvh2,CWHvh2/Ws56,E6
3479,BECv13,CWHvh2,CWHvh2/Ws56,E7
3480,BECv13,CWHvh2,CWHvh2/Ws56,D7
3481,BECv13,CWHvh2,CWHvh2/Ws56,D6
3482,BECv13,CWHvh2,CWHvh2/Ws56,C6
3483,BECv13,CWHvh2,CWHvh2/Ws56,C7
3484,BECv13,CWHvh2,CWHvh2/Ws60,E6
3485,BECv13,CWHvh2,CWHvh2/Ws60,E7
3486,BECv13,CWHvh2,CWHvh2/Ws60,D7
3487,BECv13,CWHvh2,CWHvh2/Ws60,D6
3488,BECv13,CWHvh2,CWHvh2/Ws60,C6
3489,BECv13,CWHvh2,CWHvh2/Ws60,C7
3490,BECv13,CWHvh2,CWHvh2/Ws58,C7
3491,BECv13,CWHvh2,CWHvh2/Ws58,E6
3492,BECv13,CWHvh2,CWHvh2/Ws58,E7
3493,BECv13,CWHvh2,CWHvh2/Ws58,D7
3494,BECv13,CWHvh2,CWHvh2/Ws58,D6
3495,BECv13,CWHvh2,CWHvh2/Ws58,C6
3496,BECv13,CWHvh2,CWHvh2/Ws58,C7
3497,BECv10,CWHvh3,CWHvh3/101,C5
3498,BECv10,CWHvh3,CWHvh3/101,C4
3499,BECv10,CWHvh3,CWHvh3/101,B5
3500,BECv10,CWHvh3,CWHvh3/101,B4
3501,BECv10,CWHvh3,CWHvh3/101,B3
3502,BECv10,CWHvh3,CWHvh3/101,A5
3503,BECv10,CWHvh3,CWHvh3/101,A4
3504,BECv10,CWHvh3,CWHvh3/101,A3
3505,BEC11,CWHvh3,CWHvh3/101a,C5
3506,BEC11,CWHvh3,CWHvh3/101a,C4
3507,BEC11,CWHvh3,CWHvh3/101a,B5
3508,BEC11,CWHvh3,CWHvh3/101a,B4
3509,BEC11,CWHvh3,CWHvh3/101a,B3
3510,BEC11,CWHvh3,CWHvh3/101a,A5
3511,BEC11,CWHvh3,CWHvh3/101a,A4
3512,BEC11,CWHvh3,CWHvh3/101a,A3
3513,BEC11,CWHvh3,CWHvh3/101b,B4
3514,BEC11,CWHvh3,CWHvh3/101b,B3
3515,BEC11,CWHvh3,CWHvh3/101b,A4
3516,BEC11,CWHvh3,CWHvh3/101b,A3
3517,BEC11,CWHvh3,CWHvh3/101c,C5
3518,BEC11,CWHvh3,CWHvh3/101c,B5
3519,BEC11,CWHvh3,CWHvh3/101c,B4
3520,BEC11,CWHvh3,CWHvh3/101c,A5
3521,BEC11,CWHvh3,CWHvh3/101c,A4
3522,BECv10,CWHvh3,CWHvh3/102,B2
3523,BECv10,CWHvh3,CWHvh3/102,B1
3524,BECv10,CWHvh3,CWHvh3/102,B0
3525,BECv10,CWHvh3,CWHvh3/102,A2
3526,BECv10,CWHvh3,CWHvh3/102,A1
3527,BECv10,CWHvh3,CWHvh3/102,A0
3528,BECv10,CWHvh3,CWHvh3/103,C2
3529,BECv10,CWHvh3,CWHvh3/103,C1
3530,BECv10,CWHvh3,CWHvh3/103,C0
3531,BECv10,CWHvh3,CWHvh3/103,B2
3532,BECv10,CWHvh3,CWHvh3/103,B1
3533,BECv10,CWHvh3,CWHvh3/103,B0
3534,BECv10,CWHvh3,CWHvh3/103,A2
3535,BECv10,CWHvh3,CWHvh3/103,A1
3536,BECv10,CWHvh3,CWHvh3/103,A0
3537,BEC11,CWHvh3,CWHvh3/103.1,C2
3538,BEC11,CWHvh3,CWHvh3/103.1,C1
3539,BEC11,CWHvh3,CWHvh3/103.1,C0
3540,BEC11,CWHvh3,CWHvh3/103.1,B2
3541,BEC11,CWHvh3,CWHvh3/103.1,B1
3542,BEC11,CWHvh3,CWHvh3/103.1,B0
3543,BEC11,CWHvh3,CWHvh3/103.1,A2
3544,BEC11,CWHvh3,CWHvh3/103.1,A1
3545,BEC11,CWHvh3,CWHvh3/103.1,A0
3546,BEC11,CWHvh3,CWHvh3/103.2,C2
3547,BEC11,CWHvh3,CWHvh3/103.2,C1
3548,BEC11,CWHvh3,CWHvh3/103.2,C0
3549,BEC11,CWHvh3,CWHvh3/103.2,B2
3550,BEC11,CWHvh3,CWHvh3/103.2,B1
3551,BEC11,CWHvh3,CWHvh3/103.2,B0
3552,BEC11,CWHvh3,CWHvh3/103.2,A2
3553,BEC11,CWHvh3,CWHvh3/103.2,A1
3554,BEC11,CWHvh3,CWHvh3/103.2,A0
3555,BECv10,CWHvh3,CWHvh3/104,C3
3556,BECv10,CWHvh3,CWHvh3/104,C2
3557,BECv10,CWHvh3,CWHvh3/104,B3
3558,BECv10,CWHvh3,CWHvh3/104,B2
3559,BECv10,CWHvh3,CWHvh3/104,A3
3560,BECv10,CWHvh3,CWHvh3/104,A2
3561,BECv10,CWHvh3,CWHvh3/105,D3
3562,BECv10,CWHvh3,CWHvh3/105,D2
3563,BECv10,CWHvh3,CWHvh3/105,C3
3564,BECv10,CWHvh3,CWHvh3/105,C2
3565,BECv10,CWHvh3,CWHvh3/105a,D3
3566,BECv10,CWHvh3,CWHvh3/105a,D2
3567,BECv10,CWHvh3,CWHvh3/105a,C3
3568,BECv10,CWHvh3,CWHvh3/105a,C2
3569,BECv10,CWHvh3,CWHvh3/105b,D3
3570,BECv10,CWHvh3,CWHvh3/105b,D2
3571,BECv10,CWHvh3,CWHvh3/105b,C3
3572,BECv10,CWHvh3,CWHvh3/105b,C2
3573,BECv10,CWHvh3,CWHvh3/106,E3
3574,BECv10,CWHvh3,CWHvh3/106,E2
3575,BECv10,CWHvh3,CWHvh3/106,D3
3576,BECv10,CWHvh3,CWHvh3/106,D2
3577,BECv10,CWHvh3,CWHvh3/106a,E3
3578,BECv10,CWHvh3,CWHvh3/106a,E2
3579,BECv10,CWHvh3,CWHvh3/106a,D3
3580,BECv10,CWHvh3,CWHvh3/106a,D2
3581,BECv10,CWHvh3,CWHvh3/106b,D3
3582,BECv10,CWHvh3,CWHvh3/106b,D2
3583,BECv10,CWHvh3,CWHvh3/106c,E3
3584,BECv10,CWHvh3,CWHvh3/106c,E2
3585,BECv10,CWHvh3,CWHvh3/106c,D3
3586,BECv10,CWHvh3,CWHvh3/106c,D2
3587,BECv10,CWHvh3,CWHvh3/110,E4
3588,BECv10,CWHvh3,CWHvh3/110,D4
3589,BECv10,CWHvh3,CWHvh3/110a,E4
3590,BECv10,CWHvh3,CWHvh3/110a,D4
3591,BECv10,CWHvh3,CWHvh3/110b,E4
3592,BECv10,CWHvh3,CWHvh3/110b,D4
3593,BECv10,CWHvh3,CWHvh3/110c,E4
3594,BECv10,CWHvh3,CWHvh3/110c,D4
3595,BECv10,CWHvh3,CWHvh3/111,E4
3596,BECv10,CWHvh3,CWHvh3/111,D4
3597,BECv10,CWHvh3,CWHvh3/112,E5
3598,BECv10,CWHvh3,CWHvh3/112,E4
3599,BECv10,CWHvh3,CWHvh3/112,D5
3600,BECv10,CWHvh3,CWHvh3/112,D4
3601,BECv10,CWHvh3,CWHvh3/113,E5
3602,BECv10,CWHvh3,CWHvh3/113,D5
3603,BECv10,CWHvh3,CWHvh3/114,E5
3604,BECv10,CWHvh3,CWHvh3/114,D5
3605,BECv10,CWHvh3,CWHvh3/115,C6
3606,BECv10,CWHvh3,CWHvh3/115,C5
3607,BECv10,CWHvh3,CWHvh3/115,B6
3608,BECv10,CWHvh3,CWHvh3/115,B5
3609,BECv10,CWHvh3,CWHvh3/115,A6
3610,BECv10,CWHvh3,CWHvh3/115,A5
3611,BECv10,CWHvh3,CWHvh3/116,E6
3612,BECv10,CWHvh3,CWHvh3/116,D6
3613,BECv10,CWHvh3,CWHvh3/117,E7
3614,BECv10,CWHvh3,CWHvh3/117,E6
3615,BECv10,CWHvh3,CWHvh3/117,D7
3616,BECv10,CWHvh3,CWHvh3/117,D6
3617,BEC11,CWHvh3,CWHvh3/117a,E6
3618,BEC11,CWHvh3,CWHvh3/117a,D6
3619,BEC11,CWHvh3,CWHvh3/117b,E7
3620,BEC11,CWHvh3,CWHvh3/117b,D7
3621,BECv10,CWHvh3,CWHvh3/Wb53,B7
3622,BECv10,CWHvh3,CWHvh3/Wb53,A7
3623,USA_2019,CWHvm_OR,CWHvm_OR/101,D4
3624,USA_2019,CWHvm_OR,CWHvm_OR/101,D3
3625,USA_2019,CWHvm_OR,CWHvm_OR/101,C4
3626,USA_2019,CWHvm_OR,CWHvm_OR/101,C3
3627,USA_2019,CWHvm_OR,CWHvm_OR/101,B4
3628,USA_2019,CWHvm_OR,CWHvm_OR/101,B3
3629,USA_2019,CWHvm_OR,CWHvm_OR/102,D1
3630,USA_2019,CWHvm_OR,CWHvm_OR/102,C1
3631,USA_2019,CWHvm_OR,CWHvm_OR/102,B1
3632,USA_2019,CWHvm_OR,CWHvm_OR/102,A1
3633,USA_2019,CWHvm_OR,CWHvm_OR/103,D2
3634,USA_2019,CWHvm_OR,CWHvm_OR/103,C2
3635,USA_2019,CWHvm_OR,CWHvm_OR/103,B2
3636,USA_2019,CWHvm_OR,CWHvm_OR/103,A2
3637,USA_2019,CWHvm_OR,CWHvm_OR/110,C5
3638,USA_2019,CWHvm_OR,CWHvm_OR/110,B5
3639,USA_2019,CWHvm_OR,CWHvm_OR/111,C6
3640,USA_2019,CWHvm_OR,CWHvm_OR/111,B6
3641,USA_2019,CWHvm_OR,CWHvm_OR/112,E5
3642,USA_2019,CWHvm_OR,CWHvm_OR/112,D5
3643,USA_2019,CWHvm_OR,CWHvm_OR/113,E6
3644,USA_2019,CWHvm_OR,CWHvm_OR/113,D6
3645,Add_2021,CWHvm_OR,CWHvm_OR/Ro,A0
3646,Add_2021,CWHvm_OR,CWHvm_OR/Ro,B0
3647,USA_2019,CWHvm_WA,CWHvm_WA/101,D4
3648,USA_2019,CWHvm_WA,CWHvm_WA/101,D3
3649,USA_2019,CWHvm_WA,CWHvm_WA/101,C4
3650,USA_2019,CWHvm_WA,CWHvm_WA/101,C3
3651,USA_2019,CWHvm_WA,CWHvm_WA/101,B4
3652,USA_2019,CWHvm_WA,CWHvm_WA/101,B3
3653,USA_2019,CWHvm_WA,CWHvm_WA/102,D1
3654,USA_2019,CWHvm_WA,CWHvm_WA/102,C1
3655,USA_2019,CWHvm_WA,CWHvm_WA/102,B1
3656,USA_2019,CWHvm_WA,CWHvm_WA/102,A1
3657,USA_2019,CWHvm_WA,CWHvm_WA/103,D2
3658,USA_2019,CWHvm_WA,CWHvm_WA/103,C2
3659,USA_2019,CWHvm_WA,CWHvm_WA/103,B2
3660,USA_2019,CWHvm_WA,CWHvm_WA/103,A2
3661,USA_2019,CWHvm_WA,CWHvm_WA/110,C5
3662,USA_2019,CWHvm_WA,CWHvm_WA/110,B5
3663,USA_2019,CWHvm_WA,CWHvm_WA/111,C6
3664,USA_2019,CWHvm_WA,CWHvm_WA/111,B6
3665,USA_2019,CWHvm_WA,CWHvm_WA/112,E5
3666,USA_2019,CWHvm_WA,CWHvm_WA/112,D5
3667,USA_2019,CWHvm_WA,CWHvm_WA/113,E6
3668,USA_2019,CWHvm_WA,CWHvm_WA/113,D6
3669,Add_2021,CWHvm_WA,CWHvm_WA/Ro,A0
3670,Add_2021,CWHvm_WA,CWHvm_WA/Ro,B0
3671,BECv13,CWHvm1,CWHvm1/101,B3
3672,BECv13,CWHvm1,CWHvm1/101,C3
3673,BECv13,CWHvm1,CWHvm1/101,B4
3674,BECv13,CWHvm1,CWHvm1/101,C4
3675,BECv13,CWHvm1,CWHvm1/102,A0
3676,BECv13,CWHvm1,CWHvm1/102,A1
3677,BECv13,CWHvm1,CWHvm1/102,B1
3678,BECv13,CWHvm1,CWHvm1/102,B0
3679,BECv13,CWHvm1,CWHvm1/102,C0
3680,BECv13,CWHvm1,CWHvm1/102,C1
3681,BECv13,CWHvm1,CWHvm1/103,A2
3682,BECv13,CWHvm1,CWHvm1/103,B2
3683,BECv13,CWHvm1,CWHvm1/103,C2
3684,BECv13,CWHvm1,CWHvm1/103,A3
3685,BECv13,CWHvm1,CWHvm1/103,B3
3686,BECv13,CWHvm1,CWHvm1/104,A2
3687,BECv13,CWHvm1,CWHvm1/104,A3
3688,BECv13,CWHvm1,CWHvm1/104,B2
3689,BECv13,CWHvm1,CWHvm1/104,C2
3690,BECv13,CWHvm1,CWHvm1/104,B3
3691,BECv13,CWHvm1,CWHvm1/105,D2
3692,BECv13,CWHvm1,CWHvm1/105,D3
3693,BECv13,CWHvm1,CWHvm1/105,E3
3694,BECv13,CWHvm1,CWHvm1/105,E2
3695,BECv13,CWHvm1,CWHvm1/110,D4
3696,BECv13,CWHvm1,CWHvm1/110,E4
3697,BECv13,CWHvm1,CWHvm1/110,E5
3698,BECv13,CWHvm1,CWHvm1/110,D5
3699,BECv13,CWHvm1,CWHvm1/111,A4
3700,BECv13,CWHvm1,CWHvm1/111,A5
3701,BECv13,CWHvm1,CWHvm1/111,B5
3702,BECv13,CWHvm1,CWHvm1/111,C5
3703,BECv13,CWHvm1,CWHvm1/111.1,A4
3704,BECv13,CWHvm1,CWHvm1/111.1,A5
3705,BECv13,CWHvm1,CWHvm1/111.1,B5
3706,BECv13,CWHvm1,CWHvm1/111.1,C5
3707,BECv13,CWHvm1,CWHvm1/111.2,A4
3708,BECv13,CWHvm1,CWHvm1/111.2,A5
3709,BECv13,CWHvm1,CWHvm1/111.2,B5
3710,BECv13,CWHvm1,CWHvm1/111.2,C5
3711,BECv13,CWHvm1,CWHvm1/112,D5
3712,BECv13,CWHvm1,CWHvm1/112,E5
3713,BECv13,CWHvm1,CWHvm1/112,E6
3714,BECv13,CWHvm1,CWHvm1/112,D6
3715,BECv13,CWHvm1,CWHvm1/112.1,D5
3716,BECv13,CWHvm1,CWHvm1/112.1,E5
3717,BECv13,CWHvm1,CWHvm1/112.1,E6
3718,BECv13,CWHvm1,CWHvm1/112.1,D6
3719,BECv13,CWHvm1,CWHvm1/112.2,D5
3720,BECv13,CWHvm1,CWHvm1/112.2,E5
3721,BECv13,CWHvm1,CWHvm1/112.2,E6
3722,BECv13,CWHvm1,CWHvm1/112.2,D6
3723,BECv13,CWHvm1,CWHvm1/113,A6
3724,BECv13,CWHvm1,CWHvm1/113,B6
3725,BECv13,CWHvm1,CWHvm1/113,C6
3726,BECv13,CWHvm1,CWHvm1/114,D5
3727,BECv13,CWHvm1,CWHvm1/114,E5
3728,BECv13,CWHvm1,CWHvm1/114,E6
3729,BECv13,CWHvm1,CWHvm1/114,D6
3730,BECv13,CWHvm1,CWHvm1/Fl50,D5
3731,BECv13,CWHvm1,CWHvm1/Fl50,E5
3732,BECv13,CWHvm1,CWHvm1/Fl50,E6
3733,BECv13,CWHvm1,CWHvm1/Fl50,D6
3734,BECv13,CWHvm1,CWHvm1/Fl51,D5
3735,BECv13,CWHvm1,CWHvm1/Fl51,E5
3736,BECv13,CWHvm1,CWHvm1/Fl51,E6
3737,BECv13,CWHvm1,CWHvm1/Fl51,D6
3738,BECv13,CWHvm1,CWHvm1/Fm50,D5
3739,BECv13,CWHvm1,CWHvm1/Fm50,E5
3740,BECv13,CWHvm1,CWHvm1/Fm50,E6
3741,BECv13,CWHvm1,CWHvm1/Fm50,D6
3742,BECv13,CWHvm1,CWHvm1/Fm52,D5
3743,BECv13,CWHvm1,CWHvm1/Fm52,E5
3744,BECv13,CWHvm1,CWHvm1/Fm52,E6
3745,BECv13,CWHvm1,CWHvm1/Fm52,D6
3746,BECv13,CWHvm1,CWHvm1/Wb51,A7
3747,BECv13,CWHvm1,CWHvm1/Wb51,B7
3748,BECv13,CWHvm1,CWHvm1/Wb55,A7
3749,BECv13,CWHvm1,CWHvm1/Wb55,B7
3750,BECv13,CWHvm1,CWHvm1/Wf,C7
3751,BECv13,CWHvm1,CWHvm1/Wf,D7
3752,BECv13,CWHvm1,CWHvm1/Wf,E7
3753,BECv13,CWHvm1,CWHvm1/Wm,C7
3754,BECv13,CWHvm1,CWHvm1/Wm,D7
3755,BECv13,CWHvm1,CWHvm1/Wm,E7
3756,BECv13,CWHvm1,CWHvm1/Ws54,E7
3757,BECv13,CWHvm1,CWHvm1/Ws54,D7
3758,BECv13,CWHvm1,CWHvm1/Ws54,C7
3759,BECv13,CWHvm1,CWHvm1/Ws54,D6
3760,BECv13,CWHvm1,CWHvm1/Ws54,E6
3761,BECv13,CWHvm1,CWHvm1/Ws56,E7
3762,BECv13,CWHvm1,CWHvm1/Ws56,D7
3763,BECv13,CWHvm1,CWHvm1/Ws56,C7
3764,BECv13,CWHvm1,CWHvm1/Ws56,D6
3765,BECv13,CWHvm1,CWHvm1/Ws56,E6
3766,BECv13,CWHvm1,CWHvm1/Ws58,E7
3767,BECv13,CWHvm1,CWHvm1/Ws58,D7
3768,BECv13,CWHvm1,CWHvm1/Ws58,C7
3769,BECv13,CWHvm1,CWHvm1/Ws58,D6
3770,BECv13,CWHvm1,CWHvm1/Ws58,E6
3771,BECv13,CWHvm1,CWHvm1/Ws60,E7
3772,BECv13,CWHvm1,CWHvm1/Ws60,D7
3773,BECv13,CWHvm1,CWHvm1/Ws60,C7
3774,BECv13,CWHvm1,CWHvm1/Ws60,D6
3775,BECv13,CWHvm1,CWHvm1/Ws60,E6
3776,BECv13,CWHvm2,CWHvm2/101,B3
3777,BECv13,CWHvm2,CWHvm2/101,B4
3778,BECv13,CWHvm2,CWHvm2/101,C4
3779,BECv13,CWHvm2,CWHvm2/101,C3
3780,BECv13,CWHvm2,CWHvm2/102,A0
3781,BECv13,CWHvm2,CWHvm2/102,B0
3782,BECv13,CWHvm2,CWHvm2/102,A1
3783,BECv13,CWHvm2,CWHvm2/102,B1
3784,BECv13,CWHvm2,CWHvm2/102,C0
3785,BECv13,CWHvm2,CWHvm2/102,C1
3786,BECv13,CWHvm2,CWHvm2/103,A1
3787,BECv13,CWHvm2,CWHvm2/103,B1
3788,BECv13,CWHvm2,CWHvm2/103,C1
3789,BECv13,CWHvm2,CWHvm2/103,C2
3790,BECv13,CWHvm2,CWHvm2/103,B2
3791,BECv13,CWHvm2,CWHvm2/103,A2
3792,BECv13,CWHvm2,CWHvm2/103,A3
3793,BECv13,CWHvm2,CWHvm2/103,B3
3794,BECv13,CWHvm2,CWHvm2/103,C3
3795,BECv13,CWHvm2,CWHvm2/104,A1
3796,BECv13,CWHvm2,CWHvm2/104,B1
3797,BECv13,CWHvm2,CWHvm2/104,C1
3798,BECv13,CWHvm2,CWHvm2/104,C2
3799,BECv13,CWHvm2,CWHvm2/104,C3
3800,BECv13,CWHvm2,CWHvm2/104,B3
3801,BECv13,CWHvm2,CWHvm2/104,A3
3802,BECv13,CWHvm2,CWHvm2/104,A2
3803,BECv13,CWHvm2,CWHvm2/104,B2
3804,BECv13,CWHvm2,CWHvm2/105,A1
3805,BECv13,CWHvm2,CWHvm2/105,B1
3806,BECv13,CWHvm2,CWHvm2/105,C1
3807,BECv13,CWHvm2,CWHvm2/105,C2
3808,BECv13,CWHvm2,CWHvm2/105,B2
3809,BECv13,CWHvm2,CWHvm2/105,A2
3810,BECv13,CWHvm2,CWHvm2/105,A3
3811,BECv13,CWHvm2,CWHvm2/105,B3
3812,BECv13,CWHvm2,CWHvm2/105,C3
3813,BECv13,CWHvm2,CWHvm2/110,D3
3814,BECv13,CWHvm2,CWHvm2/110,E3
3815,BECv13,CWHvm2,CWHvm2/110,E4
3816,BECv13,CWHvm2,CWHvm2/110,D4
3817,BECv13,CWHvm2,CWHvm2/110,D5
3818,BECv13,CWHvm2,CWHvm2/110,E5
3819,BECv13,CWHvm2,CWHvm2/111,A4
3820,BECv13,CWHvm2,CWHvm2/111,A5
3821,BECv13,CWHvm2,CWHvm2/111,B5
3822,BECv13,CWHvm2,CWHvm2/111,C5
3823,BECv13,CWHvm2,CWHvm2/111.1,A4
3824,BECv13,CWHvm2,CWHvm2/111.1,B5
3825,BECv13,CWHvm2,CWHvm2/111.1,A5
3826,BECv13,CWHvm2,CWHvm2/111.1,C5
3827,BECv13,CWHvm2,CWHvm2/111.2,A4
3828,BECv13,CWHvm2,CWHvm2/111.2,A5
3829,BECv13,CWHvm2,CWHvm2/111.2,B5
3830,BECv13,CWHvm2,CWHvm2/111.2,C5
3831,BECv13,CWHvm2,CWHvm2/112,D5
3832,BECv13,CWHvm2,CWHvm2/112,E5
3833,BECv13,CWHvm2,CWHvm2/112,E6
3834,BECv13,CWHvm2,CWHvm2/112,D6
3835,BECv13,CWHvm2,CWHvm2/112.1,D5
3836,BECv13,CWHvm2,CWHvm2/112.1,D6
3837,BECv13,CWHvm2,CWHvm2/112.1,E6
3838,BECv13,CWHvm2,CWHvm2/112.1,E5
3839,BECv13,CWHvm2,CWHvm2/112.2,D5
3840,BECv13,CWHvm2,CWHvm2/112.2,D6
3841,BECv13,CWHvm2,CWHvm2/112.2,E6
3842,BECv13,CWHvm2,CWHvm2/112.2,E5
3843,BECv13,CWHvm2,CWHvm2/113,A6
3844,BECv13,CWHvm2,CWHvm2/113,B6
3845,BECv13,CWHvm2,CWHvm2/114,C6
3846,BECv13,CWHvm2,CWHvm2/114,D6
3847,BECv13,CWHvm2,CWHvm2/114,D7
3848,BECv13,CWHvm2,CWHvm2/114,C7
3849,BECv13,CWHvm2,CWHvm2/115,E7
3850,BECv13,CWHvm2,CWHvm2/115,D7
3851,BECv13,CWHvm2,CWHvm2/115,D6
3852,BECv13,CWHvm2,CWHvm2/115,E6
3853,BECv13,CWHvm2,CWHvm2/Wb51,A7
3854,BECv13,CWHvm2,CWHvm2/Wb51,B7
3855,BECv13,CWHvm2,CWHvm2/Wb53,A7
3856,BECv13,CWHvm2,CWHvm2/Wb53,B7
3857,BECv13,CWHvm2,CWHvm2/Wf,C7
3858,BECv13,CWHvm2,CWHvm2/Wf,D7
3859,BECv13,CWHvm2,CWHvm2/Wf,E7
3860,BECv13,CWHvm2,CWHvm2/Wm,C7
3861,BECv13,CWHvm2,CWHvm2/Wm,D7
3862,BECv13,CWHvm2,CWHvm2/Wm,E7
3863,BECv13,CWHvm2,CWHvm2/Ws55,E7
3864,BECv13,CWHvm2,CWHvm2/Ws55,D7
3865,BECv13,CWHvm2,CWHvm2/Ws55,D6
3866,BECv13,CWHvm2,CWHvm2/Ws55,E6
3867,BECv13,CWHvm3,CWHvm3/101,B4
3868,BECv13,CWHvm3,CWHvm3/101,C4
3869,BECv13,CWHvm3,CWHvm3/101,C3
3870,BECv13,CWHvm3,CWHvm3/102,A0
3871,BECv13,CWHvm3,CWHvm3/102,B0
3872,BECv13,CWHvm3,CWHvm3/102,A1
3873,BECv13,CWHvm3,CWHvm3/102,B1
3874,BECv13,CWHvm3,CWHvm3/102,C0
3875,BECv13,CWHvm3,CWHvm3/102,C1
3876,BECv13,CWHvm3,CWHvm3/103,A1
3877,BECv13,CWHvm3,CWHvm3/103,B1
3878,BECv13,CWHvm3,CWHvm3/103,C1
3879,BECv13,CWHvm3,CWHvm3/103,C2
3880,BECv13,CWHvm3,CWHvm3/103,B2
3881,BECv13,CWHvm3,CWHvm3/103,A2
3882,BECv13,CWHvm3,CWHvm3/103,A3
3883,BECv13,CWHvm3,CWHvm3/103,B3
3884,BECv13,CWHvm3,CWHvm3/104,D2
3885,BECv13,CWHvm3,CWHvm3/104,E2
3886,BECv13,CWHvm3,CWHvm3/104,E3
3887,BECv13,CWHvm3,CWHvm3/104,D3
3888,BECv13,CWHvm3,CWHvm3/110,D4
3889,BECv13,CWHvm3,CWHvm3/110,E4
3890,BECv13,CWHvm3,CWHvm3/110,D5
3891,BECv13,CWHvm3,CWHvm3/110,E5
3892,BECv13,CWHvm3,CWHvm3/111,A4
3893,BECv13,CWHvm3,CWHvm3/111,A5
3894,BECv13,CWHvm3,CWHvm3/111,B5
3895,BECv13,CWHvm3,CWHvm3/111,C5
3896,BECv13,CWHvm3,CWHvm3/111.1,A4
3897,BECv13,CWHvm3,CWHvm3/111.1,A5
3898,BECv13,CWHvm3,CWHvm3/111.1,B5
3899,BECv13,CWHvm3,CWHvm3/111.1,C5
3900,BECv13,CWHvm3,CWHvm3/111.2,A4
3901,BECv13,CWHvm3,CWHvm3/111.2,A5
3902,BECv13,CWHvm3,CWHvm3/111.2,B5
3903,BECv13,CWHvm3,CWHvm3/111.2,C5
3904,BECv13,CWHvm3,CWHvm3/112,D6
3905,BECv13,CWHvm3,CWHvm3/112,E6
3906,BECv13,CWHvm3,CWHvm3/112,D5
3907,BECv13,CWHvm3,CWHvm3/112,E5
3908,BECv13,CWHvm3,CWHvm3/112.1,D5
3909,BECv13,CWHvm3,CWHvm3/112.1,E5
3910,BECv13,CWHvm3,CWHvm3/112.1,E6
3911,BECv13,CWHvm3,CWHvm3/112.1,D6
3912,BECv13,CWHvm3,CWHvm3/112.2,D5
3913,BECv13,CWHvm3,CWHvm3/112.2,E5
3914,BECv13,CWHvm3,CWHvm3/112.2,E6
3915,BECv13,CWHvm3,CWHvm3/112.2,D6
3916,BECv13,CWHvm3,CWHvm3/113,A6
3917,BECv13,CWHvm3,CWHvm3/113,B6
3918,BECv13,CWHvm3,CWHvm3/113,C6
3919,BECv13,CWHvm3,CWHvm3/114,D5
3920,BECv13,CWHvm3,CWHvm3/114,E5
3921,BECv13,CWHvm3,CWHvm3/114,E6
3922,BECv13,CWHvm3,CWHvm3/114,D6
3923,BECv13,CWHvm3,CWHvm3/Fl50,D6
3924,BECv13,CWHvm3,CWHvm3/Fl50,D5
3925,BECv13,CWHvm3,CWHvm3/Fl50,E5
3926,BECv13,CWHvm3,CWHvm3/Fl50,E6
3927,BECv13,CWHvm3,CWHvm3/Fl51,D6
3928,BECv13,CWHvm3,CWHvm3/Fl51,D5
3929,BECv13,CWHvm3,CWHvm3/Fl51,E5
3930,BECv13,CWHvm3,CWHvm3/Fl51,E6
3931,BECv13,CWHvm3,CWHvm3/Fm50,D5
3932,BECv13,CWHvm3,CWHvm3/Fm50,E5
3933,BECv13,CWHvm3,CWHvm3/Fm50,E6
3934,BECv13,CWHvm3,CWHvm3/Fm50,D6
3935,BECv13,CWHvm3,CWHvm3/Wb51,A7
3936,BECv13,CWHvm3,CWHvm3/Wb51,B7
3937,BECv13,CWHvm3,CWHvm3/Wb53,A7
3938,BECv13,CWHvm3,CWHvm3/Wb53,B7
3939,BECv13,CWHvm3,CWHvm3/Wf,C7
3940,BECv13,CWHvm3,CWHvm3/Wf,D7
3941,BECv13,CWHvm3,CWHvm3/Wf,E7
3942,BECv13,CWHvm3,CWHvm3/Wm,C7
3943,BECv13,CWHvm3,CWHvm3/Wm,D7
3944,BECv13,CWHvm3,CWHvm3/Wm,E7
3945,BECv13,CWHvm3,CWHvm3/Ws54,C7
3946,BECv13,CWHvm3,CWHvm3/Ws54,D7
3947,BECv13,CWHvm3,CWHvm3/Ws54,E7
3948,BECv13,CWHvm3,CWHvm3/Ws56,C7
3949,BECv13,CWHvm3,CWHvm3/Ws56,D7
3950,BECv13,CWHvm3,CWHvm3/Ws56,E7
3951,BECv13,CWHvm3,CWHvm3/Ws58,C7
3952,BECv13,CWHvm3,CWHvm3/Ws58,D7
3953,BECv13,CWHvm3,CWHvm3/Ws58,E7
3954,BECv13,CWHvm3,CWHvm3/Ws60,C7
3955,BECv13,CWHvm3,CWHvm3/Ws60,D7
3956,BECv13,CWHvm3,CWHvm3/Ws60,E7
3957,BECv13,CWHvm4,CWHvm4/101,B3
3958,BECv13,CWHvm4,CWHvm4/101,C3
3959,BECv13,CWHvm4,CWHvm4/101,C4
3960,BECv13,CWHvm4,CWHvm4/101,B4
3961,BECv13,CWHvm3,CWHvm4/102,C0
3962,BECv13,CWHvm3,CWHvm4/102,C1
3963,BECv13,CWHvm4,CWHvm4/102,A0
3964,BECv13,CWHvm4,CWHvm4/102,B0
3965,BECv13,CWHvm4,CWHvm4/102,B1
3966,BECv13,CWHvm4,CWHvm4/102,A1
3967,BECv13,CWHvm4,CWHvm4/103,A1
3968,BECv13,CWHvm4,CWHvm4/103,B1
3969,BECv13,CWHvm4,CWHvm4/103,C1
3970,BECv13,CWHvm4,CWHvm4/103,C2
3971,BECv13,CWHvm4,CWHvm4/103,B2
3972,BECv13,CWHvm4,CWHvm4/103,A2
3973,BECv13,CWHvm4,CWHvm4/103,A3
3974,BECv13,CWHvm4,CWHvm4/103,B3
3975,BECv13,CWHvm4,CWHvm4/103,C3
3976,BECv13,CWHvm4,CWHvm4/104,A1
3977,BECv13,CWHvm4,CWHvm4/104,B1
3978,BECv13,CWHvm4,CWHvm4/104,C1
3979,BECv13,CWHvm4,CWHvm4/104,C2
3980,BECv13,CWHvm4,CWHvm4/104,B2
3981,BECv13,CWHvm4,CWHvm4/104,A2
3982,BECv13,CWHvm4,CWHvm4/104,A3
3983,BECv13,CWHvm4,CWHvm4/104,B3
3984,BECv13,CWHvm4,CWHvm4/104,C3
3985,BECv13,CWHvm4,CWHvm4/110,D3
3986,BECv13,CWHvm4,CWHvm4/110,E3
3987,BECv13,CWHvm4,CWHvm4/110,E4
3988,BECv13,CWHvm4,CWHvm4/110,D4
3989,BECv13,CWHvm4,CWHvm4/110,D5
3990,BECv13,CWHvm4,CWHvm4/110,E5
3991,BECv13,CWHvm4,CWHvm4/111,A4
3992,BECv13,CWHvm4,CWHvm4/111,A5
3993,BECv13,CWHvm4,CWHvm4/111,B5
3994,BECv13,CWHvm4,CWHvm4/111,C5
3995,BECv13,CWHvm4,CWHvm4/112,D5
3996,BECv13,CWHvm4,CWHvm4/112,E5
3997,BECv13,CWHvm4,CWHvm4/112,E6
3998,BECv13,CWHvm4,CWHvm4/112,D6
3999,BECv13,CWHvm4,CWHvm4/113,A6
4000,BECv13,CWHvm4,CWHvm4/113,B6
4001,BECv13,CWHvm4,CWHvm4/Wb51,A7
4002,BECv13,CWHvm4,CWHvm4/Wb51,B7
4003,BECv13,CWHvm4,CWHvm4/Wb53,A7
4004,BECv13,CWHvm4,CWHvm4/Wb53,B7
4005,BECv13,CWHvm4,CWHvm4/Wf,C7
4006,BECv13,CWHvm4,CWHvm4/Wf,D7
4007,BECv13,CWHvm4,CWHvm4/Wf,E7
4008,BECv13,CWHvm4,CWHvm4/Wm,C7
4009,BECv13,CWHvm4,CWHvm4/Wm,D7
4010,BECv13,CWHvm4,CWHvm4/Wm,E7
4011,BECv13,CWHvm4,CWHvm4/Ws55,E6
4012,BECv13,CWHvm4,CWHvm4/Ws55,C6
4013,BECv13,CWHvm4,CWHvm4/Ws55,D6
4014,BECv13,CWHvm4,CWHvm4/Ws55,C7
4015,BECv13,CWHvm4,CWHvm4/Ws55,D7
4016,BECv13,CWHvm4,CWHvm4/Ws55,E7
4017,USA_2023,CWHwh_OR,CWHwh_OR/101,D4
4018,USA_2023,CWHwh_OR,CWHwh_OR/101,D3
4019,USA_2023,CWHwh_OR,CWHwh_OR/101,C4
4020,USA_2023,CWHwh_OR,CWHwh_OR/101,C3
4021,USA_2023,CWHwh_OR,CWHwh_OR/101,B4
4022,USA_2023,CWHwh_OR,CWHwh_OR/101,B3
4023,USA_2023,CWHwh_OR,CWHwh_OR/102,D1
4024,USA_2023,CWHwh_OR,CWHwh_OR/102,C1
4025,USA_2023,CWHwh_OR,CWHwh_OR/102,B1
4026,USA_2023,CWHwh_OR,CWHwh_OR/102,A1
4027,USA_2023,CWHwh_OR,CWHwh_OR/103,D2
4028,USA_2023,CWHwh_OR,CWHwh_OR/103,C2
4029,USA_2023,CWHwh_OR,CWHwh_OR/103,B2
4030,USA_2023,CWHwh_OR,CWHwh_OR/103,A2
4031,USA_2023,CWHwh_OR,CWHwh_OR/110,C5
4032,USA_2023,CWHwh_OR,CWHwh_OR/110,B5
4033,USA_2023,CWHwh_OR,CWHwh_OR/111,C6
4034,USA_2023,CWHwh_OR,CWHwh_OR/111,B6
4035,USA_2023,CWHwh_OR,CWHwh_OR/112,E5
4036,USA_2023,CWHwh_OR,CWHwh_OR/112,D5
4037,USA_2023,CWHwh_OR,CWHwh_OR/113,E6
4038,USA_2023,CWHwh_OR,CWHwh_OR/113,D6
4039,USA_2023,CWHwh_OR,CWHwh_OR/Ro,A0
4040,USA_2023,CWHwh_OR,CWHwh_OR/Ro,B0
4041,USA_2019,CWHwh_WA,CWHwh_WA/101,D4
4042,USA_2019,CWHwh_WA,CWHwh_WA/101,D3
4043,USA_2019,CWHwh_WA,CWHwh_WA/101,C4
4044,USA_2019,CWHwh_WA,CWHwh_WA/101,C3
4045,USA_2019,CWHwh_WA,CWHwh_WA/101,B4
4046,USA_2019,CWHwh_WA,CWHwh_WA/101,B3
4047,USA_2019,CWHwh_WA,CWHwh_WA/102,D1
4048,USA_2019,CWHwh_WA,CWHwh_WA/102,C1
4049,USA_2019,CWHwh_WA,CWHwh_WA/102,B1
4050,USA_2019,CWHwh_WA,CWHwh_WA/102,A1
4051,USA_2019,CWHwh_WA,CWHwh_WA/103,D2
4052,USA_2019,CWHwh_WA,CWHwh_WA/103,C2
4053,USA_2019,CWHwh_WA,CWHwh_WA/103,B2
4054,USA_2019,CWHwh_WA,CWHwh_WA/103,A2
4055,USA_2019,CWHwh_WA,CWHwh_WA/110,C5
4056,USA_2019,CWHwh_WA,CWHwh_WA/110,B5
4057,USA_2019,CWHwh_WA,CWHwh_WA/111,C6
4058,USA_2019,CWHwh_WA,CWHwh_WA/111,B6
4059,USA_2019,CWHwh_WA,CWHwh_WA/112,E5
4060,USA_2019,CWHwh_WA,CWHwh_WA/112,D5
4061,USA_2019,CWHwh_WA,CWHwh_WA/113,E6
4062,USA_2019,CWHwh_WA,CWHwh_WA/113,D6
4063,Add_2021,CWHwh_WA,CWHwh_WA/Ro,A0
4064,Add_2021,CWHwh_WA,CWHwh_WA/Ro,B0
4065,BECv10,CWHwh1,CWHwh1/101,C5
4066,BECv10,CWHwh1,CWHwh1/101,C4
4067,BECv10,CWHwh1,CWHwh1/101,C3
4068,BECv10,CWHwh1,CWHwh1/101,B4
4069,BECv10,CWHwh1,CWHwh1/101,B3
4070,BECv10,CWHwh1,CWHwh1/101a,C4
4071,BECv10,CWHwh1,CWHwh1/101a,C3
4072,BECv10,CWHwh1,CWHwh1/101a,B4
4073,BECv10,CWHwh1,CWHwh1/101a,B3
4074,BECv10,CWHwh1,CWHwh1/101b,C5
4075,BECv10,CWHwh1,CWHwh1/102,C3
4076,BECv10,CWHwh1,CWHwh1/102,C2
4077,BECv10,CWHwh1,CWHwh1/102,C1
4078,BECv10,CWHwh1,CWHwh1/102,B2
4079,BECv10,CWHwh1,CWHwh1/102,B1
4080,BECv10,CWHwh1,CWHwh1/102,A3
4081,BECv10,CWHwh1,CWHwh1/102,A2
4082,BECv10,CWHwh1,CWHwh1/102,A1
4083,BECv10,CWHwh1,CWHwh1/102,A0
4084,BECv10,CWHwh1,CWHwh1/103,C2
4085,BECv10,CWHwh1,CWHwh1/103,C1
4086,BECv10,CWHwh1,CWHwh1/103,C0
4087,BECv10,CWHwh1,CWHwh1/103,B2
4088,BECv10,CWHwh1,CWHwh1/103,B1
4089,BECv10,CWHwh1,CWHwh1/103,B0
4090,BECv10,CWHwh1,CWHwh1/103,A2
4091,BECv10,CWHwh1,CWHwh1/103,A1
4092,BEC11,CWHwh1,CWHwh1/103.1,C2
4093,BEC11,CWHwh1,CWHwh1/103.1,C1
4094,BEC11,CWHwh1,CWHwh1/103.1,C0
4095,BEC11,CWHwh1,CWHwh1/103.1,B2
4096,BEC11,CWHwh1,CWHwh1/103.1,B1
4097,BEC11,CWHwh1,CWHwh1/103.1,B0
4098,BEC11,CWHwh1,CWHwh1/103.1,A2
4099,BEC11,CWHwh1,CWHwh1/103.1,A1
4100,BEC11,CWHwh1,CWHwh1/103.1,A0
4101,BEC11,CWHwh1,CWHwh1/103.2,C2
4102,BEC11,CWHwh1,CWHwh1/103.2,C1
4103,BEC11,CWHwh1,CWHwh1/103.2,C0
4104,BEC11,CWHwh1,CWHwh1/103.2,B2
4105,BEC11,CWHwh1,CWHwh1/103.2,B1
4106,BEC11,CWHwh1,CWHwh1/103.2,B0
4107,BEC11,CWHwh1,CWHwh1/103.2,A2
4108,BEC11,CWHwh1,CWHwh1/103.2,A1
4109,BEC11,CWHwh1,CWHwh1/103.2,A0
4110,BECv10,CWHwh1,CWHwh1/104,C3
4111,BECv10,CWHwh1,CWHwh1/104,C2
4112,BECv10,CWHwh1,CWHwh1/104,B3
4113,BECv10,CWHwh1,CWHwh1/104,B2
4114,BECv10,CWHwh1,CWHwh1/104,A3
4115,BECv10,CWHwh1,CWHwh1/104,A2
4116,BECv10,CWHwh1,CWHwh1/105,E3
4117,BECv10,CWHwh1,CWHwh1/105,E2
4118,BECv10,CWHwh1,CWHwh1/105,D3
4119,BECv10,CWHwh1,CWHwh1/105,D2
4120,BECv10,CWHwh1,CWHwh1/105a,E3
4121,BECv10,CWHwh1,CWHwh1/105a,E2
4122,BECv10,CWHwh1,CWHwh1/105a,D3
4123,BECv10,CWHwh1,CWHwh1/105a,D2
4124,BECv10,CWHwh1,CWHwh1/105b,E3
4125,BECv10,CWHwh1,CWHwh1/105b,E2
4126,BECv10,CWHwh1,CWHwh1/105b,D3
4127,BECv10,CWHwh1,CWHwh1/105b,D2
4128,BECv10,CWHwh1,CWHwh1/110,B5
4129,BECv10,CWHwh1,CWHwh1/110,A5
4130,BECv10,CWHwh1,CWHwh1/110,A4
4131,BECv10,CWHwh1,CWHwh1/110a,B5
4132,BECv10,CWHwh1,CWHwh1/110a,A5
4133,BECv10,CWHwh1,CWHwh1/110a,A4
4134,BECv10,CWHwh1,CWHwh1/110b,B5
4135,BECv10,CWHwh1,CWHwh1/110b,A5
4136,BECv10,CWHwh1,CWHwh1/111,E5
4137,BECv10,CWHwh1,CWHwh1/111,E4
4138,BECv10,CWHwh1,CWHwh1/111,D5
4139,BECv10,CWHwh1,CWHwh1/111,D4
4140,BECv10,CWHwh1,CWHwh1/111a,E5
4141,BECv10,CWHwh1,CWHwh1/111a,E4
4142,BECv10,CWHwh1,CWHwh1/111a,D5
4143,BECv10,CWHwh1,CWHwh1/111a,D4
4144,BECv10,CWHwh1,CWHwh1/111b,E5
4145,BECv10,CWHwh1,CWHwh1/111b,E4
4146,BECv10,CWHwh1,CWHwh1/111b,D5
4147,BECv10,CWHwh1,CWHwh1/111b,D4
4148,BECv10,CWHwh1,CWHwh1/111c,E5
4149,BECv10,CWHwh1,CWHwh1/111c,E4
4150,BECv10,CWHwh1,CWHwh1/111c,D5
4151,BECv10,CWHwh1,CWHwh1/111c,D4
4152,BECv10,CWHwh1,CWHwh1/112,E4
4153,BECv10,CWHwh1,CWHwh1/112,D4
4154,BECv10,CWHwh1,CWHwh1/113,E5
4155,BECv10,CWHwh1,CWHwh1/113,E4
4156,BECv10,CWHwh1,CWHwh1/113,D5
4157,BECv10,CWHwh1,CWHwh1/113,D4
4158,BECv10,CWHwh1,CWHwh1/114,E5
4159,BECv10,CWHwh1,CWHwh1/114,D5
4160,BECv10,CWHwh1,CWHwh1/115,B6
4161,BECv10,CWHwh1,CWHwh1/115,A6
4162,BECv10,CWHwh1,CWHwh1/116,E6
4163,BECv10,CWHwh1,CWHwh1/116,D6
4164,BECv10,CWHwh1,CWHwh1/117,E6
4165,BECv10,CWHwh1,CWHwh1/117,D6
4166,BECv10,CWHwh1,CWHwh1/118,E7
4167,BECv10,CWHwh1,CWHwh1/118,E6
4168,BECv10,CWHwh1,CWHwh1/118,D7
4169,BECv10,CWHwh1,CWHwh1/118,D6
4170,BECv10,CWHwh1,CWHwh1/118,C7
4171,BECv10,CWHwh1,CWHwh1/118,C6
4172,BEC11,CWHwh1,CWHwh1/118a,E6
4173,BEC11,CWHwh1,CWHwh1/118a,D6
4174,BEC11,CWHwh1,CWHwh1/118a,C6
4175,BEC11,CWHwh1,CWHwh1/118b,E7
4176,BEC11,CWHwh1,CWHwh1/118b,D7
4177,BEC11,CWHwh1,CWHwh1/118b,C7
4178,BECv10,CWHwh1,CWHwh1/Wb51,B7
4179,BECv10,CWHwh1,CWHwh1/Wb51,A7
4180,BECv10,CWHwh2,CWHwh2/101,C5
4181,BECv10,CWHwh2,CWHwh2/101,C4
4182,BECv10,CWHwh2,CWHwh2/101,C3
4183,BECv10,CWHwh2,CWHwh2/101,C2
4184,BECv10,CWHwh2,CWHwh2/101,C1
4185,BECv10,CWHwh2,CWHwh2/101,B5
4186,BECv10,CWHwh2,CWHwh2/101,B4
4187,BECv10,CWHwh2,CWHwh2/101,B3
4188,BECv10,CWHwh2,CWHwh2/101,B2
4189,BECv10,CWHwh2,CWHwh2/101,B1
4190,BECv10,CWHwh2,CWHwh2/101,A5
4191,BECv10,CWHwh2,CWHwh2/101,A4
4192,BECv10,CWHwh2,CWHwh2/101,A3
4193,BECv10,CWHwh2,CWHwh2/101,A2
4194,BECv10,CWHwh2,CWHwh2/101,A1
4195,BEC11,CWHwh2,CWHwh2/101a,C4
4196,BEC11,CWHwh2,CWHwh2/101a,C3
4197,BEC11,CWHwh2,CWHwh2/101a,B4
4198,BEC11,CWHwh2,CWHwh2/101a,B3
4199,BEC11,CWHwh2,CWHwh2/101a,A4
4200,BEC11,CWHwh2,CWHwh2/101a,A3
4201,BEC11,CWHwh2,CWHwh2/101b,C2
4202,BEC11,CWHwh2,CWHwh2/101b,C1
4203,BEC11,CWHwh2,CWHwh2/101b,B2
4204,BEC11,CWHwh2,CWHwh2/101b,B1
4205,BEC11,CWHwh2,CWHwh2/101b,A2
4206,BEC11,CWHwh2,CWHwh2/101b,A1
4207,BEC11,CWHwh2,CWHwh2/101c,C5
4208,BEC11,CWHwh2,CWHwh2/101c,B5
4209,BEC11,CWHwh2,CWHwh2/101c,A5
4210,BECv10,CWHwh2,CWHwh2/110,E5
4211,BECv10,CWHwh2,CWHwh2/110,E4
4212,BECv10,CWHwh2,CWHwh2/110,D5
4213,BECv10,CWHwh2,CWHwh2/110,D4
4214,BECv10,CWHwh2,CWHwh2/111,C6
4215,BECv10,CWHwh2,CWHwh2/111,B6
4216,BECv10,CWHwh2,CWHwh2/111,A6
4217,BECv10,CWHwh2,CWHwh2/112,E7
4218,BECv10,CWHwh2,CWHwh2/112,E6
4219,BECv10,CWHwh2,CWHwh2/112,D7
4220,BECv10,CWHwh2,CWHwh2/112,D6
4221,BECv10,CWHwh2,CWHwh2/112,C7
4222,BEC11,CWHwh2,CWHwh2/112a,E6
4223,BEC11,CWHwh2,CWHwh2/112a,D6
4224,BEC11,CWHwh2,CWHwh2/112b,E7
4225,BEC11,CWHwh2,CWHwh2/112b,D7
4226,BEC11,CWHwh2,CWHwh2/112b,C7
4227,Add_2021,CWHwh2,CWHwh2/Ro,A0
4228,Add_2021,CWHwh2,CWHwh2/Ro,B0
4229,BECv13,CWHwm,CWHwm/101,A2
4230,BECv13,CWHwm,CWHwm/101,B2
4231,BECv13,CWHwm,CWHwm/101,C2
4232,BECv13,CWHwm,CWHwm/101,A3
4233,BECv13,CWHwm,CWHwm/101,B3
4234,BECv13,CWHwm,CWHwm/101,C3
4235,BECv13,CWHwm,CWHwm/101,A4
4236,BECv13,CWHwm,CWHwm/101,B4
4237,BECv13,CWHwm,CWHwm/101,C4
4238,BECv13,CWHwm,CWHwm/101a,A2
4239,BECv13,CWHwm,CWHwm/101a,B2
4240,BECv13,CWHwm,CWHwm/101a,C2
4241,BECv13,CWHwm,CWHwm/101a,C3
4242,BECv13,CWHwm,CWHwm/101a,A3
4243,BECv13,CWHwm,CWHwm/101a,B3
4244,BECv13,CWHwm,CWHwm/101a,C4
4245,BECv13,CWHwm,CWHwm/101a,B4
4246,BECv13,CWHwm,CWHwm/101a,A4
4247,BECv13,CWHwm,CWHwm/101b,A2
4248,BECv13,CWHwm,CWHwm/101b,A3
4249,BECv13,CWHwm,CWHwm/101b,A4
4250,BECv13,CWHwm,CWHwm/101b,B4
4251,BECv13,CWHwm,CWHwm/101b,B3
4252,BECv13,CWHwm,CWHwm/101b,B2
4253,BECv13,CWHwm,CWHwm/101b,C2
4254,BECv13,CWHwm,CWHwm/101b,C4
4255,BECv13,CWHwm,CWHwm/101b,C3
4256,BECv13,CWHwm,CWHwm/102,A0
4257,BECv13,CWHwm,CWHwm/102,B0
4258,BECv13,CWHwm,CWHwm/102,B1
4259,BECv13,CWHwm,CWHwm/102,A1
4260,BECv13,CWHwm,CWHwm/102,C0
4261,BECv13,CWHwm,CWHwm/102,C1
4262,BECv13,CWHwm,CWHwm/110,D3
4263,BECv13,CWHwm,CWHwm/110,E3
4264,BECv13,CWHwm,CWHwm/110,E4
4265,BECv13,CWHwm,CWHwm/110,D4
4266,BECv13,CWHwm,CWHwm/110,D5
4267,BECv13,CWHwm,CWHwm/110,E5
4268,BECv13,CWHwm,CWHwm/111,A5
4269,BECv13,CWHwm,CWHwm/111,A6
4270,BECv13,CWHwm,CWHwm/111,B6
4271,BECv13,CWHwm,CWHwm/111,B5
4272,BECv13,CWHwm,CWHwm/111,C5
4273,BECv13,CWHwm,CWHwm/111,C6
4274,BECv13,CWHwm,CWHwm/112,D5
4275,BECv13,CWHwm,CWHwm/112,D6
4276,BECv13,CWHwm,CWHwm/112,E5
4277,BECv13,CWHwm,CWHwm/112,E6
4278,BECv13,CWHwm,CWHwm/113,D5
4279,BECv13,CWHwm,CWHwm/113,E5
4280,BECv13,CWHwm,CWHwm/113,E6
4281,BECv13,CWHwm,CWHwm/113,D6
4282,BECv13,CWHwm,CWHwm/Fl50,D5
4283,BECv13,CWHwm,CWHwm/Fl50,D6
4284,BECv13,CWHwm,CWHwm/Fl50,E6
4285,BECv13,CWHwm,CWHwm/Fl50,E5
4286,BECv13,CWHwm,CWHwm/Fl51,D5
4287,BECv13,CWHwm,CWHwm/Fl51,D6
4288,BECv13,CWHwm,CWHwm/Fl51,E6
4289,BECv13,CWHwm,CWHwm/Fl51,E5
4290,BECv13,CWHwm,CWHwm/Fm50,D5
4291,BECv13,CWHwm,CWHwm/Fm50,E5
4292,BECv13,CWHwm,CWHwm/Fm50,D6
4293,BECv13,CWHwm,CWHwm/Fm50,E6
4294,BECv13,CWHwm,CWHwm/Wb51,A7
4295,BECv13,CWHwm,CWHwm/Wb51,B7
4296,BECv13,CWHwm,CWHwm/Wb53,A7
4297,BECv13,CWHwm,CWHwm/Wb53,B7
4298,BECv13,CWHwm,CWHwm/Wf,C7
4299,BECv13,CWHwm,CWHwm/Wf,D7
4300,BECv13,CWHwm,CWHwm/Wf,E7
4301,BECv13,CWHwm,CWHwm/Wm,C7
4302,BECv13,CWHwm,CWHwm/Wm,D7
4303,BECv13,CWHwm,CWHwm/Wm,E7
4304,BECv13,CWHwm,CWHwm/Ws55,E7
4305,BECv13,CWHwm,CWHwm/Ws55,E6
4306,BECv13,CWHwm,CWHwm/Ws55,D6
4307,BECv13,CWHwm,CWHwm/Ws55,C6
4308,BECv13,CWHwm,CWHwm/Ws55,C7
4309,BECv13,CWHwm,CWHwm/Ws55,D7
4310,BECv13,CWHwm,CWHwm/Ws56,E7
4311,BECv13,CWHwm,CWHwm/Ws56,E6
4312,BECv13,CWHwm,CWHwm/Ws56,D6
4313,BECv13,CWHwm,CWHwm/Ws56,C6
4314,BECv13,CWHwm,CWHwm/Ws56,C7
4315,BECv13,CWHwm,CWHwm/Ws56,D7
4316,BECv13,CWHwm,CWHwm/Ws60,E7
4317,BECv13,CWHwm,CWHwm/Ws60,E6
4318,BECv13,CWHwm,CWHwm/Ws60,D6
4319,BECv13,CWHwm,CWHwm/Ws60,C6
4320,BECv13,CWHwm,CWHwm/Ws60,C7
4321,BECv13,CWHwm,CWHwm/Ws60,D7
4322,BECv13,CWHws1,CWHws1/101,A4
4323,BECv13,CWHws1,CWHws1/101,A3
4324,BECv13,CWHws1,CWHws1/101,B3
4325,BECv13,CWHws1,CWHws1/101,C3
4326,BECv13,CWHws1,CWHws1/101,C4
4327,BECv13,CWHws1,CWHws1/101,B4
4328,BECv13,CWHws1,CWHws1/102,A0
4329,BECv13,CWHws1,CWHws1/102,B0
4330,BECv13,CWHws1,CWHws1/102,C0
4331,BECv13,CWHws1,CWHws1/102,C1
4332,BECv13,CWHws1,CWHws1/102,B1
4333,BECv13,CWHws1,CWHws1/102,A1
4334,BECv13,CWHws1,CWHws1/103,A1
4335,BECv13,CWHws1,CWHws1/103,A2
4336,BECv13,CWHws1,CWHws1/103,B2
4337,BECv13,CWHws1,CWHws1/103,C1
4338,BECv13,CWHws1,CWHws1/103,B1
4339,BECv13,CWHws1,CWHws1/103,C2
4340,BECv13,CWHws1,CWHws1/103,A3
4341,BECv13,CWHws1,CWHws1/103,B3
4342,BECv13,CWHws1,CWHws1/103,C3
4343,BECv13,CWHws1,CWHws1/110,D3
4344,BECv13,CWHws1,CWHws1/110,E3
4345,BECv13,CWHws1,CWHws1/110,D4
4346,BECv13,CWHws1,CWHws1/110,E4
4347,BECv13,CWHws1,CWHws1/110,D5
4348,BECv13,CWHws1,CWHws1/110,E5
4349,BECv13,CWHws1,CWHws1/111,A6
4350,BECv13,CWHws1,CWHws1/111,A5
4351,BECv13,CWHws1,CWHws1/111,B5
4352,BECv13,CWHws1,CWHws1/111,B6
4353,BECv13,CWHws1,CWHws1/111,C6
4354,BECv13,CWHws1,CWHws1/111,C5
4355,BECv13,CWHws1,CWHws1/112,D5
4356,BECv13,CWHws1,CWHws1/112,E5
4357,BECv13,CWHws1,CWHws1/112,E6
4358,BECv13,CWHws1,CWHws1/112,D6
4359,BECv13,CWHws1,CWHws1/113,D6
4360,BECv13,CWHws1,CWHws1/113,E6
4361,BECv13,CWHws1,CWHws1/113,D5
4362,BECv13,CWHws1,CWHws1/113,E5
4363,BECv13,CWHws1,CWHws1/Fl50,D5
4364,BECv13,CWHws1,CWHws1/Fl50,E5
4365,BECv13,CWHws1,CWHws1/Fl50,E6
4366,BECv13,CWHws1,CWHws1/Fl50,D6
4367,BECv13,CWHws1,CWHws1/Fm50,D5
4368,BECv13,CWHws1,CWHws1/Fm50,E5
4369,BECv13,CWHws1,CWHws1/Fm50,E6
4370,BECv13,CWHws1,CWHws1/Fm50,D6
4371,BECv13,CWHws1,CWHws1/Ro,A0
4372,BECv13,CWHws1,CWHws1/Ro,B0
4373,BECv13,CWHws1,CWHws1/Ro,C0
4374,BECv13,CWHws1,CWHws1/Wb51,A7
4375,BECv13,CWHws1,CWHws1/Wb51,B7
4376,BECv13,CWHws1,CWHws1/Ws56,C7
4377,BECv13,CWHws1,CWHws1/Ws56,D7
4378,BECv13,CWHws1,CWHws1/Ws56,E7
4379,BECv13,CWHws2,CWHws2/101,A3
4380,BECv13,CWHws2,CWHws2/101,A4
4381,BECv13,CWHws2,CWHws2/101,B4
4382,BECv13,CWHws2,CWHws2/101,C4
4383,BECv13,CWHws2,CWHws2/101,C3
4384,BECv13,CWHws2,CWHws2/101,B3
4385,BECv13,CWHws2,CWHws2/102,A0
4386,BECv13,CWHws2,CWHws2/102,B0
4387,BECv13,CWHws2,CWHws2/102,C0
4388,BECv13,CWHws2,CWHws2/102,C1
4389,BECv13,CWHws2,CWHws2/102,B1
4390,BECv13,CWHws2,CWHws2/102,A1
4391,BECv13,CWHws2,CWHws2/103,A1
4392,BECv13,CWHws2,CWHws2/103,B1
4393,BECv13,CWHws2,CWHws2/103,C1
4394,BECv13,CWHws2,CWHws2/103,C2
4395,BECv13,CWHws2,CWHws2/103,B2
4396,BECv13,CWHws2,CWHws2/103,A2
4397,BECv13,CWHws2,CWHws2/110,D3
4398,BECv13,CWHws2,CWHws2/110,E3
4399,BECv13,CWHws2,CWHws2/110,E4
4400,BECv13,CWHws2,CWHws2/110,D4
4401,BECv13,CWHws2,CWHws2/110,D5
4402,BECv13,CWHws2,CWHws2/110,E5
4403,BECv13,CWHws2,CWHws2/111,A5
4404,BECv13,CWHws2,CWHws2/111,B5
4405,BECv13,CWHws2,CWHws2/111,C5
4406,BECv13,CWHws2,CWHws2/111,C6
4407,BECv13,CWHws2,CWHws2/111,B6
4408,BECv13,CWHws2,CWHws2/111,A6
4409,BECv13,CWHws2,CWHws2/112,D6
4410,BECv13,CWHws2,CWHws2/112,C6
4411,BECv13,CWHws2,CWHws2/112,C5
4412,BECv13,CWHws2,CWHws2/112,D5
4413,BECv13,CWHws2,CWHws2/112,E5
4414,BECv13,CWHws2,CWHws2/112,E6
4415,BECv13,CWHws2,CWHws2/113,E6
4416,BECv13,CWHws2,CWHws2/113,E5
4417,BECv13,CWHws2,CWHws2/113,D5
4418,BECv13,CWHws2,CWHws2/113,C5
4419,BECv13,CWHws2,CWHws2/113,D6
4420,BECv13,CWHws2,CWHws2/113,C6
4421,BECv13,CWHws2,CWHws2/114,E5
4422,BECv13,CWHws2,CWHws2/114,E6
4423,BECv13,CWHws2,CWHws2/114,D6
4424,BECv13,CWHws2,CWHws2/114,D5
4425,BECv13,CWHws2,CWHws2/114,C5
4426,BECv13,CWHws2,CWHws2/114,C6
4427,BECv13,CWHws2,CWHws2/Fl51,E6
4428,BECv13,CWHws2,CWHws2/Fl51,D6
4429,BECv13,CWHws2,CWHws2/Fl51,C6
4430,BECv13,CWHws2,CWHws2/Fl51,C5
4431,BECv13,CWHws2,CWHws2/Fl51,E5
4432,BECv13,CWHws2,CWHws2/Fl51,D5
4433,BECv13,CWHws2,CWHws2/Fm50,E6
4434,BECv13,CWHws2,CWHws2/Fm50,E5
4435,BECv13,CWHws2,CWHws2/Fm50,D5
4436,BECv13,CWHws2,CWHws2/Fm50,C5
4437,BECv13,CWHws2,CWHws2/Fm50,C6
4438,BECv13,CWHws2,CWHws2/Fm50,D6
4439,BECv13,CWHws2,CWHws2/Ro,A0
4440,BECv13,CWHws2,CWHws2/Ro,B0
4441,BECv13,CWHws2,CWHws2/Ro,C0
4442,BECv13,CWHws2,CWHws2/Wb51,A7
4443,BECv13,CWHws2,CWHws2/Wb51,B7
4444,BECv13,CWHws2,CWHws2/Ws56,E7
4445,BECv13,CWHws2,CWHws2/Ws56,D7
4446,BECv13,CWHws2,CWHws2/Ws56,C7
4447,BECv13,CWHws3,CWHws3/101,A3
4448,BECv13,CWHws3,CWHws3/101,B3
4449,BECv13,CWHws3,CWHws3/101,C3
4450,BECv13,CWHws3,CWHws3/101,C4
4451,BECv13,CWHws3,CWHws3/101,B4
4452,BECv13,CWHws3,CWHws3/101,A4
4453,BECv13,CWHws3,CWHws3/102,A0
4454,BECv13,CWHws3,CWHws3/102,B0
4455,BECv13,CWHws3,CWHws3/102,C0
4456,BECv13,CWHws3,CWHws3/102,C1
4457,BECv13,CWHws3,CWHws3/102,B1
4458,BECv13,CWHws3,CWHws3/102,A1
4459,BECv13,CWHws3,CWHws3/103,A1
4460,BECv13,CWHws3,CWHws3/103,B1
4461,BECv13,CWHws3,CWHws3/103,C1
4462,BECv13,CWHws3,CWHws3/103,C2
4463,BECv13,CWHws3,CWHws3/103,B2
4464,BECv13,CWHws3,CWHws3/103,A2
4465,BECv13,CWHws3,CWHws3/110,D3
4466,BECv13,CWHws3,CWHws3/110,D4
4467,BECv13,CWHws3,CWHws3/110,E4
4468,BECv13,CWHws3,CWHws3/110,E3
4469,BECv13,CWHws3,CWHws3/111,A5
4470,BECv13,CWHws3,CWHws3/111,B5
4471,BECv13,CWHws3,CWHws3/111,C5
4472,BECv13,CWHws3,CWHws3/111,C6
4473,BECv13,CWHws3,CWHws3/111,B6
4474,BECv13,CWHws3,CWHws3/111,A6
4475,BECv13,CWHws3,CWHws3/112,D5
4476,BECv13,CWHws3,CWHws3/112,E5
4477,BECv13,CWHws3,CWHws3/112,E6
4478,BECv13,CWHws3,CWHws3/112,D6
4479,BECv13,CWHws3,CWHws3/113,D5
4480,BECv13,CWHws3,CWHws3/113,D6
4481,BECv13,CWHws3,CWHws3/113,E6
4482,BECv13,CWHws3,CWHws3/113,E5
4483,BECv13,CWHws3,CWHws3/Fl50,D5
4484,BECv13,CWHws3,CWHws3/Fl50,E5
4485,BECv13,CWHws3,CWHws3/Fl50,E6
4486,BECv13,CWHws3,CWHws3/Fl50,D6
4487,BECv13,CWHws3,CWHws3/Fm50,D5
4488,BECv13,CWHws3,CWHws3/Fm50,E5
4489,BECv13,CWHws3,CWHws3/Fm50,E6
4490,BECv13,CWHws3,CWHws3/Fm50,D6
4491,BECv13,CWHws3,CWHws3/Wb51,B7
4492,BECv13,CWHws3,CWHws3/Wb51,A7
4493,BECv13,CWHws3,CWHws3/Ws56,C7
4494,BECv13,CWHws3,CWHws3/Ws56,D7
4495,BECv13,CWHws3,CWHws3/Ws56,E7
4496,USA_2019,CWHxm_OR,CWHxm_OR/101,D4
4497,USA_2019,CWHxm_OR,CWHxm_OR/101,D3
4498,USA_2019,CWHxm_OR,CWHxm_OR/101,C4
4499,USA_2019,CWHxm_OR,CWHxm_OR/101,C3
4500,USA_2019,CWHxm_OR,CWHxm_OR/101,B4
4501,USA_2019,CWHxm_OR,CWHxm_OR/101,B3
4502,USA_2019,CWHxm_OR,CWHxm_OR/102,D1
4503,USA_2019,CWHxm_OR,CWHxm_OR/102,C1
4504,USA_2019,CWHxm_OR,CWHxm_OR/102,B1
4505,USA_2019,CWHxm_OR,CWHxm_OR/102,A1
4506,USA_2019,CWHxm_OR,CWHxm_OR/103,D2
4507,USA_2019,CWHxm_OR,CWHxm_OR/103,C2
4508,USA_2019,CWHxm_OR,CWHxm_OR/103,B2
4509,USA_2019,CWHxm_OR,CWHxm_OR/103,A2
4510,USA_2019,CWHxm_OR,CWHxm_OR/110,C5
4511,USA_2019,CWHxm_OR,CWHxm_OR/110,B5
4512,USA_2019,CWHxm_OR,CWHxm_OR/111,C6
4513,USA_2019,CWHxm_OR,CWHxm_OR/111,B6
4514,USA_2019,CWHxm_OR,CWHxm_OR/112,E5
4515,USA_2019,CWHxm_OR,CWHxm_OR/112,D5
4516,USA_2019,CWHxm_OR,CWHxm_OR/113,E6
4517,USA_2019,CWHxm_OR,CWHxm_OR/113,D6
4518,Add_2021,CWHxm_OR,CWHxm_OR/Ro,A0
4519,Add_2021,CWHxm_OR,CWHxm_OR/Ro,B0
4520,USA_2019,CWHxm_WA,CWHxm_WA/101,D4
4521,USA_2019,CWHxm_WA,CWHxm_WA/101,D3
4522,USA_2019,CWHxm_WA,CWHxm_WA/101,C4
4523,USA_2019,CWHxm_WA,CWHxm_WA/101,C3
4524,USA_2019,CWHxm_WA,CWHxm_WA/101,B4
4525,USA_2019,CWHxm_WA,CWHxm_WA/101,B3
4526,USA_2019,CWHxm_WA,CWHxm_WA/102,D1
4527,USA_2019,CWHxm_WA,CWHxm_WA/102,C1
4528,USA_2019,CWHxm_WA,CWHxm_WA/102,B1
4529,USA_2019,CWHxm_WA,CWHxm_WA/102,A1
4530,USA_2019,CWHxm_WA,CWHxm_WA/103,D2
4531,USA_2019,CWHxm_WA,CWHxm_WA/103,C2
4532,USA_2019,CWHxm_WA,CWHxm_WA/103,B2
4533,USA_2019,CWHxm_WA,CWHxm_WA/103,A2
4534,USA_2019,CWHxm_WA,CWHxm_WA/110,C5
4535,USA_2019,CWHxm_WA,CWHxm_WA/110,B5
4536,USA_2019,CWHxm_WA,CWHxm_WA/111,C6
4537,USA_2019,CWHxm_WA,CWHxm_WA/111,B6
4538,USA_2019,CWHxm_WA,CWHxm_WA/112,E5
4539,USA_2019,CWHxm_WA,CWHxm_WA/112,D5
4540,USA_2019,CWHxm_WA,CWHxm_WA/113,E6
4541,USA_2019,CWHxm_WA,CWHxm_WA/113,D6
4542,Add_2021,CWHxm_WA,CWHxm_WA/Ro,A0
4543,Add_2021,CWHxm_WA,CWHxm_WA/Ro,B0
4544,BECv13,CWHxs,CWHxs/101,A5
4545,BECv13,CWHxs,CWHxs/101,A4
4546,BECv13,CWHxs,CWHxs/101,A3
4547,BECv13,CWHxs,CWHxs/101,A2
4548,BECv13,CWHxs,CWHxs/101,B2
4549,BECv13,CWHxs,CWHxs/101,B3
4550,BECv13,CWHxs,CWHxs/101,B4
4551,BECv13,CWHxs,CWHxs/101,B5
4552,BECv13,CWHxs,CWHxs/101,C5
4553,BECv13,CWHxs,CWHxs/101,C2
4554,BECv13,CWHxs,CWHxs/101,C3
4555,BECv13,CWHxs,CWHxs/101,C4
4556,BECv13,CWHxs,CWHxs/101.1,A2
4557,BECv13,CWHxs,CWHxs/101.1,A3
4558,BECv13,CWHxs,CWHxs/101.1,A4
4559,BECv13,CWHxs,CWHxs/101.1,A5
4560,BECv13,CWHxs,CWHxs/101.1,B5
4561,BECv13,CWHxs,CWHxs/101.1,C5
4562,BECv13,CWHxs,CWHxs/101.1,C4
4563,BECv13,CWHxs,CWHxs/101.1,C3
4564,BECv13,CWHxs,CWHxs/101.1,C2
4565,BECv13,CWHxs,CWHxs/101.1,B2
4566,BECv13,CWHxs,CWHxs/101.1,B3
4567,BECv13,CWHxs,CWHxs/101.1,B4
4568,BECv13,CWHxs,CWHxs/101.2,A2
4569,BECv13,CWHxs,CWHxs/101.2,A3
4570,BECv13,CWHxs,CWHxs/101.2,A4
4571,BECv13,CWHxs,CWHxs/101.2,A5
4572,BECv13,CWHxs,CWHxs/101.2,B5
4573,BECv13,CWHxs,CWHxs/101.2,B4
4574,BECv13,CWHxs,CWHxs/101.2,B3
4575,BECv13,CWHxs,CWHxs/101.2,B2
4576,BECv13,CWHxs,CWHxs/101.2,C2
4577,BECv13,CWHxs,CWHxs/101.2,C3
4578,BECv13,CWHxs,CWHxs/101.2,C4
4579,BECv13,CWHxs,CWHxs/101.2,C5
4580,BECv13,CWHxs,CWHxs/102,A0
4581,BECv13,CWHxs,CWHxs/102,A1
4582,BECv13,CWHxs,CWHxs/102,B0
4583,BECv13,CWHxs,CWHxs/102,B1
4584,BECv13,CWHxs,CWHxs/103,A1
4585,BECv13,CWHxs,CWHxs/103,A2
4586,BECv13,CWHxs,CWHxs/103,B1
4587,BECv13,CWHxs,CWHxs/103,C1
4588,BECv13,CWHxs,CWHxs/103,C2
4589,BECv13,CWHxs,CWHxs/103,B2
4590,BECv13,CWHxs,CWHxs/103.1,A1
4591,BECv13,CWHxs,CWHxs/103.1,A2
4592,BECv13,CWHxs,CWHxs/103.1,B1
4593,BECv13,CWHxs,CWHxs/103.1,C1
4594,BECv13,CWHxs,CWHxs/103.1,C2
4595,BECv13,CWHxs,CWHxs/103.1,B2
4596,BECv13,CWHxs,CWHxs/103.2,A1
4597,BECv13,CWHxs,CWHxs/103.2,A2
4598,BECv13,CWHxs,CWHxs/103.2,B1
4599,BECv13,CWHxs,CWHxs/103.2,C1
4600,BECv13,CWHxs,CWHxs/103.2,C2
4601,BECv13,CWHxs,CWHxs/103.2,B2
4602,BECv13,CWHxs,CWHxs/110,C3
4603,BECv13,CWHxs,CWHxs/110,D3
4604,BECv13,CWHxs,CWHxs/110,E3
4605,BECv13,CWHxs,CWHxs/110,E4
4606,BECv13,CWHxs,CWHxs/110,D4
4607,BECv13,CWHxs,CWHxs/110,C4
4608,BECv13,CWHxs,CWHxs/110,C5
4609,BECv13,CWHxs,CWHxs/110,D5
4610,BECv13,CWHxs,CWHxs/111,E6
4611,BECv13,CWHxs,CWHxs/111,D6
4612,BECv13,CWHxs,CWHxs/111,C6
4613,BECv13,CWHxs,CWHxs/111,E5
4614,BECv13,CWHxs,CWHxs/111,D5
4615,BECv13,CWHxs,CWHxs/111,C5
4616,BECv13,CWHxs,CWHxs/111,E4
4617,BECv13,CWHxs,CWHxs/111,D4
4618,BECv13,CWHxs,CWHxs/112,E6
4619,BECv13,CWHxs,CWHxs/112,D6
4620,BECv13,CWHxs,CWHxs/112,C6
4621,BECv13,CWHxs,CWHxs/112,E5
4622,BECv13,CWHxs,CWHxs/112,D5
4623,BECv13,CWHxs,CWHxs/112,C5
4624,BECv13,CWHxs,CWHxs/112,E4
4625,BECv13,CWHxs,CWHxs/112,D4
4626,BECv13,CWHxs,CWHxs/Fl50,E6
4627,BECv13,CWHxs,CWHxs/Fl50,D6
4628,BECv13,CWHxs,CWHxs/Fl50,C6
4629,BECv13,CWHxs,CWHxs/Fl50,E5
4630,BECv13,CWHxs,CWHxs/Fl50,D5
4631,BECv13,CWHxs,CWHxs/Fl50,C5
4632,BECv13,CWHxs,CWHxs/Fl50,E4
4633,BECv13,CWHxs,CWHxs/Fl50,D4
4634,BECv13,CWHxs,CWHxs/Fm51.2,E6
4635,BECv13,CWHxs,CWHxs/Fm51.2,D6
4636,BECv13,CWHxs,CWHxs/Fm51.2,C6
4637,BECv13,CWHxs,CWHxs/Fm51.2,E5
4638,BECv13,CWHxs,CWHxs/Fm51.2,D5
4639,BECv13,CWHxs,CWHxs/Fm51.2,C5
4640,BECv13,CWHxs,CWHxs/Fm51.2,E4
4641,BECv13,CWHxs,CWHxs/Fm51.2,D4
4642,BECv13,CWHxs,CWHxs/Ro,A0
4643,BECv13,CWHxs,CWHxs/Ro,B0
4644,BECv13,CWHxs,CWHxs/Ws57,E7
4645,BECv13,CWHxs,CWHxs/Ws57,D7
4646,BECv13,CWHxs,CWHxs/Ws57,C7
4647,AB_2020,ESSFabC,ESSFabC/a,D2
4648,AB_2020,ESSFabC,ESSFabC/a,C2
4649,AB_2020,ESSFabC,ESSFabC/a,C1
4650,AB_2020,ESSFabC,ESSFabC/a,B2
4651,AB_2020,ESSFabC,ESSFabC/a,B1
4652,AB_2020,ESSFabC,ESSFabC/b,C2
4653,AB_2020,ESSFabC,ESSFabC/b,C1
4654,AB_2020,ESSFabC,ESSFabC/b,B3
4655,AB_2020,ESSFabC,ESSFabC/b,B2
4656,AB_2020,ESSFabC,ESSFabC/b,B1
4657,AB_2020,ESSFabC,ESSFabC/b,A2
4658,AB_2020,ESSFabC,ESSFabC/b,A1
4659,AB_2020,ESSFabC,ESSFabC/c,D4
4660,AB_2020,ESSFabC,ESSFabC/c,D3
4661,AB_2020,ESSFabC,ESSFabC/c,C4
4662,AB_2020,ESSFabC,ESSFabC/c,C3
4663,AB_2020,ESSFabC,ESSFabC/c,B3
4664,AB_2020,ESSFabC,ESSFabC/d,D4
4665,AB_2020,ESSFabC,ESSFabC/d,C4
4666,AB_2020,ESSFabC,ESSFabC/d,B4
4667,AB_2020,ESSFabC,ESSFabC/d,B3
4668,AB_2020,ESSFabC,ESSFabC/d,A4
4669,AB_2020,ESSFabC,ESSFabC/d,A3
4670,AB_2020,ESSFabC,ESSFabC/e,E6
4671,AB_2020,ESSFabC,ESSFabC/e,E5
4672,AB_2020,ESSFabC,ESSFabC/e,E4
4673,AB_2020,ESSFabC,ESSFabC/e,D6
4674,AB_2020,ESSFabC,ESSFabC/e,D5
4675,AB_2020,ESSFabC,ESSFabC/e,D4
4676,AB_2020,ESSFabC,ESSFabC/f,C6
4677,AB_2020,ESSFabC,ESSFabC/f,C5
4678,AB_2020,ESSFabC,ESSFabC/f,B6
4679,AB_2020,ESSFabC,ESSFabC/f,B5
4680,AB_2020,ESSFabC,ESSFabC/f,A6
4681,AB_2020,ESSFabC,ESSFabC/f,A5
4682,AB_2020,ESSFabC,ESSFabC/g,D7
4683,AB_2020,ESSFabC,ESSFabC/g,D6
4684,AB_2020,ESSFabC,ESSFabC/g,D5
4685,AB_2020,ESSFabC,ESSFabC/g,C6
4686,AB_2020,ESSFabC,ESSFabC/g,C5
4687,AB_2020,ESSFabC,ESSFabC/h,C7
4688,AB_2020,ESSFabC,ESSFabC/h,B7
4689,AB_2020,ESSFabC,ESSFabC/h,B6
4690,AB_2020,ESSFabC,ESSFabC/h,A7
4691,AB_2020,ESSFabC,ESSFabC/i,E7
4692,AB_2020,ESSFabC,ESSFabC/i,D7
4693,AB_2020,ESSFabC,ESSFabC/i,D6
4694,AB_2020,ESSFabC,ESSFabC/i,C7
4695,AB_2020,ESSFabC,ESSFabC/i,C6
4696,Add_2021,ESSFabC,ESSFabC/Ro,A0
4697,Add_2021,ESSFabC,ESSFabC/Ro,B0
4698,AB_2020,ESSFabE,ESSFabE/a,D2
4699,AB_2020,ESSFabE,ESSFabE/a,C2
4700,AB_2020,ESSFabE,ESSFabE/a,C1
4701,AB_2020,ESSFabE,ESSFabE/a,B2
4702,AB_2020,ESSFabE,ESSFabE/a,B1
4703,AB_2020,ESSFabE,ESSFabE/b,C2
4704,AB_2020,ESSFabE,ESSFabE/b,C1
4705,AB_2020,ESSFabE,ESSFabE/b,B3
4706,AB_2020,ESSFabE,ESSFabE/b,B2
4707,AB_2020,ESSFabE,ESSFabE/b,B1
4708,AB_2020,ESSFabE,ESSFabE/b,A2
4709,AB_2020,ESSFabE,ESSFabE/b,A1
4710,AB_2020,ESSFabE,ESSFabE/c,D4
4711,AB_2020,ESSFabE,ESSFabE/c,D3
4712,AB_2020,ESSFabE,ESSFabE/c,C4
4713,AB_2020,ESSFabE,ESSFabE/c,C3
4714,AB_2020,ESSFabE,ESSFabE/c,B3
4715,AB_2020,ESSFabE,ESSFabE/d,D4
4716,AB_2020,ESSFabE,ESSFabE/d,C4
4717,AB_2020,ESSFabE,ESSFabE/d,B4
4718,AB_2020,ESSFabE,ESSFabE/d,B3
4719,AB_2020,ESSFabE,ESSFabE/d,A4
4720,AB_2020,ESSFabE,ESSFabE/d,A3
4721,AB_2020,ESSFabE,ESSFabE/e,E6
4722,AB_2020,ESSFabE,ESSFabE/e,E5
4723,AB_2020,ESSFabE,ESSFabE/e,E4
4724,AB_2020,ESSFabE,ESSFabE/e,D6
4725,AB_2020,ESSFabE,ESSFabE/e,D5
4726,AB_2020,ESSFabE,ESSFabE/e,D4
4727,AB_2020,ESSFabE,ESSFabE/f,C6
4728,AB_2020,ESSFabE,ESSFabE/f,C5
4729,AB_2020,ESSFabE,ESSFabE/f,B6
4730,AB_2020,ESSFabE,ESSFabE/f,B5
4731,AB_2020,ESSFabE,ESSFabE/f,A6
4732,AB_2020,ESSFabE,ESSFabE/f,A5
4733,AB_2020,ESSFabE,ESSFabE/g,D7
4734,AB_2020,ESSFabE,ESSFabE/g,D6
4735,AB_2020,ESSFabE,ESSFabE/g,D5
4736,AB_2020,ESSFabE,ESSFabE/g,C6
4737,AB_2020,ESSFabE,ESSFabE/g,C5
4738,AB_2020,ESSFabE,ESSFabE/h,C7
4739,AB_2020,ESSFabE,ESSFabE/h,B7
4740,AB_2020,ESSFabE,ESSFabE/h,B6
4741,AB_2020,ESSFabE,ESSFabE/h,A7
4742,AB_2020,ESSFabE,ESSFabE/i,E7
4743,AB_2020,ESSFabE,ESSFabE/i,D7
4744,AB_2020,ESSFabE,ESSFabE/i,D6
4745,AB_2020,ESSFabE,ESSFabE/i,C7
4746,AB_2020,ESSFabE,ESSFabE/i,C6
4747,Add_2021,ESSFabE,ESSFabE/Ro,A0
4748,Add_2021,ESSFabE,ESSFabE/Ro,B0
4749,AB_2020,ESSFabN,ESSFabN/a,D2
4750,AB_2020,ESSFabN,ESSFabN/a,C2
4751,AB_2020,ESSFabN,ESSFabN/a,C1
4752,AB_2020,ESSFabN,ESSFabN/a,B2
4753,AB_2020,ESSFabN,ESSFabN/a,B1
4754,AB_2020,ESSFabN,ESSFabN/b,C2
4755,AB_2020,ESSFabN,ESSFabN/b,C1
4756,AB_2020,ESSFabN,ESSFabN/b,B3
4757,AB_2020,ESSFabN,ESSFabN/b,B2
4758,AB_2020,ESSFabN,ESSFabN/b,B1
4759,AB_2020,ESSFabN,ESSFabN/b,A2
4760,AB_2020,ESSFabN,ESSFabN/b,A1
4761,AB_2020,ESSFabN,ESSFabN/c,D4
4762,AB_2020,ESSFabN,ESSFabN/c,D3
4763,AB_2020,ESSFabN,ESSFabN/c,C4
4764,AB_2020,ESSFabN,ESSFabN/c,C3
4765,AB_2020,ESSFabN,ESSFabN/c,B3
4766,AB_2020,ESSFabN,ESSFabN/d,D4
4767,AB_2020,ESSFabN,ESSFabN/d,C4
4768,AB_2020,ESSFabN,ESSFabN/d,B4
4769,AB_2020,ESSFabN,ESSFabN/d,B3
4770,AB_2020,ESSFabN,ESSFabN/d,A4
4771,AB_2020,ESSFabN,ESSFabN/d,A3
4772,AB_2020,ESSFabN,ESSFabN/e,E6
4773,AB_2020,ESSFabN,ESSFabN/e,E5
4774,AB_2020,ESSFabN,ESSFabN/e,E4
4775,AB_2020,ESSFabN,ESSFabN/e,D6
4776,AB_2020,ESSFabN,ESSFabN/e,D5
4777,AB_2020,ESSFabN,ESSFabN/e,D4
4778,AB_2020,ESSFabN,ESSFabN/f,C6
4779,AB_2020,ESSFabN,ESSFabN/f,C5
4780,AB_2020,ESSFabN,ESSFabN/f,B6
4781,AB_2020,ESSFabN,ESSFabN/f,B5
4782,AB_2020,ESSFabN,ESSFabN/f,A6
4783,AB_2020,ESSFabN,ESSFabN/f,A5
4784,AB_2020,ESSFabN,ESSFabN/g,D7
4785,AB_2020,ESSFabN,ESSFabN/g,D6
4786,AB_2020,ESSFabN,ESSFabN/g,D5
4787,AB_2020,ESSFabN,ESSFabN/g,C6
4788,AB_2020,ESSFabN,ESSFabN/g,C5
4789,AB_2020,ESSFabN,ESSFabN/h,C7
4790,AB_2020,ESSFabN,ESSFabN/h,B7
4791,AB_2020,ESSFabN,ESSFabN/h,B6
4792,AB_2020,ESSFabN,ESSFabN/h,A7
4793,AB_2020,ESSFabN,ESSFabN/i,E7
4794,AB_2020,ESSFabN,ESSFabN/i,D7
4795,AB_2020,ESSFabN,ESSFabN/i,D6
4796,AB_2020,ESSFabN,ESSFabN/i,C7
4797,AB_2020,ESSFabN,ESSFabN/i,C6
4798,Add_2021,ESSFabN,ESSFabN/Ro,A0
4799,Add_2021,ESSFabN,ESSFabN/Ro,B0
4800,AB_2020,ESSFabS,ESSFabS/a,D2
4801,AB_2020,ESSFabS,ESSFabS/a,C2
4802,AB_2020,ESSFabS,ESSFabS/a,C1
4803,AB_2020,ESSFabS,ESSFabS/a,B2
4804,AB_2020,ESSFabS,ESSFabS/a,B1
4805,AB_2020,ESSFabS,ESSFabS/b,C2
4806,AB_2020,ESSFabS,ESSFabS/b,C1
4807,AB_2020,ESSFabS,ESSFabS/b,B3
4808,AB_2020,ESSFabS,ESSFabS/b,B2
4809,AB_2020,ESSFabS,ESSFabS/b,B1
4810,AB_2020,ESSFabS,ESSFabS/b,A2
4811,AB_2020,ESSFabS,ESSFabS/b,A1
4812,AB_2020,ESSFabS,ESSFabS/c,D4
4813,AB_2020,ESSFabS,ESSFabS/c,D3
4814,AB_2020,ESSFabS,ESSFabS/c,C4
4815,AB_2020,ESSFabS,ESSFabS/c,C3
4816,AB_2020,ESSFabS,ESSFabS/c,B3
4817,AB_2020,ESSFabS,ESSFabS/d,D4
4818,AB_2020,ESSFabS,ESSFabS/d,C4
4819,AB_2020,ESSFabS,ESSFabS/d,B4
4820,AB_2020,ESSFabS,ESSFabS/d,B3
4821,AB_2020,ESSFabS,ESSFabS/d,A4
4822,AB_2020,ESSFabS,ESSFabS/d,A3
4823,AB_2020,ESSFabS,ESSFabS/e,E6
4824,AB_2020,ESSFabS,ESSFabS/e,E5
4825,AB_2020,ESSFabS,ESSFabS/e,E4
4826,AB_2020,ESSFabS,ESSFabS/e,D6
4827,AB_2020,ESSFabS,ESSFabS/e,D5
4828,AB_2020,ESSFabS,ESSFabS/e,D4
4829,AB_2020,ESSFabS,ESSFabS/f,C6
4830,AB_2020,ESSFabS,ESSFabS/f,C5
4831,AB_2020,ESSFabS,ESSFabS/f,B6
4832,AB_2020,ESSFabS,ESSFabS/f,B5
4833,AB_2020,ESSFabS,ESSFabS/f,A6
4834,AB_2020,ESSFabS,ESSFabS/f,A5
4835,AB_2020,ESSFabS,ESSFabS/g,D7
4836,AB_2020,ESSFabS,ESSFabS/g,D6
4837,AB_2020,ESSFabS,ESSFabS/g,D5
4838,AB_2020,ESSFabS,ESSFabS/g,C6
4839,AB_2020,ESSFabS,ESSFabS/g,C5
4840,AB_2020,ESSFabS,ESSFabS/h,C7
4841,AB_2020,ESSFabS,ESSFabS/h,B7
4842,AB_2020,ESSFabS,ESSFabS/h,B6
4843,AB_2020,ESSFabS,ESSFabS/h,A7
4844,AB_2020,ESSFabS,ESSFabS/i,E7
4845,AB_2020,ESSFabS,ESSFabS/i,D7
4846,AB_2020,ESSFabS,ESSFabS/i,D6
4847,AB_2020,ESSFabS,ESSFabS/i,C7
4848,AB_2020,ESSFabS,ESSFabS/i,C6
4849,Add_2021,ESSFabS,ESSFabS/Ro,A0
4850,Add_2021,ESSFabS,ESSFabS/Ro,B0
4851,BECv10,ESSFdc1,ESSFdc1/101,D4
4852,BECv10,ESSFdc1,ESSFdc1/101,C4
4853,BECv10,ESSFdc1,ESSFdc1/101,C3
4854,BECv10,ESSFdc1,ESSFdc1/101,B4
4855,BECv10,ESSFdc1,ESSFdc1/102,B1
4856,BECv10,ESSFdc1,ESSFdc1/102,A1
4857,BECv10,ESSFdc1,ESSFdc1/103,A2
4858,BECv10,ESSFdc1,ESSFdc1/103,B2
4859,BECv10,ESSFdc1,ESSFdc1/103,C2
4860,BECv10,ESSFdc1,ESSFdc1/104,C2
4861,BECv10,ESSFdc1,ESSFdc1/104,C3
4862,BECv10,ESSFdc1,ESSFdc1/104,B4
4863,BECv10,ESSFdc1,ESSFdc1/104,B3
4864,BECv10,ESSFdc1,ESSFdc1/110,D5
4865,BECv10,ESSFdc1,ESSFdc1/110,D4
4866,BECv10,ESSFdc1,ESSFdc1/110,C5
4867,BECv10,ESSFdc1,ESSFdc1/111,E6
4868,BECv10,ESSFdc1,ESSFdc1/111,E5
4869,BECv10,ESSFdc1,ESSFdc1/111,D6
4870,BECv10,ESSFdc1,ESSFdc1/111,D5
4871,BECv10,ESSFdc1,ESSFdc1/111,C6
4872,BECv10,ESSFdc1,ESSFdc1/111,C5
4873,BECv10,ESSFdc1,ESSFdc1/112,E6
4874,BECv10,ESSFdc1,ESSFdc1/112,D6
4875,BECv10,ESSFdc1,ESSFdc1/112,C6
4876,BECv10,ESSFdc1,ESSFdc1/112,E7
4877,BECv10,ESSFdc1,ESSFdc1/112,D7
4878,BECv10,ESSFdc1,ESSFdc1/112,C7
4879,Add_2021,ESSFdc1,ESSFdc1/Ro,A0
4880,Add_2021,ESSFdc1,ESSFdc1/Ro,B0
4881,BECv12,ESSFdc2,ESSFdc2/101,D4
4882,BECv12,ESSFdc2,ESSFdc2/101,D3
4883,BECv12,ESSFdc2,ESSFdc2/101,C4
4884,BECv12,ESSFdc2,ESSFdc2/101,C3
4885,BECv12,ESSFdc2,ESSFdc2/101,B4
4886,BECv12,ESSFdc2,ESSFdc2/101,B3
4887,BECv12,ESSFdc2,ESSFdc2/102,C1
4888,BECv12,ESSFdc2,ESSFdc2/102,B1
4889,BECv12,ESSFdc2,ESSFdc2/102,A1
4890,BECv12,ESSFdc2,ESSFdc2/103,C3
4891,BECv12,ESSFdc2,ESSFdc2/103,C2
4892,BECv12,ESSFdc2,ESSFdc2/103,B3
4893,BECv12,ESSFdc2,ESSFdc2/103,B2
4894,BECv12,ESSFdc2,ESSFdc2/104,C3
4895,BECv12,ESSFdc2,ESSFdc2/104,C2
4896,BECv12,ESSFdc2,ESSFdc2/104,C1
4897,BECv12,ESSFdc2,ESSFdc2/104,B3
4898,BECv12,ESSFdc2,ESSFdc2/104,B2
4899,BECv12,ESSFdc2,ESSFdc2/104,B1
4900,BECv12,ESSFdc2,ESSFdc2/104,A1
4901,BECv12,ESSFdc2,ESSFdc2/110,E6
4902,BECv12,ESSFdc2,ESSFdc2/110,E5
4903,BECv12,ESSFdc2,ESSFdc2/110,D6
4904,BECv12,ESSFdc2,ESSFdc2/110,D5
4905,BECv12,ESSFdc2,ESSFdc2/110,C6
4906,BECv12,ESSFdc2,ESSFdc2/110,C5
4907,BECv12,ESSFdc2,ESSFdc2/111,E7
4908,BECv12,ESSFdc2,ESSFdc2/111,E6
4909,BECv12,ESSFdc2,ESSFdc2/111,D7
4910,BECv12,ESSFdc2,ESSFdc2/111,D6
4911,BECv12,ESSFdc2,ESSFdc2/111,C7
4912,BECv12,ESSFdc2,ESSFdc2/111,C6
4913,BECv12,ESSFdc2,ESSFdc2/112,E7
4914,BECv12,ESSFdc2,ESSFdc2/112,D7
4915,BECv12,ESSFdc2,ESSFdc2/112,C7
4916,BECv12,ESSFdc2,ESSFdc2/112,B7
4917,Add_2021,ESSFdc2,ESSFdc2/Ro,A0
4918,Add_2021,ESSFdc2,ESSFdc2/Ro,B0
4919,BECv10,ESSFdc3,ESSFdc3/01,D4
4920,BECv10,ESSFdc3,ESSFdc3/01,D3
4921,BECv10,ESSFdc3,ESSFdc3/01,C4
4922,BECv10,ESSFdc3,ESSFdc3/01,C3
4923,BECv10,ESSFdc3,ESSFdc3/01,B4
4924,BECv10,ESSFdc3,ESSFdc3/01,B3
4925,BECv10,ESSFdc3,ESSFdc3/02,D1
4926,BECv10,ESSFdc3,ESSFdc3/02,D0
4927,BECv10,ESSFdc3,ESSFdc3/02,C1
4928,BECv10,ESSFdc3,ESSFdc3/02,C0
4929,BECv10,ESSFdc3,ESSFdc3/02,B1
4930,BECv10,ESSFdc3,ESSFdc3/02,B0
4931,BECv10,ESSFdc3,ESSFdc3/02,A1
4932,BECv10,ESSFdc3,ESSFdc3/02,A0
4933,BECv10,ESSFdc3,ESSFdc3/03,D3
4934,BECv10,ESSFdc3,ESSFdc3/03,D2
4935,BECv10,ESSFdc3,ESSFdc3/03,D1
4936,BECv10,ESSFdc3,ESSFdc3/03,C3
4937,BECv10,ESSFdc3,ESSFdc3/03,C2
4938,BECv10,ESSFdc3,ESSFdc3/03,C1
4939,BECv10,ESSFdc3,ESSFdc3/03,B3
4940,BECv10,ESSFdc3,ESSFdc3/03,B2
4941,BECv10,ESSFdc3,ESSFdc3/03,B1
4942,BECv10,ESSFdc3,ESSFdc3/05,C4
4943,BECv10,ESSFdc3,ESSFdc3/05,C3
4944,BECv10,ESSFdc3,ESSFdc3/05,C2
4945,BECv10,ESSFdc3,ESSFdc3/05,C1
4946,BECv10,ESSFdc3,ESSFdc3/05,B4
4947,BECv10,ESSFdc3,ESSFdc3/05,B3
4948,BECv10,ESSFdc3,ESSFdc3/05,B2
4949,BECv10,ESSFdc3,ESSFdc3/05,B1
4950,BECv10,ESSFdc3,ESSFdc3/05,A4
4951,BECv10,ESSFdc3,ESSFdc3/05,A3
4952,BECv10,ESSFdc3,ESSFdc3/05,A2
4953,BECv10,ESSFdc3,ESSFdc3/05,A1
4954,BECv10,ESSFdc3,ESSFdc3/06,E5
4955,BECv10,ESSFdc3,ESSFdc3/06,E4
4956,BECv10,ESSFdc3,ESSFdc3/06,D5
4957,BECv10,ESSFdc3,ESSFdc3/06,D4
4958,BECv10,ESSFdc3,ESSFdc3/06,C5
4959,BECv10,ESSFdc3,ESSFdc3/06,C4
4960,BECv10,ESSFdc3,ESSFdc3/06,B5
4961,BECv10,ESSFdc3,ESSFdc3/06,B4
4962,BECv10,ESSFdc3,ESSFdc3/07,E6
4963,BECv10,ESSFdc3,ESSFdc3/07,E5
4964,BECv10,ESSFdc3,ESSFdc3/07,D6
4965,BECv10,ESSFdc3,ESSFdc3/07,D5
4966,BECv10,ESSFdc3,ESSFdc3/07,C6
4967,BECv10,ESSFdc3,ESSFdc3/07,C5
4968,BECv10,ESSFdc3,ESSFdc3/07,B6
4969,BECv10,ESSFdc3,ESSFdc3/07,B5
4970,BECv10,ESSFdc3,ESSFdc3/08,E6
4971,BECv10,ESSFdc3,ESSFdc3/08,E5
4972,BECv10,ESSFdc3,ESSFdc3/08,D6
4973,BECv10,ESSFdc3,ESSFdc3/08,D5
4974,BECv10,ESSFdc3,ESSFdc3/08,C6
4975,BECv10,ESSFdc3,ESSFdc3/08,C5
4976,BECv10,ESSFdc3,ESSFdc3/09,D7
4977,BECv10,ESSFdc3,ESSFdc3/09,C7
4978,BECv10,ESSFdc3,ESSFdc3/09,B7
4979,BECv10,ESSFdcp,ESSFdcp/00,E7
4980,BECv10,ESSFdcp,ESSFdcp/00,E6
4981,BECv10,ESSFdcp,ESSFdcp/00,E5
4982,BECv10,ESSFdcp,ESSFdcp/00,E4
4983,BECv10,ESSFdcp,ESSFdcp/00,E3
4984,BECv10,ESSFdcp,ESSFdcp/00,E2
4985,BECv10,ESSFdcp,ESSFdcp/00,E1
4986,BECv10,ESSFdcp,ESSFdcp/00,E0
4987,BECv10,ESSFdcp,ESSFdcp/00,D7
4988,BECv10,ESSFdcp,ESSFdcp/00,D6
4989,BECv10,ESSFdcp,ESSFdcp/00,D5
4990,BECv10,ESSFdcp,ESSFdcp/00,D4
4991,BECv10,ESSFdcp,ESSFdcp/00,D3
4992,BECv10,ESSFdcp,ESSFdcp/00,D2
4993,BECv10,ESSFdcp,ESSFdcp/00,D1
4994,BECv10,ESSFdcp,ESSFdcp/00,D0
4995,BECv10,ESSFdcp,ESSFdcp/00,C7
4996,BECv10,ESSFdcp,ESSFdcp/00,C6
4997,BECv10,ESSFdcp,ESSFdcp/00,C5
4998,BECv10,ESSFdcp,ESSFdcp/00,C4
4999,BECv10,ESSFdcp,ESSFdcp/00,C3
5000,BECv10,ESSFdcp,ESSFdcp/00,C2
5001,BECv10,ESSFdcp,ESSFdcp/00,C1
5002,BECv10,ESSFdcp,ESSFdcp/00,C0
5003,BECv10,ESSFdcp,ESSFdcp/00,B7
5004,BECv10,ESSFdcp,ESSFdcp/00,B6
5005,BECv10,ESSFdcp,ESSFdcp/00,B5
5006,BECv10,ESSFdcp,ESSFdcp/00,B4
5007,BECv10,ESSFdcp,ESSFdcp/00,B3
5008,BECv10,ESSFdcp,ESSFdcp/00,B2
5009,BECv10,ESSFdcp,ESSFdcp/00,B1
5010,BECv10,ESSFdcp,ESSFdcp/00,B0
5011,BECv10,ESSFdcp,ESSFdcp/00,A7
5012,BECv10,ESSFdcp,ESSFdcp/00,A6
5013,BECv10,ESSFdcp,ESSFdcp/00,A5
5014,BECv10,ESSFdcp,ESSFdcp/00,A4
5015,BECv10,ESSFdcp,ESSFdcp/00,A3
5016,BECv10,ESSFdcp,ESSFdcp/00,A2
5017,BECv10,ESSFdcp,ESSFdcp/00,A1
5018,BECv10,ESSFdcp,ESSFdcp/00,A0
5019,BECv10,ESSFdcw,ESSFdcw/101,D4
5020,BECv10,ESSFdcw,ESSFdcw/101,C4
5021,BECv10,ESSFdcw,ESSFdcw/101,C3
5022,BECv10,ESSFdcw,ESSFdcw/101,B4
5023,BECv10,ESSFdcw,ESSFdcw/102,B2
5024,BECv10,ESSFdcw,ESSFdcw/102,B1
5025,BECv10,ESSFdcw,ESSFdcw/102,A2
5026,BECv10,ESSFdcw,ESSFdcw/102,A1
5027,BECv10,ESSFdcw,ESSFdcw/103,C3
5028,BECv10,ESSFdcw,ESSFdcw/103,B4
5029,BECv10,ESSFdcw,ESSFdcw/103,B3
5030,BECv10,ESSFdcw,ESSFdcw/110,D6
5031,BECv10,ESSFdcw,ESSFdcw/110,D5
5032,BECv10,ESSFdcw,ESSFdcw/110,D4
5033,BECv10,ESSFdcw,ESSFdcw/110,C6
5034,BECv10,ESSFdcw,ESSFdcw/110,C5
5035,Add_2021,ESSFdcw,ESSFdcw/Ro,A0
5036,Add_2021,ESSFdcw,ESSFdcw/Ro,B0
5037,USA_2019,ESSFdh_WA,ESSFdh_WA/101,D4
5038,USA_2019,ESSFdh_WA,ESSFdh_WA/101,D3
5039,USA_2019,ESSFdh_WA,ESSFdh_WA/101,C4
5040,USA_2019,ESSFdh_WA,ESSFdh_WA/101,C3
5041,USA_2019,ESSFdh_WA,ESSFdh_WA/101,B4
5042,USA_2019,ESSFdh_WA,ESSFdh_WA/101,B3
5043,USA_2019,ESSFdh_WA,ESSFdh_WA/102,D1
5044,USA_2019,ESSFdh_WA,ESSFdh_WA/102,C1
5045,USA_2019,ESSFdh_WA,ESSFdh_WA/102,B1
5046,USA_2019,ESSFdh_WA,ESSFdh_WA/102,A1
5047,USA_2019,ESSFdh_WA,ESSFdh_WA/103,D2
5048,USA_2019,ESSFdh_WA,ESSFdh_WA/103,C2
5049,USA_2019,ESSFdh_WA,ESSFdh_WA/103,B2
5050,USA_2019,ESSFdh_WA,ESSFdh_WA/103,A2
5051,USA_2019,ESSFdh_WA,ESSFdh_WA/110,E5
5052,USA_2019,ESSFdh_WA,ESSFdh_WA/110,D5
5053,USA_2019,ESSFdh_WA,ESSFdh_WA/110,C5
5054,USA_2019,ESSFdh_WA,ESSFdh_WA/110,B5
5055,USA_2019,ESSFdh_WA,ESSFdh_WA/111,E6
5056,USA_2019,ESSFdh_WA,ESSFdh_WA/111,D6
5057,USA_2019,ESSFdh_WA,ESSFdh_WA/111,C6
5058,USA_2019,ESSFdh_WA,ESSFdh_WA/111,B6
5059,Add_2021,ESSFdh_WA,ESSFdh_WA/Ro,A0
5060,Add_2021,ESSFdh_WA,ESSFdh_WA/Ro,B0
5061,BECv12,ESSFdh1,ESSFdh1/101,D4
5062,BECv12,ESSFdh1,ESSFdh1/101,D3
5063,BECv12,ESSFdh1,ESSFdh1/101,C4
5064,BECv12,ESSFdh1,ESSFdh1/101,C3
5065,BECv12,ESSFdh1,ESSFdh1/101,B4
5066,BECv12,ESSFdh1,ESSFdh1/101,B3
5067,BECv12,ESSFdh1,ESSFdh1/102,C1
5068,BECv12,ESSFdh1,ESSFdh1/102,C0
5069,BECv12,ESSFdh1,ESSFdh1/102,B1
5070,BECv12,ESSFdh1,ESSFdh1/102,B0
5071,BECv12,ESSFdh1,ESSFdh1/102,A1
5072,BECv12,ESSFdh1,ESSFdh1/102,A0
5073,BECv12,ESSFdh1,ESSFdh1/103,C2
5074,BECv12,ESSFdh1,ESSFdh1/103,B2
5075,BECv12,ESSFdh1,ESSFdh1/103,A2
5076,BECv12,ESSFdh1,ESSFdh1/104,D3
5077,BECv12,ESSFdh1,ESSFdh1/104,D2
5078,BECv12,ESSFdh1,ESSFdh1/104,C3
5079,BECv12,ESSFdh1,ESSFdh1/104,C2
5080,BECv12,ESSFdh1,ESSFdh1/104,B3
5081,BECv12,ESSFdh1,ESSFdh1/104,B2
5082,BECv12,ESSFdh1,ESSFdh1/110,E5
5083,BECv12,ESSFdh1,ESSFdh1/110,D5
5084,BECv12,ESSFdh1,ESSFdh1/110,C5
5085,BECv12,ESSFdh1,ESSFdh1/111,E7
5086,BECv12,ESSFdh1,ESSFdh1/111,E6
5087,BECv12,ESSFdh1,ESSFdh1/111,D7
5088,BECv12,ESSFdh1,ESSFdh1/111,D6
5089,BECv12,ESSFdh1,ESSFdh1/111,C7
5090,BECv12,ESSFdh1,ESSFdh1/111,C6
5091,BECv12,ESSFdh2,ESSFdh2/01,D4
5092,BECv12,ESSFdh2,ESSFdh2/01,D3
5093,BECv12,ESSFdh2,ESSFdh2/01,C4
5094,BECv12,ESSFdh2,ESSFdh2/01,C3
5095,BECv12,ESSFdh2,ESSFdh2/01,B4
5096,BECv12,ESSFdh2,ESSFdh2/01,B3
5097,BECv12,ESSFdh2,ESSFdh2/01,A4
5098,BECv12,ESSFdh2,ESSFdh2/01,A3
5099,BECv12,ESSFdh2,ESSFdh2/02,D1
5100,BECv12,ESSFdh2,ESSFdh2/02,D0
5101,BECv12,ESSFdh2,ESSFdh2/02,C1
5102,BECv12,ESSFdh2,ESSFdh2/02,C0
5103,BECv12,ESSFdh2,ESSFdh2/02,B1
5104,BECv12,ESSFdh2,ESSFdh2/02,B0
5105,BECv12,ESSFdh2,ESSFdh2/02,A1
5106,BECv12,ESSFdh2,ESSFdh2/02,A0
5107,BECv12,ESSFdh2,ESSFdh2/03,D3
5108,BECv12,ESSFdh2,ESSFdh2/03,D2
5109,BECv12,ESSFdh2,ESSFdh2/03,D1
5110,BECv12,ESSFdh2,ESSFdh2/03,C3
5111,BECv12,ESSFdh2,ESSFdh2/03,C2
5112,BECv12,ESSFdh2,ESSFdh2/03,C1
5113,BECv12,ESSFdh2,ESSFdh2/03,B3
5114,BECv12,ESSFdh2,ESSFdh2/03,B2
5115,BECv12,ESSFdh2,ESSFdh2/03,B1
5116,BECv12,ESSFdh2,ESSFdh2/03,A3
5117,BECv12,ESSFdh2,ESSFdh2/03,A2
5118,BECv12,ESSFdh2,ESSFdh2/03,A1
5119,BECv12,ESSFdh2,ESSFdh2/04,C4
5120,BECv12,ESSFdh2,ESSFdh2/04,C3
5121,BECv12,ESSFdh2,ESSFdh2/04,C2
5122,BECv12,ESSFdh2,ESSFdh2/04,B4
5123,BECv12,ESSFdh2,ESSFdh2/04,B3
5124,BECv12,ESSFdh2,ESSFdh2/04,B2
5125,BECv12,ESSFdh2,ESSFdh2/04,A4
5126,BECv12,ESSFdh2,ESSFdh2/04,A3
5127,BECv12,ESSFdh2,ESSFdh2/04,A2
5128,BECv12,ESSFdh2,ESSFdh2/05,C5
5129,BECv12,ESSFdh2,ESSFdh2/05,C4
5130,BECv12,ESSFdh2,ESSFdh2/05,B5
5131,BECv12,ESSFdh2,ESSFdh2/05,B4
5132,BECv12,ESSFdh2,ESSFdh2/05,A5
5133,BECv12,ESSFdh2,ESSFdh2/05,A4
5134,BECv12,ESSFdh2,ESSFdh2/06,E6
5135,BECv12,ESSFdh2,ESSFdh2/06,E5
5136,BECv12,ESSFdh2,ESSFdh2/06,E4
5137,BECv12,ESSFdh2,ESSFdh2/06,D6
5138,BECv12,ESSFdh2,ESSFdh2/06,D5
5139,BECv12,ESSFdh2,ESSFdh2/06,D4
5140,BECv12,ESSFdh2,ESSFdh2/06,C6
5141,BECv12,ESSFdh2,ESSFdh2/06,C5
5142,BECv12,ESSFdh2,ESSFdh2/06,C4
5143,BECv12,ESSFdh2,ESSFdh2/07,E7
5144,BECv12,ESSFdh2,ESSFdh2/07,E6
5145,BECv12,ESSFdh2,ESSFdh2/07,E5
5146,BECv12,ESSFdh2,ESSFdh2/07,D7
5147,BECv12,ESSFdh2,ESSFdh2/07,D6
5148,BECv12,ESSFdh2,ESSFdh2/07,D5
5149,BECv12,ESSFdh2,ESSFdh2/08,E7
5150,BECv12,ESSFdh2,ESSFdh2/08,E6
5151,BECv12,ESSFdh2,ESSFdh2/08,D7
5152,BECv12,ESSFdh2,ESSFdh2/08,D6
5153,BECv12,ESSFdh2,ESSFdh2/08,C7
5154,BECv12,ESSFdh2,ESSFdh2/08,C6
5155,USA_2019,ESSFdk_MT,ESSFdk_MT/101,D4
5156,USA_2019,ESSFdk_MT,ESSFdk_MT/101,D3
5157,USA_2019,ESSFdk_MT,ESSFdk_MT/101,C4
5158,USA_2019,ESSFdk_MT,ESSFdk_MT/101,C3
5159,USA_2019,ESSFdk_MT,ESSFdk_MT/101,B4
5160,USA_2019,ESSFdk_MT,ESSFdk_MT/101,B3
5161,USA_2019,ESSFdk_MT,ESSFdk_MT/102,D2
5162,USA_2019,ESSFdk_MT,ESSFdk_MT/102,D1
5163,USA_2019,ESSFdk_MT,ESSFdk_MT/102,C2
5164,USA_2019,ESSFdk_MT,ESSFdk_MT/102,C1
5165,USA_2019,ESSFdk_MT,ESSFdk_MT/102,B2
5166,USA_2019,ESSFdk_MT,ESSFdk_MT/102,B1
5167,USA_2019,ESSFdk_MT,ESSFdk_MT/102,A2
5168,USA_2019,ESSFdk_MT,ESSFdk_MT/102,A1
5169,USA_2019,ESSFdk_MT,ESSFdk_MT/110,E5
5170,USA_2019,ESSFdk_MT,ESSFdk_MT/110,D5
5171,USA_2019,ESSFdk_MT,ESSFdk_MT/110,C5
5172,USA_2019,ESSFdk_MT,ESSFdk_MT/110,B5
5173,USA_2019,ESSFdk_MT,ESSFdk_MT/111,E6
5174,USA_2019,ESSFdk_MT,ESSFdk_MT/111,D6
5175,USA_2019,ESSFdk_MT,ESSFdk_MT/111,C6
5176,USA_2019,ESSFdk_MT,ESSFdk_MT/111,B6
5177,Add_2021,ESSFdk_MT,ESSFdk_MT/Ro,A0
5178,Add_2021,ESSFdk_MT,ESSFdk_MT/Ro,B0
5179,BECv11,ESSFdk1,ESSFdk1/101,D4
5180,BECv11,ESSFdk1,ESSFdk1/101,C4
5181,BECv11,ESSFdk1,ESSFdk1/101,B4
5182,BECv11,ESSFdk1,ESSFdk1/102,C1
5183,BECv11,ESSFdk1,ESSFdk1/102,B2
5184,BECv11,ESSFdk1,ESSFdk1/102,B1
5185,BECv11,ESSFdk1,ESSFdk1/102,A2
5186,BECv11,ESSFdk1,ESSFdk1/102,A1
5187,BECv11,ESSFdk1,ESSFdk1/103,D2
5188,BECv11,ESSFdk1,ESSFdk1/103,C2
5189,BECv11,ESSFdk1,ESSFdk1/103,B2
5190,BECv11,ESSFdk1,ESSFdk1/104,D3
5191,BECv11,ESSFdk1,ESSFdk1/104,D2
5192,BECv11,ESSFdk1,ESSFdk1/104,C3
5193,BECv11,ESSFdk1,ESSFdk1/104,B3
5194,BECv11,ESSFdk1,ESSFdk1/110,E5
5195,BECv11,ESSFdk1,ESSFdk1/110,D5
5196,BECv11,ESSFdk1,ESSFdk1/110,C5
5197,BECv11,ESSFdk1,ESSFdk1/111,E7
5198,BECv11,ESSFdk1,ESSFdk1/111,E6
5199,BECv11,ESSFdk1,ESSFdk1/111,D7
5200,BECv11,ESSFdk1,ESSFdk1/111,D6
5201,BECv11,ESSFdk1,ESSFdk1/111,C7
5202,BECv11,ESSFdk1,ESSFdk1/111,C6
5203,BECv11,ESSFdk1,ESSFdk1/111a,E7
5204,BECv11,ESSFdk1,ESSFdk1/111a,E6
5205,BECv11,ESSFdk1,ESSFdk1/111a,D6
5206,BECv11,ESSFdk1,ESSFdk1/111b,E7
5207,BECv11,ESSFdk1,ESSFdk1/111b,D7
5208,BECv11,ESSFdk1,ESSFdk1/111b,C7
5209,BECv11,ESSFdk1,ESSFdk1/111b,C6
5210,BECv11,ESSFdk1,ESSFdk1/Ro,C0
5211,BECv11,ESSFdk1,ESSFdk1/Ro,B0
5212,BECv11,ESSFdk1,ESSFdk1/Ro,A0
5213,BECv11,ESSFdk2,ESSFdk2/101,D4
5214,BECv11,ESSFdk2,ESSFdk2/101,D3
5215,BECv11,ESSFdk2,ESSFdk2/101,C4
5216,BECv11,ESSFdk2,ESSFdk2/102,C1
5217,BECv11,ESSFdk2,ESSFdk2/102,B1
5218,BECv11,ESSFdk2,ESSFdk2/102,A1
5219,BECv11,ESSFdk2,ESSFdk2/103,D2
5220,BECv11,ESSFdk2,ESSFdk2/103,C2
5221,BECv11,ESSFdk2,ESSFdk2/103,B3
5222,BECv11,ESSFdk2,ESSFdk2/103,B2
5223,BECv11,ESSFdk2,ESSFdk2/104,D3
5224,BECv11,ESSFdk2,ESSFdk2/104,D2
5225,BECv11,ESSFdk2,ESSFdk2/104,C3
5226,BECv11,ESSFdk2,ESSFdk2/104,B4
5227,BECv11,ESSFdk2,ESSFdk2/104,B3
5228,BECv11,ESSFdk2,ESSFdk2/110,D5
5229,BECv11,ESSFdk2,ESSFdk2/110,C5
5230,BECv11,ESSFdk2,ESSFdk2/111,E5
5231,BECv11,ESSFdk2,ESSFdk2/111,D5
5232,BECv11,ESSFdk2,ESSFdk2/111,C5
5233,BECv11,ESSFdk2,ESSFdk2/112,E7
5234,BECv11,ESSFdk2,ESSFdk2/112,E6
5235,BECv11,ESSFdk2,ESSFdk2/112,D7
5236,BECv11,ESSFdk2,ESSFdk2/112,D6
5237,BECv11,ESSFdk2,ESSFdk2/112,C7
5238,BECv11,ESSFdk2,ESSFdk2/112,C6
5239,BECv11,ESSFdk2,ESSFdk2/112a,E7
5240,BECv11,ESSFdk2,ESSFdk2/112a,E6
5241,BECv11,ESSFdk2,ESSFdk2/112a,D6
5242,BECv11,ESSFdk2,ESSFdk2/112b,E7
5243,BECv11,ESSFdk2,ESSFdk2/112b,D7
5244,BECv11,ESSFdk2,ESSFdk2/112b,C7
5245,BECv11,ESSFdk2,ESSFdk2/112b,C6
5246,BECv11,ESSFdk2,ESSFdk2/Ro,D0
5247,BECv11,ESSFdk2,ESSFdk2/Ro,C0
5248,BECv11,ESSFdk2,ESSFdk2/Ro,B0
5249,BECv11,ESSFdk2,ESSFdk2/Ro,A0
5250,BECv10,ESSFdkp,ESSFdkp/00,E7
5251,BECv10,ESSFdkp,ESSFdkp/00,E6
5252,BECv10,ESSFdkp,ESSFdkp/00,E5
5253,BECv10,ESSFdkp,ESSFdkp/00,E4
5254,BECv10,ESSFdkp,ESSFdkp/00,E3
5255,BECv10,ESSFdkp,ESSFdkp/00,E2
5256,BECv10,ESSFdkp,ESSFdkp/00,E1
5257,BECv10,ESSFdkp,ESSFdkp/00,E0
5258,BECv10,ESSFdkp,ESSFdkp/00,D7
5259,BECv10,ESSFdkp,ESSFdkp/00,D6
5260,BECv10,ESSFdkp,ESSFdkp/00,D5
5261,BECv10,ESSFdkp,ESSFdkp/00,D4
5262,BECv10,ESSFdkp,ESSFdkp/00,D3
5263,BECv10,ESSFdkp,ESSFdkp/00,D2
5264,BECv10,ESSFdkp,ESSFdkp/00,D1
5265,BECv10,ESSFdkp,ESSFdkp/00,D0
5266,BECv10,ESSFdkp,ESSFdkp/00,C7
5267,BECv10,ESSFdkp,ESSFdkp/00,C6
5268,BECv10,ESSFdkp,ESSFdkp/00,C5
5269,BECv10,ESSFdkp,ESSFdkp/00,C4
5270,BECv10,ESSFdkp,ESSFdkp/00,C3
5271,BECv10,ESSFdkp,ESSFdkp/00,C2
5272,BECv10,ESSFdkp,ESSFdkp/00,C1
5273,BECv10,ESSFdkp,ESSFdkp/00,C0
5274,BECv10,ESSFdkp,ESSFdkp/00,B7
5275,BECv10,ESSFdkp,ESSFdkp/00,B6
5276,BECv10,ESSFdkp,ESSFdkp/00,B5
5277,BECv10,ESSFdkp,ESSFdkp/00,B4
5278,BECv10,ESSFdkp,ESSFdkp/00,B3
5279,BECv10,ESSFdkp,ESSFdkp/00,B2
5280,BECv10,ESSFdkp,ESSFdkp/00,B1
5281,BECv10,ESSFdkp,ESSFdkp/00,B0
5282,BECv10,ESSFdkp,ESSFdkp/00,A7
5283,BECv10,ESSFdkp,ESSFdkp/00,A6
5284,BECv10,ESSFdkp,ESSFdkp/00,A5
5285,BECv10,ESSFdkp,ESSFdkp/00,A4
5286,BECv10,ESSFdkp,ESSFdkp/00,A3
5287,BECv10,ESSFdkp,ESSFdkp/00,A2
5288,BECv10,ESSFdkp,ESSFdkp/00,A1
5289,BECv10,ESSFdkp,ESSFdkp/00,A0
5290,USA_2019,ESSFdkp_MT,ESSFdkp_MT/00,E6
5291,USA_2019,ESSFdkp_MT,ESSFdkp_MT/00,E5
5292,USA_2019,ESSFdkp_MT,ESSFdkp_MT/00,D6
5293,USA_2019,ESSFdkp_MT,ESSFdkp_MT/00,D5
5294,USA_2019,ESSFdkp_MT,ESSFdkp_MT/00,D4
5295,USA_2019,ESSFdkp_MT,ESSFdkp_MT/00,D3
5296,USA_2019,ESSFdkp_MT,ESSFdkp_MT/00,D2
5297,USA_2019,ESSFdkp_MT,ESSFdkp_MT/00,D1
5298,USA_2019,ESSFdkp_MT,ESSFdkp_MT/00,C6
5299,USA_2019,ESSFdkp_MT,ESSFdkp_MT/00,C5
5300,USA_2019,ESSFdkp_MT,ESSFdkp_MT/00,C4
5301,USA_2019,ESSFdkp_MT,ESSFdkp_MT/00,C3
5302,USA_2019,ESSFdkp_MT,ESSFdkp_MT/00,C2
5303,USA_2019,ESSFdkp_MT,ESSFdkp_MT/00,C1
5304,USA_2019,ESSFdkp_MT,ESSFdkp_MT/00,B6
5305,USA_2019,ESSFdkp_MT,ESSFdkp_MT/00,B5
5306,USA_2019,ESSFdkp_MT,ESSFdkp_MT/00,B4
5307,USA_2019,ESSFdkp_MT,ESSFdkp_MT/00,B3
5308,USA_2019,ESSFdkp_MT,ESSFdkp_MT/00,B2
5309,USA_2019,ESSFdkp_MT,ESSFdkp_MT/00,B1
5310,USA_2019,ESSFdkp_MT,ESSFdkp_MT/00,A2
5311,USA_2019,ESSFdkp_MT,ESSFdkp_MT/00,A1
5312,Add_2021,ESSFdkp_MT,ESSFdkp_MT/Ro,A0
5313,Add_2021,ESSFdkp_MT,ESSFdkp_MT/Ro,B0
5314,BECv11,ESSFdkw,ESSFdkw/101,D4
5315,BECv11,ESSFdkw,ESSFdkw/101,D3
5316,BECv11,ESSFdkw,ESSFdkw/101,C4
5317,BECv11,ESSFdkw,ESSFdkw/101,C3
5318,BECv11,ESSFdkw,ESSFdkw/101,B4
5319,BECv11,ESSFdkw,ESSFdkw/101,B3
5320,BECv11,ESSFdkw,ESSFdkw/102,C2
5321,BECv11,ESSFdkw,ESSFdkw/102,C1
5322,BECv11,ESSFdkw,ESSFdkw/102,B2
5323,BECv11,ESSFdkw,ESSFdkw/102,B1
5324,BECv11,ESSFdkw,ESSFdkw/102,A1
5325,BECv11,ESSFdkw,ESSFdkw/103,D3
5326,BECv11,ESSFdkw,ESSFdkw/103,D2
5327,BECv11,ESSFdkw,ESSFdkw/103,C3
5328,BECv11,ESSFdkw,ESSFdkw/103,C2
5329,BECv11,ESSFdkw,ESSFdkw/103,B3
5330,BECv11,ESSFdkw,ESSFdkw/103,B2
5331,BECv11,ESSFdkw,ESSFdkw/110,D6
5332,BECv11,ESSFdkw,ESSFdkw/110,D5
5333,BECv11,ESSFdkw,ESSFdkw/110,C6
5334,BECv11,ESSFdkw,ESSFdkw/110,C5
5335,BECv11,ESSFdkw,ESSFdkw/Ro,C0
5336,BECv11,ESSFdkw,ESSFdkw/Ro,B0
5337,BECv11,ESSFdkw,ESSFdkw/Ro,A0
5338,USA_2019,ESSFdm_ID,ESSFdm_ID/101,D4
5339,USA_2019,ESSFdm_ID,ESSFdm_ID/101,D3
5340,USA_2019,ESSFdm_ID,ESSFdm_ID/101,C4
5341,USA_2019,ESSFdm_ID,ESSFdm_ID/101,C3
5342,USA_2019,ESSFdm_ID,ESSFdm_ID/101,B4
5343,USA_2019,ESSFdm_ID,ESSFdm_ID/101,B3
5344,USA_2019,ESSFdm_ID,ESSFdm_ID/102,D1
5345,USA_2019,ESSFdm_ID,ESSFdm_ID/102,C1
5346,USA_2019,ESSFdm_ID,ESSFdm_ID/102,B1
5347,USA_2019,ESSFdm_ID,ESSFdm_ID/102,A1
5348,USA_2019,ESSFdm_ID,ESSFdm_ID/103,D2
5349,USA_2019,ESSFdm_ID,ESSFdm_ID/103,C2
5350,USA_2019,ESSFdm_ID,ESSFdm_ID/103,B2
5351,USA_2019,ESSFdm_ID,ESSFdm_ID/103,A2
5352,USA_2019,ESSFdm_ID,ESSFdm_ID/110,E5
5353,USA_2019,ESSFdm_ID,ESSFdm_ID/110,D5
5354,USA_2019,ESSFdm_ID,ESSFdm_ID/110,C5
5355,USA_2019,ESSFdm_ID,ESSFdm_ID/110,B5
5356,USA_2019,ESSFdm_ID,ESSFdm_ID/111,E6
5357,USA_2019,ESSFdm_ID,ESSFdm_ID/111,D6
5358,USA_2019,ESSFdm_ID,ESSFdm_ID/111,C6
5359,USA_2019,ESSFdm_ID,ESSFdm_ID/111,B6
5360,Add_2021,ESSFdm_ID,ESSFdm_ID/Ro,A0
5361,Add_2021,ESSFdm_ID,ESSFdm_ID/Ro,B0
5362,USA_2019,ESSFdmp_ID,ESSFdmp_ID/00,E6
5363,USA_2019,ESSFdmp_ID,ESSFdmp_ID/00,E5
5364,USA_2019,ESSFdmp_ID,ESSFdmp_ID/00,D6
5365,USA_2019,ESSFdmp_ID,ESSFdmp_ID/00,D5
5366,USA_2019,ESSFdmp_ID,ESSFdmp_ID/00,D4
5367,USA_2019,ESSFdmp_ID,ESSFdmp_ID/00,D3
5368,USA_2019,ESSFdmp_ID,ESSFdmp_ID/00,D2
5369,USA_2019,ESSFdmp_ID,ESSFdmp_ID/00,D1
5370,USA_2019,ESSFdmp_ID,ESSFdmp_ID/00,C6
5371,USA_2019,ESSFdmp_ID,ESSFdmp_ID/00,C5
5372,USA_2019,ESSFdmp_ID,ESSFdmp_ID/00,C4
5373,USA_2019,ESSFdmp_ID,ESSFdmp_ID/00,C3
5374,USA_2019,ESSFdmp_ID,ESSFdmp_ID/00,C2
5375,USA_2019,ESSFdmp_ID,ESSFdmp_ID/00,C1
5376,USA_2019,ESSFdmp_ID,ESSFdmp_ID/00,B6
5377,USA_2019,ESSFdmp_ID,ESSFdmp_ID/00,B5
5378,USA_2019,ESSFdmp_ID,ESSFdmp_ID/00,B4
5379,USA_2019,ESSFdmp_ID,ESSFdmp_ID/00,B3
5380,USA_2019,ESSFdmp_ID,ESSFdmp_ID/00,B2
5381,USA_2019,ESSFdmp_ID,ESSFdmp_ID/00,B1
5382,USA_2019,ESSFdmp_ID,ESSFdmp_ID/00,A2
5383,USA_2019,ESSFdmp_ID,ESSFdmp_ID/00,A1
5384,Add_2021,ESSFdmp_ID,ESSFdmp_ID/Ro,A0
5385,Add_2021,ESSFdmp_ID,ESSFdmp_ID/Ro,B0
5386,BECv10,ESSFdv1,ESSFdv1/01,C5
5387,BECv10,ESSFdv1,ESSFdv1/01,C4
5388,BECv10,ESSFdv1,ESSFdv1/01,C3
5389,BECv10,ESSFdv1,ESSFdv1/01,B5
5390,BECv10,ESSFdv1,ESSFdv1/01,B4
5391,BECv10,ESSFdv1,ESSFdv1/01,B3
5392,BECv10,ESSFdv1,ESSFdv1/01,A5
5393,BECv10,ESSFdv1,ESSFdv1/01,A4
5394,BECv10,ESSFdv1,ESSFdv1/01,A3
5395,BECv10,ESSFdv1,ESSFdv1/02,D2
5396,BECv10,ESSFdv1,ESSFdv1/02,D1
5397,BECv10,ESSFdv1,ESSFdv1/02,D0
5398,BECv10,ESSFdv1,ESSFdv1/02,C2
5399,BECv10,ESSFdv1,ESSFdv1/02,C1
5400,BECv10,ESSFdv1,ESSFdv1/02,C0
5401,BECv10,ESSFdv1,ESSFdv1/02,B0
5402,BECv10,ESSFdv1,ESSFdv1/03,C2
5403,BECv10,ESSFdv1,ESSFdv1/03,C1
5404,BECv10,ESSFdv1,ESSFdv1/03,C0
5405,BECv10,ESSFdv1,ESSFdv1/03,B2
5406,BECv10,ESSFdv1,ESSFdv1/03,B1
5407,BECv10,ESSFdv1,ESSFdv1/03,B0
5408,BECv10,ESSFdv1,ESSFdv1/03,A2
5409,BECv10,ESSFdv1,ESSFdv1/03,A1
5410,BECv10,ESSFdv1,ESSFdv1/03,A0
5411,BECv10,ESSFdv1,ESSFdv1/04,D3
5412,BECv10,ESSFdv1,ESSFdv1/04,D2
5413,BECv10,ESSFdv1,ESSFdv1/04,C3
5414,BECv10,ESSFdv1,ESSFdv1/04,C2
5415,BECv10,ESSFdv1,ESSFdv1/04,B3
5416,BECv10,ESSFdv1,ESSFdv1/04,B2
5417,BECv10,ESSFdv1,ESSFdv1/04,A3
5418,BECv10,ESSFdv1,ESSFdv1/04,A2
5419,BECv10,ESSFdv1,ESSFdv1/05,E6
5420,BECv10,ESSFdv1,ESSFdv1/05,E5
5421,BECv10,ESSFdv1,ESSFdv1/05,E4
5422,BECv10,ESSFdv1,ESSFdv1/05,E3
5423,BECv10,ESSFdv1,ESSFdv1/05,D6
5424,BECv10,ESSFdv1,ESSFdv1/05,D5
5425,BECv10,ESSFdv1,ESSFdv1/05,D4
5426,BECv10,ESSFdv1,ESSFdv1/05,D3
5427,BECv10,ESSFdv1,ESSFdv1/05,C6
5428,BECv10,ESSFdv1,ESSFdv1/05,C5
5429,BECv10,ESSFdv1,ESSFdv1/05,C4
5430,BECv10,ESSFdv1,ESSFdv1/05,C3
5431,BECv10,ESSFdv1,ESSFdv1/05,B6
5432,BECv10,ESSFdv1,ESSFdv1/05,B5
5433,BECv10,ESSFdv1,ESSFdv1/05,B4
5434,BECv10,ESSFdv1,ESSFdv1/06,E7
5435,BECv10,ESSFdv1,ESSFdv1/06,E6
5436,BECv10,ESSFdv1,ESSFdv1/06,D7
5437,BECv10,ESSFdv1,ESSFdv1/06,D6
5438,BECv10,ESSFdv1,ESSFdv1/06,C7
5439,BECv10,ESSFdv1,ESSFdv1/06,C6
5440,BECv10,ESSFdv1,ESSFdv1/06,B7
5441,BECv10,ESSFdv1,ESSFdv1/06,B6
5442,BECv10,ESSFdv1,ESSFdv1/06,A7
5443,BECv10,ESSFdv1,ESSFdv1/06,A6
5444,BECv10,ESSFdv2,ESSFdv2/01,C5
5445,BECv10,ESSFdv2,ESSFdv2/01,C4
5446,BECv10,ESSFdv2,ESSFdv2/01,C3
5447,BECv10,ESSFdv2,ESSFdv2/01,B5
5448,BECv10,ESSFdv2,ESSFdv2/01,B4
5449,BECv10,ESSFdv2,ESSFdv2/01,B3
5450,BECv10,ESSFdv2,ESSFdv2/01,A5
5451,BECv10,ESSFdv2,ESSFdv2/01,A4
5452,BECv10,ESSFdv2,ESSFdv2/01,A3
5453,BECv10,ESSFdv2,ESSFdv2/02,D2
5454,BECv10,ESSFdv2,ESSFdv2/02,D1
5455,BECv10,ESSFdv2,ESSFdv2/02,D0
5456,BECv10,ESSFdv2,ESSFdv2/02,C2
5457,BECv10,ESSFdv2,ESSFdv2/02,C1
5458,BECv10,ESSFdv2,ESSFdv2/02,C0
5459,BECv10,ESSFdv2,ESSFdv2/02,B0
5460,BECv10,ESSFdv2,ESSFdv2/03,C2
5461,BECv10,ESSFdv2,ESSFdv2/03,C1
5462,BECv10,ESSFdv2,ESSFdv2/03,C0
5463,BECv10,ESSFdv2,ESSFdv2/03,B2
5464,BECv10,ESSFdv2,ESSFdv2/03,B1
5465,BECv10,ESSFdv2,ESSFdv2/03,B0
5466,BECv10,ESSFdv2,ESSFdv2/03,A2
5467,BECv10,ESSFdv2,ESSFdv2/03,A1
5468,BECv10,ESSFdv2,ESSFdv2/03,A0
5469,BECv10,ESSFdv2,ESSFdv2/04,D3
5470,BECv10,ESSFdv2,ESSFdv2/04,D2
5471,BECv10,ESSFdv2,ESSFdv2/04,C3
5472,BECv10,ESSFdv2,ESSFdv2/04,C2
5473,BECv10,ESSFdv2,ESSFdv2/04,B3
5474,BECv10,ESSFdv2,ESSFdv2/04,B2
5475,BECv10,ESSFdv2,ESSFdv2/04,A3
5476,BECv10,ESSFdv2,ESSFdv2/04,A2
5477,BECv10,ESSFdv2,ESSFdv2/05,E6
5478,BECv10,ESSFdv2,ESSFdv2/05,E5
5479,BECv10,ESSFdv2,ESSFdv2/05,E4
5480,BECv10,ESSFdv2,ESSFdv2/05,E3
5481,BECv10,ESSFdv2,ESSFdv2/05,D6
5482,BECv10,ESSFdv2,ESSFdv2/05,D5
5483,BECv10,ESSFdv2,ESSFdv2/05,D4
5484,BECv10,ESSFdv2,ESSFdv2/05,D3
5485,BECv10,ESSFdv2,ESSFdv2/05,C6
5486,BECv10,ESSFdv2,ESSFdv2/05,C5
5487,BECv10,ESSFdv2,ESSFdv2/05,C4
5488,BECv10,ESSFdv2,ESSFdv2/05,C3
5489,BECv10,ESSFdv2,ESSFdv2/05,B6
5490,BECv10,ESSFdv2,ESSFdv2/05,B5
5491,BECv10,ESSFdv2,ESSFdv2/05,B4
5492,BECv10,ESSFdv2,ESSFdv2/06,E7
5493,BECv10,ESSFdv2,ESSFdv2/06,E6
5494,BECv10,ESSFdv2,ESSFdv2/06,D7
5495,BECv10,ESSFdv2,ESSFdv2/06,D6
5496,BECv10,ESSFdv2,ESSFdv2/06,C7
5497,BECv10,ESSFdv2,ESSFdv2/06,C6
5498,BECv10,ESSFdv2,ESSFdv2/06,B7
5499,BECv10,ESSFdv2,ESSFdv2/06,B6
5500,BECv10,ESSFdv2,ESSFdv2/06,A7
5501,BECv10,ESSFdv2,ESSFdv2/06,A6
5502,BECv10,ESSFdvp,ESSFdvp/00,E7
5503,BECv10,ESSFdvp,ESSFdvp/00,E6
5504,BECv10,ESSFdvp,ESSFdvp/00,E5
5505,BECv10,ESSFdvp,ESSFdvp/00,E4
5506,BECv10,ESSFdvp,ESSFdvp/00,E3
5507,BECv10,ESSFdvp,ESSFdvp/00,E2
5508,BECv10,ESSFdvp,ESSFdvp/00,E1
5509,BECv10,ESSFdvp,ESSFdvp/00,E0
5510,BECv10,ESSFdvp,ESSFdvp/00,D7
5511,BECv10,ESSFdvp,ESSFdvp/00,D6
5512,BECv10,ESSFdvp,ESSFdvp/00,D5
5513,BECv10,ESSFdvp,ESSFdvp/00,D4
5514,BECv10,ESSFdvp,ESSFdvp/00,D3
5515,BECv10,ESSFdvp,ESSFdvp/00,D2
5516,BECv10,ESSFdvp,ESSFdvp/00,D1
5517,BECv10,ESSFdvp,ESSFdvp/00,D0
5518,BECv10,ESSFdvp,ESSFdvp/00,C7
5519,BECv10,ESSFdvp,ESSFdvp/00,C6
5520,BECv10,ESSFdvp,ESSFdvp/00,C5
5521,BECv10,ESSFdvp,ESSFdvp/00,C4
5522,BECv10,ESSFdvp,ESSFdvp/00,C3
5523,BECv10,ESSFdvp,ESSFdvp/00,C2
5524,BECv10,ESSFdvp,ESSFdvp/00,C1
5525,BECv10,ESSFdvp,ESSFdvp/00,C0
5526,BECv10,ESSFdvp,ESSFdvp/00,B7
5527,BECv10,ESSFdvp,ESSFdvp/00,B6
5528,BECv10,ESSFdvp,ESSFdvp/00,B5
5529,BECv10,ESSFdvp,ESSFdvp/00,B4
5530,BECv10,ESSFdvp,ESSFdvp/00,B3
5531,BECv10,ESSFdvp,ESSFdvp/00,B2
5532,BECv10,ESSFdvp,ESSFdvp/00,B1
5533,BECv10,ESSFdvp,ESSFdvp/00,B0
5534,BECv10,ESSFdvp,ESSFdvp/00,A7
5535,BECv10,ESSFdvp,ESSFdvp/00,A6
5536,BECv10,ESSFdvp,ESSFdvp/00,A5
5537,BECv10,ESSFdvp,ESSFdvp/00,A4
5538,BECv10,ESSFdvp,ESSFdvp/00,A3
5539,BECv10,ESSFdvp,ESSFdvp/00,A2
5540,BECv10,ESSFdvp,ESSFdvp/00,A1
5541,BECv10,ESSFdvp,ESSFdvp/00,A0
5542,BECv10,ESSFdvw,ESSFdvw/01,C5
5543,BECv10,ESSFdvw,ESSFdvw/01,C4
5544,BECv10,ESSFdvw,ESSFdvw/01,C3
5545,BECv10,ESSFdvw,ESSFdvw/01,B5
5546,BECv10,ESSFdvw,ESSFdvw/01,B4
5547,BECv10,ESSFdvw,ESSFdvw/01,B3
5548,BECv10,ESSFdvw,ESSFdvw/01,A5
5549,BECv10,ESSFdvw,ESSFdvw/01,A4
5550,BECv10,ESSFdvw,ESSFdvw/01,A3
5551,BECv10,ESSFdvw,ESSFdvw/02,D2
5552,BECv10,ESSFdvw,ESSFdvw/02,D1
5553,BECv10,ESSFdvw,ESSFdvw/02,D0
5554,BECv10,ESSFdvw,ESSFdvw/02,C2
5555,BECv10,ESSFdvw,ESSFdvw/02,C1
5556,BECv10,ESSFdvw,ESSFdvw/02,C0
5557,BECv10,ESSFdvw,ESSFdvw/02,B0
5558,BECv10,ESSFdvw,ESSFdvw/03,C2
5559,BECv10,ESSFdvw,ESSFdvw/03,C1
5560,BECv10,ESSFdvw,ESSFdvw/03,C0
5561,BECv10,ESSFdvw,ESSFdvw/03,B2
5562,BECv10,ESSFdvw,ESSFdvw/03,B1
5563,BECv10,ESSFdvw,ESSFdvw/03,B0
5564,BECv10,ESSFdvw,ESSFdvw/03,A2
5565,BECv10,ESSFdvw,ESSFdvw/03,A1
5566,BECv10,ESSFdvw,ESSFdvw/03,A0
5567,BECv10,ESSFdvw,ESSFdvw/04,D3
5568,BECv10,ESSFdvw,ESSFdvw/04,D2
5569,BECv10,ESSFdvw,ESSFdvw/04,C3
5570,BECv10,ESSFdvw,ESSFdvw/04,C2
5571,BECv10,ESSFdvw,ESSFdvw/04,B3
5572,BECv10,ESSFdvw,ESSFdvw/04,B2
5573,BECv10,ESSFdvw,ESSFdvw/04,A3
5574,BECv10,ESSFdvw,ESSFdvw/04,A2
5575,BECv10,ESSFdvw,ESSFdvw/05,E6
5576,BECv10,ESSFdvw,ESSFdvw/05,E5
5577,BECv10,ESSFdvw,ESSFdvw/05,E4
5578,BECv10,ESSFdvw,ESSFdvw/05,E3
5579,BECv10,ESSFdvw,ESSFdvw/05,D6
5580,BECv10,ESSFdvw,ESSFdvw/05,D5
5581,BECv10,ESSFdvw,ESSFdvw/05,D4
5582,BECv10,ESSFdvw,ESSFdvw/05,D3
5583,BECv10,ESSFdvw,ESSFdvw/05,C6
5584,BECv10,ESSFdvw,ESSFdvw/05,C5
5585,BECv10,ESSFdvw,ESSFdvw/05,C4
5586,BECv10,ESSFdvw,ESSFdvw/05,C3
5587,BECv10,ESSFdvw,ESSFdvw/05,B6
5588,BECv10,ESSFdvw,ESSFdvw/05,B5
5589,BECv10,ESSFdvw,ESSFdvw/05,B4
5590,BECv10,ESSFdvw,ESSFdvw/06,E7
5591,BECv10,ESSFdvw,ESSFdvw/06,E6
5592,BECv10,ESSFdvw,ESSFdvw/06,D7
5593,BECv10,ESSFdvw,ESSFdvw/06,D6
5594,BECv10,ESSFdvw,ESSFdvw/06,C7
5595,BECv10,ESSFdvw,ESSFdvw/06,C6
5596,BECv10,ESSFdvw,ESSFdvw/06,B7
5597,BECv10,ESSFdvw,ESSFdvw/06,B6
5598,BECv10,ESSFdvw,ESSFdvw/06,A7
5599,BECv10,ESSFdvw,ESSFdvw/06,A6
5600,BECv10,ESSFmc,ESSFmc/01,C4
5601,BECv10,ESSFmc,ESSFmc/01,B5
5602,BECv10,ESSFmc,ESSFmc/01,B4
5603,BECv10,ESSFmc,ESSFmc/01a,C4
5604,BECv10,ESSFmc,ESSFmc/01a,B5
5605,BECv10,ESSFmc,ESSFmc/01a,B4
5606,BECv10,ESSFmc,ESSFmc/01b,C4
5607,BECv10,ESSFmc,ESSFmc/01b,B5
5608,BECv10,ESSFmc,ESSFmc/01b,B4
5609,BECv10,ESSFmc,ESSFmc/02,C1
5610,BECv10,ESSFmc,ESSFmc/02,C0
5611,BECv10,ESSFmc,ESSFmc/02,B1
5612,BECv10,ESSFmc,ESSFmc/02,B0
5613,BECv10,ESSFmc,ESSFmc/02,A1
5614,BECv10,ESSFmc,ESSFmc/02,A0
5615,BECv10,ESSFmc,ESSFmc/03,C2
5616,BECv10,ESSFmc,ESSFmc/03,B2
5617,BECv10,ESSFmc,ESSFmc/03,A2
5618,BECv10,ESSFmc,ESSFmc/04,C3
5619,BECv10,ESSFmc,ESSFmc/04,B3
5620,BECv10,ESSFmc,ESSFmc/04,A4
5621,BECv10,ESSFmc,ESSFmc/04,A3
5622,BECv10,ESSFmc,ESSFmc/05,E4
5623,BECv10,ESSFmc,ESSFmc/05,D4
5624,BECv10,ESSFmc,ESSFmc/06,D5
5625,BECv10,ESSFmc,ESSFmc/06,C5
5626,BECv10,ESSFmc,ESSFmc/07,E6
5627,BECv10,ESSFmc,ESSFmc/07,E5
5628,BECv10,ESSFmc,ESSFmc/07,D6
5629,BECv10,ESSFmc,ESSFmc/07,D5
5630,BECv10,ESSFmc,ESSFmc/08,D7
5631,BECv10,ESSFmc,ESSFmc/08,D6
5632,BECv10,ESSFmc,ESSFmc/08,D5
5633,BECv10,ESSFmc,ESSFmc/08,C7
5634,BECv10,ESSFmc,ESSFmc/08,C6
5635,BECv10,ESSFmc,ESSFmc/09,B7
5636,BECv10,ESSFmc,ESSFmc/09,B6
5637,BECv10,ESSFmc,ESSFmc/09,A7
5638,BECv10,ESSFmc,ESSFmc/09,A6
5639,BECv10,ESSFmc,ESSFmc/10,E7
5640,BECv10,ESSFmc,ESSFmc/10,D7
5641,BECv10,ESSFmc,ESSFmc/10,C7
5642,BECv10,ESSFmcp,ESSFmcp/00,E7
5643,BECv10,ESSFmcp,ESSFmcp/00,E6
5644,BECv10,ESSFmcp,ESSFmcp/00,E5
5645,BECv10,ESSFmcp,ESSFmcp/00,E4
5646,BECv10,ESSFmcp,ESSFmcp/00,E3
5647,BECv10,ESSFmcp,ESSFmcp/00,E2
5648,BECv10,ESSFmcp,ESSFmcp/00,E1
5649,BECv10,ESSFmcp,ESSFmcp/00,E0
5650,BECv10,ESSFmcp,ESSFmcp/00,D7
5651,BECv10,ESSFmcp,ESSFmcp/00,D6
5652,BECv10,ESSFmcp,ESSFmcp/00,D5
5653,BECv10,ESSFmcp,ESSFmcp/00,D4
5654,BECv10,ESSFmcp,ESSFmcp/00,D3
5655,BECv10,ESSFmcp,ESSFmcp/00,D2
5656,BECv10,ESSFmcp,ESSFmcp/00,D1
5657,BECv10,ESSFmcp,ESSFmcp/00,D0
5658,BECv10,ESSFmcp,ESSFmcp/00,C7
5659,BECv10,ESSFmcp,ESSFmcp/00,C6
5660,BECv10,ESSFmcp,ESSFmcp/00,C5
5661,BECv10,ESSFmcp,ESSFmcp/00,C4
5662,BECv10,ESSFmcp,ESSFmcp/00,C3
5663,BECv10,ESSFmcp,ESSFmcp/00,C2
5664,BECv10,ESSFmcp,ESSFmcp/00,C1
5665,BECv10,ESSFmcp,ESSFmcp/00,C0
5666,BECv10,ESSFmcp,ESSFmcp/00,B7
5667,BECv10,ESSFmcp,ESSFmcp/00,B6
5668,BECv10,ESSFmcp,ESSFmcp/00,B5
5669,BECv10,ESSFmcp,ESSFmcp/00,B4
5670,BECv10,ESSFmcp,ESSFmcp/00,B3
5671,BECv10,ESSFmcp,ESSFmcp/00,B2
5672,BECv10,ESSFmcp,ESSFmcp/00,B1
5673,BECv10,ESSFmcp,ESSFmcp/00,B0
5674,BECv10,ESSFmcp,ESSFmcp/00,A7
5675,BECv10,ESSFmcp,ESSFmcp/00,A6
5676,BECv10,ESSFmcp,ESSFmcp/00,A5
5677,BECv10,ESSFmcp,ESSFmcp/00,A4
5678,BECv10,ESSFmcp,ESSFmcp/00,A3
5679,BECv10,ESSFmcp,ESSFmcp/00,A2
5680,BECv10,ESSFmcp,ESSFmcp/00,A1
5681,BECv10,ESSFmcp,ESSFmcp/00,A0
5682,BECv12,ESSFmcw,ESSFmcw/101,C4
5683,BECv12,ESSFmcw,ESSFmcw/101,C3
5684,BECv12,ESSFmcw,ESSFmcw/101,B4
5685,BECv12,ESSFmcw,ESSFmcw/101,B3
5686,BECv12,ESSFmcw,ESSFmcw/101a,C3
5687,BECv12,ESSFmcw,ESSFmcw/101a,B3
5688,BECv12,ESSFmcw,ESSFmcw/101b,C4
5689,BECv12,ESSFmcw,ESSFmcw/101b,B4
5690,BECv12,ESSFmcw,ESSFmcw/102,C2
5691,BECv12,ESSFmcw,ESSFmcw/102,B2
5692,BECv12,ESSFmcw,ESSFmcw/102,B1
5693,BECv12,ESSFmcw,ESSFmcw/102,A1
5694,BECv12,ESSFmcw,ESSFmcw/103,B4
5695,BECv12,ESSFmcw,ESSFmcw/103,B3
5696,BECv12,ESSFmcw,ESSFmcw/103,A4
5697,BECv12,ESSFmcw,ESSFmcw/103,A3
5698,BECv12,ESSFmcw,ESSFmcw/103,A2
5699,BECv12,ESSFmcw,ESSFmcw/110,E5
5700,BECv12,ESSFmcw,ESSFmcw/110,E4
5701,BECv12,ESSFmcw,ESSFmcw/110,E3
5702,BECv12,ESSFmcw,ESSFmcw/110,D5
5703,BECv12,ESSFmcw,ESSFmcw/110,D4
5704,BECv12,ESSFmcw,ESSFmcw/110,D3
5705,BECv12,ESSFmcw,ESSFmcw/110,C5
5706,BECv12,ESSFmcw,ESSFmcw/110,B5
5707,BECv12,ESSFmcw,ESSFmcw/111,E6
5708,BECv12,ESSFmcw,ESSFmcw/111,D6
5709,BECv12,ESSFmcw,ESSFmcw/111,C6
5710,BECv12,ESSFmcw,ESSFmcw/111,B6
5711,Add_2021,ESSFmcw,ESSFmcw/Ro,A0
5712,Add_2021,ESSFmcw,ESSFmcw/Ro,B0
5713,BECv10,ESSFmh,ESSFmh/101,D4
5714,BECv10,ESSFmh,ESSFmh/101,C4
5715,BECv10,ESSFmh,ESSFmh/101,B4
5716,BECv10,ESSFmh,ESSFmh/102,C1
5717,BECv10,ESSFmh,ESSFmh/102,B1
5718,BECv10,ESSFmh,ESSFmh/102,A1
5719,BECv10,ESSFmh,ESSFmh/103,C2
5720,BECv10,ESSFmh,ESSFmh/103,B2
5721,BECv10,ESSFmh,ESSFmh/103,A2
5722,BECv10,ESSFmh,ESSFmh/104,B3
5723,BECv10,ESSFmh,ESSFmh/104,B2
5724,BECv10,ESSFmh,ESSFmh/104,A3
5725,BECv10,ESSFmh,ESSFmh/104,A2
5726,BECv10,ESSFmh,ESSFmh/105,C3
5727,BECv10,ESSFmh,ESSFmh/105,C2
5728,BECv10,ESSFmh,ESSFmh/105,B3
5729,BECv10,ESSFmh,ESSFmh/110,E5
5730,BECv10,ESSFmh,ESSFmh/110,D5
5731,BECv10,ESSFmh,ESSFmh/110,D4
5732,BECv10,ESSFmh,ESSFmh/110,C5
5733,BECv10,ESSFmh,ESSFmh/111,E6
5734,BECv10,ESSFmh,ESSFmh/111,E5
5735,BECv10,ESSFmh,ESSFmh/111,D6
5736,BECv10,ESSFmh,ESSFmh/111,D5
5737,BECv10,ESSFmh,ESSFmh/111,C6
5738,BECv10,ESSFmh,ESSFmh/111,C5
5739,BECv10,ESSFmh,ESSFmh/112,E6
5740,BECv10,ESSFmh,ESSFmh/112,D6
5741,BECv10,ESSFmh,ESSFmh/112,C6
5742,BECv10,ESSFmh,ESSFmh/112.1,E6
5743,BECv10,ESSFmh,ESSFmh/112.1,D6
5744,BECv10,ESSFmh,ESSFmh/112.1,C6
5745,BECv10,ESSFmh,ESSFmh/112.2,E6
5746,BECv10,ESSFmh,ESSFmh/112.2,D6
5747,BECv10,ESSFmh,ESSFmh/112.2,C6
5748,Add_2021,ESSFmh,ESSFmh/Ro,A0
5749,Add_2021,ESSFmh,ESSFmh/Ro,B0
5750,BECv10,ESSFmk,ESSFmk/01,C4
5751,BECv10,ESSFmk,ESSFmk/01,B5
5752,BECv10,ESSFmk,ESSFmk/01,B4
5753,BECv10,ESSFmk,ESSFmk/02,C2
5754,BECv10,ESSFmk,ESSFmk/02,C1
5755,BECv10,ESSFmk,ESSFmk/02,C0
5756,BECv10,ESSFmk,ESSFmk/02,B2
5757,BECv10,ESSFmk,ESSFmk/02,B1
5758,BECv10,ESSFmk,ESSFmk/02,B0
5759,BECv10,ESSFmk,ESSFmk/02,A2
5760,BECv10,ESSFmk,ESSFmk/02,A1
5761,BECv10,ESSFmk,ESSFmk/02,A0
5762,BECv10,ESSFmk,ESSFmk/02a,C2
5763,BECv10,ESSFmk,ESSFmk/02a,C1
5764,BECv10,ESSFmk,ESSFmk/02a,C0
5765,BECv10,ESSFmk,ESSFmk/02a,B2
5766,BECv10,ESSFmk,ESSFmk/02a,B1
5767,BECv10,ESSFmk,ESSFmk/02a,B0
5768,BECv10,ESSFmk,ESSFmk/02a,A2
5769,BECv10,ESSFmk,ESSFmk/02a,A1
5770,BECv10,ESSFmk,ESSFmk/02a,A0
5771,BECv10,ESSFmk,ESSFmk/02b,C2
5772,BECv10,ESSFmk,ESSFmk/02b,C1
5773,BECv10,ESSFmk,ESSFmk/02b,C0
5774,BECv10,ESSFmk,ESSFmk/02b,B2
5775,BECv10,ESSFmk,ESSFmk/02b,B1
5776,BECv10,ESSFmk,ESSFmk/02b,B0
5777,BECv10,ESSFmk,ESSFmk/02b,A2
5778,BECv10,ESSFmk,ESSFmk/02b,A1
5779,BECv10,ESSFmk,ESSFmk/02b,A0
5780,BECv10,ESSFmk,ESSFmk/03,C3
5781,BECv10,ESSFmk,ESSFmk/03,B3
5782,BECv10,ESSFmk,ESSFmk/03,A4
5783,BECv10,ESSFmk,ESSFmk/03,A3
5784,BECv10,ESSFmk,ESSFmk/04,E4
5785,BECv10,ESSFmk,ESSFmk/04,D5
5786,BECv10,ESSFmk,ESSFmk/04,D4
5787,BECv10,ESSFmk,ESSFmk/04,C5
5788,BECv10,ESSFmk,ESSFmk/05,E6
5789,BECv10,ESSFmk,ESSFmk/05,E5
5790,BECv10,ESSFmk,ESSFmk/05,E4
5791,BECv10,ESSFmk,ESSFmk/05,D6
5792,BECv10,ESSFmk,ESSFmk/05,D5
5793,BECv10,ESSFmk,ESSFmk/06,C7
5794,BECv10,ESSFmk,ESSFmk/06,C6
5795,BECv10,ESSFmk,ESSFmk/06,B7
5796,BECv10,ESSFmk,ESSFmk/06,B6
5797,BECv10,ESSFmk,ESSFmk/07,E7
5798,BECv10,ESSFmk,ESSFmk/07,E6
5799,BECv10,ESSFmk,ESSFmk/07,D7
5800,BECv10,ESSFmk,ESSFmk/07,D6
5801,BECv10,ESSFmkp,ESSFmkp/00,E7
5802,BECv10,ESSFmkp,ESSFmkp/00,E6
5803,BECv10,ESSFmkp,ESSFmkp/00,E5
5804,BECv10,ESSFmkp,ESSFmkp/00,E4
5805,BECv10,ESSFmkp,ESSFmkp/00,E3
5806,BECv10,ESSFmkp,ESSFmkp/00,E2
5807,BECv10,ESSFmkp,ESSFmkp/00,E1
5808,BECv10,ESSFmkp,ESSFmkp/00,E0
5809,BECv10,ESSFmkp,ESSFmkp/00,D7
5810,BECv10,ESSFmkp,ESSFmkp/00,D6
5811,BECv10,ESSFmkp,ESSFmkp/00,D5
5812,BECv10,ESSFmkp,ESSFmkp/00,D4
5813,BECv10,ESSFmkp,ESSFmkp/00,D3
5814,BECv10,ESSFmkp,ESSFmkp/00,D2
5815,BECv10,ESSFmkp,ESSFmkp/00,D1
5816,BECv10,ESSFmkp,ESSFmkp/00,D0
5817,BECv10,ESSFmkp,ESSFmkp/00,C7
5818,BECv10,ESSFmkp,ESSFmkp/00,C6
5819,BECv10,ESSFmkp,ESSFmkp/00,C5
5820,BECv10,ESSFmkp,ESSFmkp/00,C4
5821,BECv10,ESSFmkp,ESSFmkp/00,C3
5822,BECv10,ESSFmkp,ESSFmkp/00,C2
5823,BECv10,ESSFmkp,ESSFmkp/00,C1
5824,BECv10,ESSFmkp,ESSFmkp/00,C0
5825,BECv10,ESSFmkp,ESSFmkp/00,B7
5826,BECv10,ESSFmkp,ESSFmkp/00,B6
5827,BECv10,ESSFmkp,ESSFmkp/00,B5
5828,BECv10,ESSFmkp,ESSFmkp/00,B4
5829,BECv10,ESSFmkp,ESSFmkp/00,B3
5830,BECv10,ESSFmkp,ESSFmkp/00,B2
5831,BECv10,ESSFmkp,ESSFmkp/00,B1
5832,BECv10,ESSFmkp,ESSFmkp/00,B0
5833,BECv10,ESSFmkp,ESSFmkp/00,A7
5834,BECv10,ESSFmkp,ESSFmkp/00,A6
5835,BECv10,ESSFmkp,ESSFmkp/00,A5
5836,BECv10,ESSFmkp,ESSFmkp/00,A4
5837,BECv10,ESSFmkp,ESSFmkp/00,A3
5838,BECv10,ESSFmkp,ESSFmkp/00,A2
5839,BECv10,ESSFmkp,ESSFmkp/00,A1
5840,BECv10,ESSFmkp,ESSFmkp/00,A0
5841,BECv12,ESSFmkw,ESSFmkw/101,C4
5842,BECv12,ESSFmkw,ESSFmkw/101,C3
5843,BECv12,ESSFmkw,ESSFmkw/101,B4
5844,BECv12,ESSFmkw,ESSFmkw/101,B3
5845,BECv12,ESSFmkw,ESSFmkw/102,C2
5846,BECv12,ESSFmkw,ESSFmkw/102,C1
5847,BECv12,ESSFmkw,ESSFmkw/102,B2
5848,BECv12,ESSFmkw,ESSFmkw/102,B1
5849,BECv12,ESSFmkw,ESSFmkw/102,A1
5850,BECv12,ESSFmkw,ESSFmkw/103,B4
5851,BECv12,ESSFmkw,ESSFmkw/103,B3
5852,BECv12,ESSFmkw,ESSFmkw/103,A4
5853,BECv12,ESSFmkw,ESSFmkw/103,A3
5854,BECv12,ESSFmkw,ESSFmkw/103,A2
5855,BECv12,ESSFmkw,ESSFmkw/104,C4
5856,BECv12,ESSFmkw,ESSFmkw/104,B4
5857,BECv12,ESSFmkw,ESSFmkw/110,E5
5858,BECv12,ESSFmkw,ESSFmkw/110,E4
5859,BECv12,ESSFmkw,ESSFmkw/110,E3
5860,BECv12,ESSFmkw,ESSFmkw/110,D5
5861,BECv12,ESSFmkw,ESSFmkw/110,D4
5862,BECv12,ESSFmkw,ESSFmkw/110,D3
5863,BECv12,ESSFmkw,ESSFmkw/110,C5
5864,BECv12,ESSFmkw,ESSFmkw/110,B5
5865,BECv12,ESSFmkw,ESSFmkw/111,E6
5866,BECv12,ESSFmkw,ESSFmkw/111,D6
5867,BECv12,ESSFmkw,ESSFmkw/111,C6
5868,BECv12,ESSFmkw,ESSFmkw/111,B6
5869,Add_2021,ESSFmkw,ESSFmkw/Ro,A0
5870,Add_2021,ESSFmkw,ESSFmkw/Ro,B0
5871,BECv10,ESSFmm1,ESSFmm1/01,D4
5872,BECv10,ESSFmm1,ESSFmm1/01,D3
5873,BECv10,ESSFmm1,ESSFmm1/01,C4
5874,BECv10,ESSFmm1,ESSFmm1/01,C3
5875,BECv10,ESSFmm1,ESSFmm1/01,B4
5876,BECv10,ESSFmm1,ESSFmm1/01,B3
5877,BECv10,ESSFmm1,ESSFmm1/02,B1
5878,BECv10,ESSFmm1,ESSFmm1/02,A1
5879,BECv10,ESSFmm1,ESSFmm1/03,B2
5880,BECv10,ESSFmm1,ESSFmm1/03,B1
5881,BECv10,ESSFmm1,ESSFmm1/03,A2
5882,BECv10,ESSFmm1,ESSFmm1/04,C2
5883,BECv10,ESSFmm1,ESSFmm1/04,B2
5884,BECv10,ESSFmm1,ESSFmm1/05,D5
5885,BECv10,ESSFmm1,ESSFmm1/05,C5
5886,BECv10,ESSFmm1,ESSFmm1/05,B5
5887,BECv10,ESSFmm1,ESSFmm1/06,D6
5888,BECv10,ESSFmm1,ESSFmm1/06,D5
5889,BECv10,ESSFmm1,ESSFmm1/06,C6
5890,BECv10,ESSFmm1,ESSFmm1/06,C5
5891,BECv10,ESSFmm1,ESSFmm1/06,B7
5892,BECv10,ESSFmm1,ESSFmm1/06,B6
5893,BECv10,ESSFmm1,ESSFmm1/06,B5
5894,BECv10,ESSFmm1,ESSFmm1/06,A7
5895,BECv10,ESSFmm1,ESSFmm1/07,B7
5896,BECv10,ESSFmm1,ESSFmm1/07,A7
5897,Add_2021,ESSFmm1,ESSFmm1/Ro,A0
5898,Add_2021,ESSFmm1,ESSFmm1/Ro,B0
5899,BECv10,ESSFmm2,ESSFmm2/01,E4
5900,BECv10,ESSFmm2,ESSFmm2/01,E3
5901,BECv10,ESSFmm2,ESSFmm2/01,D4
5902,BECv10,ESSFmm2,ESSFmm2/01,D3
5903,BECv10,ESSFmm2,ESSFmm2/01,C4
5904,BECv10,ESSFmm2,ESSFmm2/01,C3
5905,BECv10,ESSFmm2,ESSFmm2/01,B4
5906,BECv10,ESSFmm2,ESSFmm2/01,B3
5907,BECv10,ESSFmm2,ESSFmm2/01,A4
5908,BECv10,ESSFmm2,ESSFmm2/01,A3
5909,BECv10,ESSFmm2,ESSFmm2/02,C2
5910,BECv10,ESSFmm2,ESSFmm2/02,C1
5911,BECv10,ESSFmm2,ESSFmm2/02,B2
5912,BECv10,ESSFmm2,ESSFmm2/02,B1
5913,BECv10,ESSFmm2,ESSFmm2/02,A2
5914,BECv10,ESSFmm2,ESSFmm2/02,A1
5915,BECv10,ESSFmm2,ESSFmm2/03,E3
5916,BECv10,ESSFmm2,ESSFmm2/03,E2
5917,BECv10,ESSFmm2,ESSFmm2/03,E1
5918,BECv10,ESSFmm2,ESSFmm2/03,D3
5919,BECv10,ESSFmm2,ESSFmm2/03,D2
5920,BECv10,ESSFmm2,ESSFmm2/03,D1
5921,BECv10,ESSFmm2,ESSFmm2/03,C3
5922,BECv10,ESSFmm2,ESSFmm2/03,C2
5923,BECv10,ESSFmm2,ESSFmm2/03,C1
5924,BECv10,ESSFmm2,ESSFmm2/03,B3
5925,BECv10,ESSFmm2,ESSFmm2/03,B2
5926,BECv10,ESSFmm2,ESSFmm2/03,A3
5927,BECv10,ESSFmm2,ESSFmm2/03,A2
5928,BECv10,ESSFmm2,ESSFmm2/04,E5
5929,BECv10,ESSFmm2,ESSFmm2/04,E4
5930,BECv10,ESSFmm2,ESSFmm2/04,D5
5931,BECv10,ESSFmm2,ESSFmm2/04,D4
5932,BECv10,ESSFmm2,ESSFmm2/04,C5
5933,BECv10,ESSFmm2,ESSFmm2/04,C4
5934,BECv10,ESSFmm2,ESSFmm2/04,B5
5935,BECv10,ESSFmm2,ESSFmm2/04,B4
5936,BECv10,ESSFmm2,ESSFmm2/04,A5
5937,BECv10,ESSFmm2,ESSFmm2/04,A4
5938,BECv10,ESSFmm2,ESSFmm2/05,E7
5939,BECv10,ESSFmm2,ESSFmm2/05,E6
5940,BECv10,ESSFmm2,ESSFmm2/05,E5
5941,BECv10,ESSFmm2,ESSFmm2/05,D7
5942,BECv10,ESSFmm2,ESSFmm2/05,D6
5943,BECv10,ESSFmm2,ESSFmm2/05,D5
5944,BECv10,ESSFmm2,ESSFmm2/05,C7
5945,BECv10,ESSFmm2,ESSFmm2/05,C6
5946,BECv10,ESSFmm2,ESSFmm2/05,C5
5947,BECv10,ESSFmm2,ESSFmm2/05,B6
5948,BECv10,ESSFmm2,ESSFmm2/05,B5
5949,BECv10,ESSFmm2,ESSFmm2/05,A6
5950,BECv10,ESSFmm2,ESSFmm2/05,A5
5951,BECv10,ESSFmm2,ESSFmm2/06,C7
5952,BECv10,ESSFmm2,ESSFmm2/06,C6
5953,BECv10,ESSFmm2,ESSFmm2/06,B7
5954,BECv10,ESSFmm2,ESSFmm2/06,B6
5955,BECv10,ESSFmm2,ESSFmm2/06,A7
5956,BECv10,ESSFmm2,ESSFmm2/06,A6
5957,BECv10,ESSFmm2,ESSFmm2/07,B7
5958,BECv10,ESSFmm2,ESSFmm2/07,A7
5959,Add_2021,ESSFmm2,ESSFmm2/Ro,A0
5960,Add_2021,ESSFmm2,ESSFmm2/Ro,B0
5961,BECv11,ESSFmm3,ESSFmm3/101,D4
5962,BECv11,ESSFmm3,ESSFmm3/101,C4
5963,BECv11,ESSFmm3,ESSFmm3/101,B4
5964,BECv11,ESSFmm3,ESSFmm3/102,D1
5965,BECv11,ESSFmm3,ESSFmm3/102,C1
5966,BECv11,ESSFmm3,ESSFmm3/102,B1
5967,BECv11,ESSFmm3,ESSFmm3/102,A1
5968,BECv11,ESSFmm3,ESSFmm3/103,D2
5969,BECv11,ESSFmm3,ESSFmm3/103,C2
5970,BECv11,ESSFmm3,ESSFmm3/103,B2
5971,BECv11,ESSFmm3,ESSFmm3/104,D3
5972,BECv11,ESSFmm3,ESSFmm3/104,C3
5973,BECv11,ESSFmm3,ESSFmm3/104,B4
5974,BECv11,ESSFmm3,ESSFmm3/104,B3
5975,BECv11,ESSFmm3,ESSFmm3/110,D5
5976,BECv11,ESSFmm3,ESSFmm3/110,C6
5977,BECv11,ESSFmm3,ESSFmm3/110,C5
5978,BECv11,ESSFmm3,ESSFmm3/111,D6
5979,BECv11,ESSFmm3,ESSFmm3/111,D5
5980,BECv11,ESSFmm3,ESSFmm3/111,C6
5981,BECv11,ESSFmm3,ESSFmm3/111,C5
5982,BECv11,ESSFmm3,ESSFmm3/112,E7
5983,BECv11,ESSFmm3,ESSFmm3/112,E6
5984,BECv11,ESSFmm3,ESSFmm3/112,D7
5985,BECv11,ESSFmm3,ESSFmm3/112,D6
5986,BECv11,ESSFmm3,ESSFmm3/112,C7
5987,BECv11,ESSFmm3,ESSFmm3/112,C6
5988,BECv11,ESSFmm3,ESSFmm3/Ro,C0
5989,BECv11,ESSFmm3,ESSFmm3/Ro,B0
5990,BECv11,ESSFmm3,ESSFmm3/Ro,A0
5991,BECv10,ESSFmmp,ESSFmmp/00,E7
5992,BECv10,ESSFmmp,ESSFmmp/00,E6
5993,BECv10,ESSFmmp,ESSFmmp/00,E5
5994,BECv10,ESSFmmp,ESSFmmp/00,E4
5995,BECv10,ESSFmmp,ESSFmmp/00,E3
5996,BECv10,ESSFmmp,ESSFmmp/00,E2
5997,BECv10,ESSFmmp,ESSFmmp/00,E1
5998,BECv10,ESSFmmp,ESSFmmp/00,E0
5999,BECv10,ESSFmmp,ESSFmmp/00,D7
6000,BECv10,ESSFmmp,ESSFmmp/00,D6
6001,BECv10,ESSFmmp,ESSFmmp/00,D5
6002,BECv10,ESSFmmp,ESSFmmp/00,D4
6003,BECv10,ESSFmmp,ESSFmmp/00,D3
6004,BECv10,ESSFmmp,ESSFmmp/00,D2
6005,BECv10,ESSFmmp,ESSFmmp/00,D1
6006,BECv10,ESSFmmp,ESSFmmp/00,D0
6007,BECv10,ESSFmmp,ESSFmmp/00,C7
6008,BECv10,ESSFmmp,ESSFmmp/00,C6
6009,BECv10,ESSFmmp,ESSFmmp/00,C5
6010,BECv10,ESSFmmp,ESSFmmp/00,C4
6011,BECv10,ESSFmmp,ESSFmmp/00,C3
6012,BECv10,ESSFmmp,ESSFmmp/00,C2
6013,BECv10,ESSFmmp,ESSFmmp/00,C1
6014,BECv10,ESSFmmp,ESSFmmp/00,C0
6015,BECv10,ESSFmmp,ESSFmmp/00,B7
6016,BECv10,ESSFmmp,ESSFmmp/00,B6
6017,BECv10,ESSFmmp,ESSFmmp/00,B5
6018,BECv10,ESSFmmp,ESSFmmp/00,B4
6019,BECv10,ESSFmmp,ESSFmmp/00,B3
6020,BECv10,ESSFmmp,ESSFmmp/00,B2
6021,BECv10,ESSFmmp,ESSFmmp/00,B1
6022,BECv10,ESSFmmp,ESSFmmp/00,B0
6023,BECv10,ESSFmmp,ESSFmmp/00,A7
6024,BECv10,ESSFmmp,ESSFmmp/00,A6
6025,BECv10,ESSFmmp,ESSFmmp/00,A5
6026,BECv10,ESSFmmp,ESSFmmp/00,A4
6027,BECv10,ESSFmmp,ESSFmmp/00,A3
6028,BECv10,ESSFmmp,ESSFmmp/00,A2
6029,BECv10,ESSFmmp,ESSFmmp/00,A1
6030,BECv10,ESSFmmp,ESSFmmp/00,A0
6031,BECv10,ESSFmmw,ESSFmmw/01,D4
6032,BECv10,ESSFmmw,ESSFmmw/01,D3
6033,BECv10,ESSFmmw,ESSFmmw/01,C4
6034,BECv10,ESSFmmw,ESSFmmw/01,C3
6035,BECv10,ESSFmmw,ESSFmmw/01,B4
6036,BECv10,ESSFmmw,ESSFmmw/01,B3
6037,BECv10,ESSFmmw,ESSFmmw/02,B1
6038,BECv10,ESSFmmw,ESSFmmw/02,A1
6039,BECv10,ESSFmmw,ESSFmmw/03,B2
6040,BECv10,ESSFmmw,ESSFmmw/03,B1
6041,BECv10,ESSFmmw,ESSFmmw/03,A2
6042,BECv10,ESSFmmw,ESSFmmw/04,C2
6043,BECv10,ESSFmmw,ESSFmmw/04,B2
6044,BECv10,ESSFmmw,ESSFmmw/05,D5
6045,BECv10,ESSFmmw,ESSFmmw/05,C5
6046,BECv10,ESSFmmw,ESSFmmw/05,B5
6047,BECv10,ESSFmmw,ESSFmmw/06,D6
6048,BECv10,ESSFmmw,ESSFmmw/06,D5
6049,BECv10,ESSFmmw,ESSFmmw/06,C6
6050,BECv10,ESSFmmw,ESSFmmw/06,C5
6051,BECv10,ESSFmmw,ESSFmmw/06,B7
6052,BECv10,ESSFmmw,ESSFmmw/06,B6
6053,BECv10,ESSFmmw,ESSFmmw/06,B5
6054,BECv10,ESSFmmw,ESSFmmw/06,A7
6055,BECv10,ESSFmmw,ESSFmmw/07,B7
6056,BECv10,ESSFmmw,ESSFmmw/07,A7
6057,Add_2021,ESSFmmw,ESSFmmw/Ro,A0
6058,Add_2021,ESSFmmw,ESSFmmw/Ro,B0
6059,BECv10,ESSFmv1,ESSFmv1/01,D4
6060,BECv10,ESSFmv1,ESSFmv1/01,C4
6061,BECv10,ESSFmv1,ESSFmv1/01,B4
6062,BECv10,ESSFmv1,ESSFmv1/02,B2
6063,BECv10,ESSFmv1,ESSFmv1/02,B1
6064,BECv10,ESSFmv1,ESSFmv1/02,A2
6065,BECv10,ESSFmv1,ESSFmv1/02,A1
6066,BECv10,ESSFmv1,ESSFmv1/03,C4
6067,BECv10,ESSFmv1,ESSFmv1/03,C3
6068,BECv10,ESSFmv1,ESSFmv1/03,B4
6069,BECv10,ESSFmv1,ESSFmv1/03,B3
6070,BECv10,ESSFmv1,ESSFmv1/04,D6
6071,BECv10,ESSFmv1,ESSFmv1/04,D5
6072,BECv10,ESSFmv1,ESSFmv1/04,C6
6073,BECv10,ESSFmv1,ESSFmv1/04,C5
6074,BECv10,ESSFmv1,ESSFmv1/05,D7
6075,BECv10,ESSFmv1,ESSFmv1/05,D6
6076,BECv10,ESSFmv1,ESSFmv1/05,C7
6077,BECv10,ESSFmv1,ESSFmv1/05,C6
6078,Add_2021,ESSFmv1,ESSFmv1/Ro,A0
6079,Add_2021,ESSFmv1,ESSFmv1/Ro,B0
6080,BECv10,ESSFmv2,ESSFmv2/01,C4
6081,BECv10,ESSFmv2,ESSFmv2/01,C3
6082,BECv10,ESSFmv2,ESSFmv2/01,B4
6083,BECv10,ESSFmv2,ESSFmv2/01,B3
6084,BECv10,ESSFmv2,ESSFmv2/02,C3
6085,BECv10,ESSFmv2,ESSFmv2/02,C2
6086,BECv10,ESSFmv2,ESSFmv2/02,B3
6087,BECv10,ESSFmv2,ESSFmv2/02,B2
6088,BECv10,ESSFmv2,ESSFmv2/03,B5
6089,BECv10,ESSFmv2,ESSFmv2/03,B4
6090,BECv10,ESSFmv2,ESSFmv2/03,B3
6091,BECv10,ESSFmv2,ESSFmv2/03,A6
6092,BECv10,ESSFmv2,ESSFmv2/03,A5
6093,BECv10,ESSFmv2,ESSFmv2/03,A4
6094,BECv10,ESSFmv2,ESSFmv2/03,A3
6095,BECv10,ESSFmv2,ESSFmv2/04,D5
6096,BECv10,ESSFmv2,ESSFmv2/04,D4
6097,BECv10,ESSFmv2,ESSFmv2/04,C5
6098,BECv10,ESSFmv2,ESSFmv2/04,C4
6099,BECv10,ESSFmv2,ESSFmv2/05,E5
6100,BECv10,ESSFmv2,ESSFmv2/05,D5
6101,BECv10,ESSFmv2,ESSFmv2/06,D6
6102,BECv10,ESSFmv2,ESSFmv2/06,D5
6103,BECv10,ESSFmv2,ESSFmv2/06,C6
6104,BECv10,ESSFmv2,ESSFmv2/06,C5
6105,Add_2021,ESSFmv2,ESSFmv2/Ro,A0
6106,Add_2021,ESSFmv2,ESSFmv2/Ro,B0
6107,BECv10,ESSFmv3,ESSFmv3/01,D4
6108,BECv10,ESSFmv3,ESSFmv3/01,D3
6109,BECv10,ESSFmv3,ESSFmv3/01,C4
6110,BECv10,ESSFmv3,ESSFmv3/01,C3
6111,BECv10,ESSFmv3,ESSFmv3/01,B4
6112,BECv10,ESSFmv3,ESSFmv3/01,B3
6113,BECv10,ESSFmv3,ESSFmv3/02,B3
6114,BECv10,ESSFmv3,ESSFmv3/02,B2
6115,BECv10,ESSFmv3,ESSFmv3/02,A3
6116,BECv10,ESSFmv3,ESSFmv3/02,A2
6117,BECv10,ESSFmv3,ESSFmv3/03,B5
6118,BECv10,ESSFmv3,ESSFmv3/03,B4
6119,BECv10,ESSFmv3,ESSFmv3/03,B3
6120,BECv10,ESSFmv3,ESSFmv3/03,A5
6121,BECv10,ESSFmv3,ESSFmv3/03,A4
6122,BECv10,ESSFmv3,ESSFmv3/03,A3
6123,BECv10,ESSFmv3,ESSFmv3/04,D5
6124,BECv10,ESSFmv3,ESSFmv3/04,D4
6125,BECv10,ESSFmv3,ESSFmv3/04,C5
6126,BECv10,ESSFmv3,ESSFmv3/04,C4
6127,BECv10,ESSFmv3,ESSFmv3/05,D5
6128,BECv10,ESSFmv3,ESSFmv3/05,C5
6129,BECv10,ESSFmv3,ESSFmv3/06,D6
6130,BECv10,ESSFmv3,ESSFmv3/06,D5
6131,BECv10,ESSFmv3,ESSFmv3/06,C6
6132,BECv10,ESSFmv3,ESSFmv3/06,C5
6133,BECv10,ESSFmv3,ESSFmv3/07,D6
6134,BECv10,ESSFmv3,ESSFmv3/07,C6
6135,BECv10,ESSFmv3,ESSFmv3/08,C3
6136,BECv10,ESSFmv3,ESSFmv3/08,C2
6137,BECv10,ESSFmv3,ESSFmv3/08,B3
6138,BECv10,ESSFmv3,ESSFmv3/08,B2
6139,Add_2021,ESSFmv3,ESSFmv3/Ro,A0
6140,Add_2021,ESSFmv3,ESSFmv3/Ro,B0
6141,BECv10,ESSFmv4,ESSFmv4/01,D4
6142,BECv10,ESSFmv4,ESSFmv4/01,D3
6143,BECv10,ESSFmv4,ESSFmv4/01,C4
6144,BECv10,ESSFmv4,ESSFmv4/01,C3
6145,BECv10,ESSFmv4,ESSFmv4/01,B4
6146,BECv10,ESSFmv4,ESSFmv4/02,B3
6147,BECv10,ESSFmv4,ESSFmv4/02,B2
6148,BECv10,ESSFmv4,ESSFmv4/03,B6
6149,BECv10,ESSFmv4,ESSFmv4/03,B5
6150,BECv10,ESSFmv4,ESSFmv4/03,B4
6151,BECv10,ESSFmv4,ESSFmv4/03,B3
6152,BECv10,ESSFmv4,ESSFmv4/03,A6
6153,BECv10,ESSFmv4,ESSFmv4/03,A5
6154,BECv10,ESSFmv4,ESSFmv4/03,A4
6155,BECv10,ESSFmv4,ESSFmv4/03,A3
6156,BECv10,ESSFmv4,ESSFmv4/04,E5
6157,BECv10,ESSFmv4,ESSFmv4/04,D5
6158,BECv10,ESSFmv4,ESSFmv4/04,C5
6159,BECv10,ESSFmv4,ESSFmv4/05,D6
6160,BECv10,ESSFmv4,ESSFmv4/05,C6
6161,BECv10,ESSFmv4,ESSFmv4/05,B6
6162,Add_2021,ESSFmv4,ESSFmv4/Ro,A0
6163,Add_2021,ESSFmv4,ESSFmv4/Ro,B0
6164,BECv10,ESSFmvp,ESSFmvp/00,E7
6165,BECv10,ESSFmvp,ESSFmvp/00,E6
6166,BECv10,ESSFmvp,ESSFmvp/00,E5
6167,BECv10,ESSFmvp,ESSFmvp/00,E4
6168,BECv10,ESSFmvp,ESSFmvp/00,E3
6169,BECv10,ESSFmvp,ESSFmvp/00,E2
6170,BECv10,ESSFmvp,ESSFmvp/00,E1
6171,BECv10,ESSFmvp,ESSFmvp/00,E0
6172,BECv10,ESSFmvp,ESSFmvp/00,D7
6173,BECv10,ESSFmvp,ESSFmvp/00,D6
6174,BECv10,ESSFmvp,ESSFmvp/00,D5
6175,BECv10,ESSFmvp,ESSFmvp/00,D4
6176,BECv10,ESSFmvp,ESSFmvp/00,D3
6177,BECv10,ESSFmvp,ESSFmvp/00,D2
6178,BECv10,ESSFmvp,ESSFmvp/00,D1
6179,BECv10,ESSFmvp,ESSFmvp/00,D0
6180,BECv10,ESSFmvp,ESSFmvp/00,C7
6181,BECv10,ESSFmvp,ESSFmvp/00,C6
6182,BECv10,ESSFmvp,ESSFmvp/00,C5
6183,BECv10,ESSFmvp,ESSFmvp/00,C4
6184,BECv10,ESSFmvp,ESSFmvp/00,C3
6185,BECv10,ESSFmvp,ESSFmvp/00,C2
6186,BECv10,ESSFmvp,ESSFmvp/00,C1
6187,BECv10,ESSFmvp,ESSFmvp/00,C0
6188,BECv10,ESSFmvp,ESSFmvp/00,B7
6189,BECv10,ESSFmvp,ESSFmvp/00,B6
6190,BECv10,ESSFmvp,ESSFmvp/00,B5
6191,BECv10,ESSFmvp,ESSFmvp/00,B4
6192,BECv10,ESSFmvp,ESSFmvp/00,B3
6193,BECv10,ESSFmvp,ESSFmvp/00,B2
6194,BECv10,ESSFmvp,ESSFmvp/00,B1
6195,BECv10,ESSFmvp,ESSFmvp/00,B0
6196,BECv10,ESSFmvp,ESSFmvp/00,A7
6197,BECv10,ESSFmvp,ESSFmvp/00,A6
6198,BECv10,ESSFmvp,ESSFmvp/00,A5
6199,BECv10,ESSFmvp,ESSFmvp/00,A4
6200,BECv10,ESSFmvp,ESSFmvp/00,A3
6201,BECv10,ESSFmvp,ESSFmvp/00,A2
6202,BECv10,ESSFmvp,ESSFmvp/00,A1
6203,BECv10,ESSFmvp,ESSFmvp/00,A0
6204,USA_2019,ESSFmw_WA,ESSFmw_WA/101,D4
6205,USA_2019,ESSFmw_WA,ESSFmw_WA/101,D3
6206,USA_2019,ESSFmw_WA,ESSFmw_WA/101,C4
6207,USA_2019,ESSFmw_WA,ESSFmw_WA/101,C3
6208,USA_2019,ESSFmw_WA,ESSFmw_WA/101,B4
6209,USA_2019,ESSFmw_WA,ESSFmw_WA/101,B3
6210,USA_2019,ESSFmw_WA,ESSFmw_WA/102,D1
6211,USA_2019,ESSFmw_WA,ESSFmw_WA/102,C1
6212,USA_2019,ESSFmw_WA,ESSFmw_WA/102,B1
6213,USA_2019,ESSFmw_WA,ESSFmw_WA/102,A1
6214,USA_2019,ESSFmw_WA,ESSFmw_WA/103,D2
6215,USA_2019,ESSFmw_WA,ESSFmw_WA/103,C2
6216,USA_2019,ESSFmw_WA,ESSFmw_WA/103,B2
6217,USA_2019,ESSFmw_WA,ESSFmw_WA/103,A2
6218,USA_2019,ESSFmw_WA,ESSFmw_WA/110,E5
6219,USA_2019,ESSFmw_WA,ESSFmw_WA/110,D5
6220,USA_2019,ESSFmw_WA,ESSFmw_WA/110,C5
6221,USA_2019,ESSFmw_WA,ESSFmw_WA/110,B5
6222,USA_2019,ESSFmw_WA,ESSFmw_WA/111,E6
6223,USA_2019,ESSFmw_WA,ESSFmw_WA/111,D6
6224,USA_2019,ESSFmw_WA,ESSFmw_WA/111,C6
6225,USA_2019,ESSFmw_WA,ESSFmw_WA/111,B6
6226,Add_2021,ESSFmw_WA,ESSFmw_WA/Ro,A0
6227,Add_2021,ESSFmw_WA,ESSFmw_WA/Ro,B0
6228,BECv12,ESSFmw1,ESSFmw1/101,D4
6229,BECv12,ESSFmw1,ESSFmw1/101,D3
6230,BECv12,ESSFmw1,ESSFmw1/101,C4
6231,BECv12,ESSFmw1,ESSFmw1/101,C3
6232,BECv12,ESSFmw1,ESSFmw1/101,B4
6233,BECv12,ESSFmw1,ESSFmw1/101,B3
6234,BECv12,ESSFmw1,ESSFmw1/101,C5
6235,BECv12,ESSFmw1,ESSFmw1/102,B1
6236,BECv12,ESSFmw1,ESSFmw1/102,B0
6237,BECv12,ESSFmw1,ESSFmw1/102,A1
6238,BECv12,ESSFmw1,ESSFmw1/102,A0
6239,BECv12,ESSFmw1,ESSFmw1/102.1,B1
6240,BECv12,ESSFmw1,ESSFmw1/102.1,B0
6241,BECv12,ESSFmw1,ESSFmw1/102.1,A1
6242,BECv12,ESSFmw1,ESSFmw1/102.1,A0
6243,BECv12,ESSFmw1,ESSFmw1/102.2,B1
6244,BECv12,ESSFmw1,ESSFmw1/102.2,B0
6245,BECv12,ESSFmw1,ESSFmw1/102.2,A1
6246,BECv12,ESSFmw1,ESSFmw1/102.2,A0
6247,BECv12,ESSFmw1,ESSFmw1/103,C2
6248,BECv12,ESSFmw1,ESSFmw1/103,C1
6249,BECv12,ESSFmw1,ESSFmw1/103,B2
6250,BECv12,ESSFmw1,ESSFmw1/104,D3
6251,BECv12,ESSFmw1,ESSFmw1/104,D2
6252,BECv12,ESSFmw1,ESSFmw1/104,C2
6253,BECv12,ESSFmw1,ESSFmw1/105,C3
6254,BECv12,ESSFmw1,ESSFmw1/105,B3
6255,BECv12,ESSFmw1,ESSFmw1/110,E6
6256,BECv12,ESSFmw1,ESSFmw1/110,D6
6257,BECv12,ESSFmw1,ESSFmw1/110,D5
6258,BECv12,ESSFmw1,ESSFmw1/111,E7
6259,BECv12,ESSFmw1,ESSFmw1/111,E6
6260,BECv12,ESSFmw1,ESSFmw1/111,D7
6261,BECv12,ESSFmw1,ESSFmw1/111,D6
6262,BECv10,ESSFmw2,ESSFmw2/01,D4
6263,BECv10,ESSFmw2,ESSFmw2/01,D3
6264,BECv10,ESSFmw2,ESSFmw2/01,C4
6265,BECv10,ESSFmw2,ESSFmw2/01,C3
6266,BECv10,ESSFmw2,ESSFmw2/01,B4
6267,BECv10,ESSFmw2,ESSFmw2/01,B3
6268,BECv10,ESSFmw2,ESSFmw2/01,A4
6269,BECv10,ESSFmw2,ESSFmw2/01,A3
6270,BECv10,ESSFmw2,ESSFmw2/02,D1
6271,BECv10,ESSFmw2,ESSFmw2/02,D0
6272,BECv10,ESSFmw2,ESSFmw2/02,C1
6273,BECv10,ESSFmw2,ESSFmw2/02,C0
6274,BECv10,ESSFmw2,ESSFmw2/02,B1
6275,BECv10,ESSFmw2,ESSFmw2/02,B0
6276,BECv10,ESSFmw2,ESSFmw2/02,A1
6277,BECv10,ESSFmw2,ESSFmw2/02,A0
6278,BECv10,ESSFmw2,ESSFmw2/03,D3
6279,BECv10,ESSFmw2,ESSFmw2/03,D2
6280,BECv10,ESSFmw2,ESSFmw2/03,D1
6281,BECv10,ESSFmw2,ESSFmw2/03,C3
6282,BECv10,ESSFmw2,ESSFmw2/03,C2
6283,BECv10,ESSFmw2,ESSFmw2/03,C1
6284,BECv10,ESSFmw2,ESSFmw2/03,B3
6285,BECv10,ESSFmw2,ESSFmw2/03,B2
6286,BECv10,ESSFmw2,ESSFmw2/03,B1
6287,BECv10,ESSFmw2,ESSFmw2/03,A3
6288,BECv10,ESSFmw2,ESSFmw2/03,A2
6289,BECv10,ESSFmw2,ESSFmw2/03,A1
6290,BECv10,ESSFmw2,ESSFmw2/04,C4
6291,BECv10,ESSFmw2,ESSFmw2/04,C3
6292,BECv10,ESSFmw2,ESSFmw2/04,C2
6293,BECv10,ESSFmw2,ESSFmw2/04,B4
6294,BECv10,ESSFmw2,ESSFmw2/04,B3
6295,BECv10,ESSFmw2,ESSFmw2/04,B2
6296,BECv10,ESSFmw2,ESSFmw2/04,A4
6297,BECv10,ESSFmw2,ESSFmw2/04,A3
6298,BECv10,ESSFmw2,ESSFmw2/04,A2
6299,BECv10,ESSFmw2,ESSFmw2/05,C5
6300,BECv10,ESSFmw2,ESSFmw2/05,C4
6301,BECv10,ESSFmw2,ESSFmw2/05,B5
6302,BECv10,ESSFmw2,ESSFmw2/05,B4
6303,BECv10,ESSFmw2,ESSFmw2/05,A5
6304,BECv10,ESSFmw2,ESSFmw2/05,A4
6305,BECv10,ESSFmw2,ESSFmw2/06,E6
6306,BECv10,ESSFmw2,ESSFmw2/06,E5
6307,BECv10,ESSFmw2,ESSFmw2/06,E4
6308,BECv10,ESSFmw2,ESSFmw2/06,D6
6309,BECv10,ESSFmw2,ESSFmw2/06,D5
6310,BECv10,ESSFmw2,ESSFmw2/06,D4
6311,BECv10,ESSFmw2,ESSFmw2/06,C6
6312,BECv10,ESSFmw2,ESSFmw2/06,C5
6313,BECv10,ESSFmw2,ESSFmw2/06,C4
6314,BECv10,ESSFmw2,ESSFmw2/07,E7
6315,BECv10,ESSFmw2,ESSFmw2/07,E6
6316,BECv10,ESSFmw2,ESSFmw2/07,E5
6317,BECv10,ESSFmw2,ESSFmw2/07,D7
6318,BECv10,ESSFmw2,ESSFmw2/07,D6
6319,BECv10,ESSFmw2,ESSFmw2/07,D5
6320,BECv10,ESSFmw2,ESSFmw2/08,E7
6321,BECv10,ESSFmw2,ESSFmw2/08,E6
6322,BECv10,ESSFmw2,ESSFmw2/08,D7
6323,BECv10,ESSFmw2,ESSFmw2/08,D6
6324,BECv10,ESSFmw2,ESSFmw2/08,C7
6325,BECv10,ESSFmw2,ESSFmw2/08,C6
6326,BECv10,ESSFmwp,ESSFmwp/00,E7
6327,BECv10,ESSFmwp,ESSFmwp/00,E6
6328,BECv10,ESSFmwp,ESSFmwp/00,E5
6329,BECv10,ESSFmwp,ESSFmwp/00,E4
6330,BECv10,ESSFmwp,ESSFmwp/00,E3
6331,BECv10,ESSFmwp,ESSFmwp/00,E2
6332,BECv10,ESSFmwp,ESSFmwp/00,E1
6333,BECv10,ESSFmwp,ESSFmwp/00,E0
6334,BECv10,ESSFmwp,ESSFmwp/00,D7
6335,BECv10,ESSFmwp,ESSFmwp/00,D6
6336,BECv10,ESSFmwp,ESSFmwp/00,D5
6337,BECv10,ESSFmwp,ESSFmwp/00,D4
6338,BECv10,ESSFmwp,ESSFmwp/00,D3
6339,BECv10,ESSFmwp,ESSFmwp/00,D2
6340,BECv10,ESSFmwp,ESSFmwp/00,D1
6341,BECv10,ESSFmwp,ESSFmwp/00,D0
6342,BECv10,ESSFmwp,ESSFmwp/00,C7
6343,BECv10,ESSFmwp,ESSFmwp/00,C6
6344,BECv10,ESSFmwp,ESSFmwp/00,C5
6345,BECv10,ESSFmwp,ESSFmwp/00,C4
6346,BECv10,ESSFmwp,ESSFmwp/00,C3
6347,BECv10,ESSFmwp,ESSFmwp/00,C2
6348,BECv10,ESSFmwp,ESSFmwp/00,C1
6349,BECv10,ESSFmwp,ESSFmwp/00,C0
6350,BECv10,ESSFmwp,ESSFmwp/00,B7
6351,BECv10,ESSFmwp,ESSFmwp/00,B6
6352,BECv10,ESSFmwp,ESSFmwp/00,B5
6353,BECv10,ESSFmwp,ESSFmwp/00,B4
6354,BECv10,ESSFmwp,ESSFmwp/00,B3
6355,BECv10,ESSFmwp,ESSFmwp/00,B2
6356,BECv10,ESSFmwp,ESSFmwp/00,B1
6357,BECv10,ESSFmwp,ESSFmwp/00,B0
6358,BECv10,ESSFmwp,ESSFmwp/00,A7
6359,BECv10,ESSFmwp,ESSFmwp/00,A6
6360,BECv10,ESSFmwp,ESSFmwp/00,A5
6361,BECv10,ESSFmwp,ESSFmwp/00,A4
6362,BECv10,ESSFmwp,ESSFmwp/00,A3
6363,BECv10,ESSFmwp,ESSFmwp/00,A2
6364,BECv10,ESSFmwp,ESSFmwp/00,A1
6365,BECv10,ESSFmwp,ESSFmwp/00,A0
6366,USA_2019,ESSFmwp_WA,ESSFmwp_WA/00,E7
6367,USA_2019,ESSFmwp_WA,ESSFmwp_WA/00,E6
6368,USA_2019,ESSFmwp_WA,ESSFmwp_WA/00,E5
6369,USA_2019,ESSFmwp_WA,ESSFmwp_WA/00,E4
6370,USA_2019,ESSFmwp_WA,ESSFmwp_WA/00,E3
6371,USA_2019,ESSFmwp_WA,ESSFmwp_WA/00,E2
6372,USA_2019,ESSFmwp_WA,ESSFmwp_WA/00,E1
6373,USA_2019,ESSFmwp_WA,ESSFmwp_WA/00,E0
6374,USA_2019,ESSFmwp_WA,ESSFmwp_WA/00,D7
6375,USA_2019,ESSFmwp_WA,ESSFmwp_WA/00,D6
6376,USA_2019,ESSFmwp_WA,ESSFmwp_WA/00,D5
6377,USA_2019,ESSFmwp_WA,ESSFmwp_WA/00,D4
6378,USA_2019,ESSFmwp_WA,ESSFmwp_WA/00,D3
6379,USA_2019,ESSFmwp_WA,ESSFmwp_WA/00,D2
6380,USA_2019,ESSFmwp_WA,ESSFmwp_WA/00,D1
6381,USA_2019,ESSFmwp_WA,ESSFmwp_WA/00,D0
6382,USA_2019,ESSFmwp_WA,ESSFmwp_WA/00,C7
6383,USA_2019,ESSFmwp_WA,ESSFmwp_WA/00,C6
6384,USA_2019,ESSFmwp_WA,ESSFmwp_WA/00,C5
6385,USA_2019,ESSFmwp_WA,ESSFmwp_WA/00,C4
6386,USA_2019,ESSFmwp_WA,ESSFmwp_WA/00,C3
6387,USA_2019,ESSFmwp_WA,ESSFmwp_WA/00,C2
6388,USA_2019,ESSFmwp_WA,ESSFmwp_WA/00,C1
6389,USA_2019,ESSFmwp_WA,ESSFmwp_WA/00,C0
6390,USA_2019,ESSFmwp_WA,ESSFmwp_WA/00,B7
6391,USA_2019,ESSFmwp_WA,ESSFmwp_WA/00,B6
6392,USA_2019,ESSFmwp_WA,ESSFmwp_WA/00,B5
6393,USA_2019,ESSFmwp_WA,ESSFmwp_WA/00,B4
6394,USA_2019,ESSFmwp_WA,ESSFmwp_WA/00,B3
6395,USA_2019,ESSFmwp_WA,ESSFmwp_WA/00,B2
6396,USA_2019,ESSFmwp_WA,ESSFmwp_WA/00,B1
6397,USA_2019,ESSFmwp_WA,ESSFmwp_WA/00,B0
6398,USA_2019,ESSFmwp_WA,ESSFmwp_WA/00,A7
6399,USA_2019,ESSFmwp_WA,ESSFmwp_WA/00,A6
6400,USA_2019,ESSFmwp_WA,ESSFmwp_WA/00,A5
6401,USA_2019,ESSFmwp_WA,ESSFmwp_WA/00,A4
6402,USA_2019,ESSFmwp_WA,ESSFmwp_WA/00,A3
6403,USA_2019,ESSFmwp_WA,ESSFmwp_WA/00,A2
6404,USA_2019,ESSFmwp_WA,ESSFmwp_WA/00,A1
6405,USA_2019,ESSFmwp_WA,ESSFmwp_WA/00,A0
6406,BECv13,ESSFmww,ESSFmww/101,D4
6407,BECv13,ESSFmww,ESSFmww/101,D3
6408,BECv13,ESSFmww,ESSFmww/101,C4
6409,BECv13,ESSFmww,ESSFmww/101,C3
6410,BECv13,ESSFmww,ESSFmww/101,B4
6411,BECv13,ESSFmww,ESSFmww/101,B3
6412,BECv13,ESSFmww,ESSFmww/101,A4
6413,BECv13,ESSFmww,ESSFmww/102,D1
6414,BECv13,ESSFmww,ESSFmww/102,D0
6415,BECv13,ESSFmww,ESSFmww/102,C1
6416,BECv13,ESSFmww,ESSFmww/102,C0
6417,BECv13,ESSFmww,ESSFmww/102,B1
6418,BECv13,ESSFmww,ESSFmww/102,B0
6419,BECv13,ESSFmww,ESSFmww/102,A1
6420,BECv13,ESSFmww,ESSFmww/102,A0
6421,BECv13,ESSFmww,ESSFmww/103,D2
6422,BECv13,ESSFmww,ESSFmww/103,C3
6423,BECv13,ESSFmww,ESSFmww/103,C2
6424,BECv13,ESSFmww,ESSFmww/103,B3
6425,BECv13,ESSFmww,ESSFmww/103,B2
6426,BECv13,ESSFmww,ESSFmww/103,A3
6427,BECv13,ESSFmww,ESSFmww/103,A2
6428,BECv13,ESSFmww,ESSFmww/110,E6
6429,BECv13,ESSFmww,ESSFmww/110,E5
6430,BECv13,ESSFmww,ESSFmww/110,D6
6431,BECv13,ESSFmww,ESSFmww/110,D5
6432,BECv13,ESSFmww,ESSFmww/110,C6
6433,BECv13,ESSFmww,ESSFmww/110,C5
6434,BECv10,ESSFunp,ESSFunp/00,E7
6435,BECv10,ESSFunp,ESSFunp/00,E6
6436,BECv10,ESSFunp,ESSFunp/00,E5
6437,BECv10,ESSFunp,ESSFunp/00,E4
6438,BECv10,ESSFunp,ESSFunp/00,E3
6439,BECv10,ESSFunp,ESSFunp/00,E2
6440,BECv10,ESSFunp,ESSFunp/00,E1
6441,BECv10,ESSFunp,ESSFunp/00,E0
6442,BECv10,ESSFunp,ESSFunp/00,D7
6443,BECv10,ESSFunp,ESSFunp/00,D6
6444,BECv10,ESSFunp,ESSFunp/00,D5
6445,BECv10,ESSFunp,ESSFunp/00,D4
6446,BECv10,ESSFunp,ESSFunp/00,D3
6447,BECv10,ESSFunp,ESSFunp/00,D2
6448,BECv10,ESSFunp,ESSFunp/00,D1
6449,BECv10,ESSFunp,ESSFunp/00,D0
6450,BECv10,ESSFunp,ESSFunp/00,C7
6451,BECv10,ESSFunp,ESSFunp/00,C6
6452,BECv10,ESSFunp,ESSFunp/00,C5
6453,BECv10,ESSFunp,ESSFunp/00,C4
6454,BECv10,ESSFunp,ESSFunp/00,C3
6455,BECv10,ESSFunp,ESSFunp/00,C2
6456,BECv10,ESSFunp,ESSFunp/00,C1
6457,BECv10,ESSFunp,ESSFunp/00,C0
6458,BECv10,ESSFunp,ESSFunp/00,B7
6459,BECv10,ESSFunp,ESSFunp/00,B6
6460,BECv10,ESSFunp,ESSFunp/00,B5
6461,BECv10,ESSFunp,ESSFunp/00,B4
6462,BECv10,ESSFunp,ESSFunp/00,B3
6463,BECv10,ESSFunp,ESSFunp/00,B2
6464,BECv10,ESSFunp,ESSFunp/00,B1
6465,BECv10,ESSFunp,ESSFunp/00,B0
6466,BECv10,ESSFunp,ESSFunp/00,A7
6467,BECv10,ESSFunp,ESSFunp/00,A6
6468,BECv10,ESSFunp,ESSFunp/00,A5
6469,BECv10,ESSFunp,ESSFunp/00,A4
6470,BECv10,ESSFunp,ESSFunp/00,A3
6471,BECv10,ESSFunp,ESSFunp/00,A2
6472,BECv10,ESSFunp,ESSFunp/00,A1
6473,BECv10,ESSFunp,ESSFunp/00,A0
6474,BECv10,ESSFvc,ESSFvc/01,D4
6475,BECv10,ESSFvc,ESSFvc/01,D3
6476,BECv10,ESSFvc,ESSFvc/01,D2
6477,BECv10,ESSFvc,ESSFvc/01,C4
6478,BECv10,ESSFvc,ESSFvc/01,C3
6479,BECv10,ESSFvc,ESSFvc/01,C2
6480,BECv10,ESSFvc,ESSFvc/01,B4
6481,BECv10,ESSFvc,ESSFvc/01,B3
6482,BECv10,ESSFvc,ESSFvc/01,B2
6483,BECv10,ESSFvc,ESSFvc/01,A4
6484,BECv10,ESSFvc,ESSFvc/01,A3
6485,BECv10,ESSFvc,ESSFvc/01,A2
6486,BECv10,ESSFvc,ESSFvc/02,B2
6487,BECv10,ESSFvc,ESSFvc/02,B1
6488,BECv10,ESSFvc,ESSFvc/02,B0
6489,BECv10,ESSFvc,ESSFvc/02,A2
6490,BECv10,ESSFvc,ESSFvc/02,A1
6491,BECv10,ESSFvc,ESSFvc/02,A0
6492,BECv10,ESSFvc,ESSFvc/03,D3
6493,BECv10,ESSFvc,ESSFvc/03,D2
6494,BECv10,ESSFvc,ESSFvc/03,D1
6495,BECv10,ESSFvc,ESSFvc/03,C3
6496,BECv10,ESSFvc,ESSFvc/03,C2
6497,BECv10,ESSFvc,ESSFvc/03,C1
6498,BECv10,ESSFvc,ESSFvc/03,C0
6499,BECv10,ESSFvc,ESSFvc/03,B3
6500,BECv10,ESSFvc,ESSFvc/03,B2
6501,BECv10,ESSFvc,ESSFvc/03,B1
6502,BECv10,ESSFvc,ESSFvc/03,B0
6503,BECv10,ESSFvc,ESSFvc/03,A3
6504,BECv10,ESSFvc,ESSFvc/03,A2
6505,BECv10,ESSFvc,ESSFvc/04,E6
6506,BECv10,ESSFvc,ESSFvc/04,E5
6507,BECv10,ESSFvc,ESSFvc/04,E4
6508,BECv10,ESSFvc,ESSFvc/04,D6
6509,BECv10,ESSFvc,ESSFvc/04,D5
6510,BECv10,ESSFvc,ESSFvc/04,D4
6511,BECv10,ESSFvc,ESSFvc/04,C6
6512,BECv10,ESSFvc,ESSFvc/04,C5
6513,BECv10,ESSFvc,ESSFvc/04,C4
6514,BECv10,ESSFvc,ESSFvc/04,B6
6515,BECv10,ESSFvc,ESSFvc/04,B5
6516,BECv10,ESSFvc,ESSFvc/04,B4
6517,BECv10,ESSFvc,ESSFvc/05,E6
6518,BECv10,ESSFvc,ESSFvc/05,E5
6519,BECv10,ESSFvc,ESSFvc/05,D6
6520,BECv10,ESSFvc,ESSFvc/05,D5
6521,BECv10,ESSFvc,ESSFvc/05,C7
6522,BECv10,ESSFvc,ESSFvc/05,C6
6523,BECv10,ESSFvc,ESSFvc/05,C5
6524,BECv10,ESSFvc,ESSFvc/05,B7
6525,BECv10,ESSFvc,ESSFvc/05,B6
6526,BECv10,ESSFvc,ESSFvc/05,B5
6527,BECv10,ESSFvc,ESSFvc/06,E7
6528,BECv10,ESSFvc,ESSFvc/06,E6
6529,BECv10,ESSFvc,ESSFvc/06,D7
6530,BECv10,ESSFvc,ESSFvc/06,D6
6531,BECv10,ESSFvc,ESSFvc/06,C7
6532,BECv10,ESSFvc,ESSFvc/06,C6
6533,BECv10,ESSFvc,ESSFvc/06,B7
6534,BECv10,ESSFvc,ESSFvc/06,B6
6535,BECv10,ESSFvc,ESSFvc/06,A7
6536,BECv10,ESSFvcp,ESSFvcp/00,E7
6537,BECv10,ESSFvcp,ESSFvcp/00,E6
6538,BECv10,ESSFvcp,ESSFvcp/00,E5
6539,BECv10,ESSFvcp,ESSFvcp/00,E4
6540,BECv10,ESSFvcp,ESSFvcp/00,E3
6541,BECv10,ESSFvcp,ESSFvcp/00,E2
6542,BECv10,ESSFvcp,ESSFvcp/00,E1
6543,BECv10,ESSFvcp,ESSFvcp/00,E0
6544,BECv10,ESSFvcp,ESSFvcp/00,D7
6545,BECv10,ESSFvcp,ESSFvcp/00,D6
6546,BECv10,ESSFvcp,ESSFvcp/00,D5
6547,BECv10,ESSFvcp,ESSFvcp/00,D4
6548,BECv10,ESSFvcp,ESSFvcp/00,D3
6549,BECv10,ESSFvcp,ESSFvcp/00,D2
6550,BECv10,ESSFvcp,ESSFvcp/00,D1
6551,BECv10,ESSFvcp,ESSFvcp/00,D0
6552,BECv10,ESSFvcp,ESSFvcp/00,C7
6553,BECv10,ESSFvcp,ESSFvcp/00,C6
6554,BECv10,ESSFvcp,ESSFvcp/00,C5
6555,BECv10,ESSFvcp,ESSFvcp/00,C4
6556,BECv10,ESSFvcp,ESSFvcp/00,C3
6557,BECv10,ESSFvcp,ESSFvcp/00,C2
6558,BECv10,ESSFvcp,ESSFvcp/00,C1
6559,BECv10,ESSFvcp,ESSFvcp/00,C0
6560,BECv10,ESSFvcp,ESSFvcp/00,B7
6561,BECv10,ESSFvcp,ESSFvcp/00,B6
6562,BECv10,ESSFvcp,ESSFvcp/00,B5
6563,BECv10,ESSFvcp,ESSFvcp/00,B4
6564,BECv10,ESSFvcp,ESSFvcp/00,B3
6565,BECv10,ESSFvcp,ESSFvcp/00,B2
6566,BECv10,ESSFvcp,ESSFvcp/00,B1
6567,BECv10,ESSFvcp,ESSFvcp/00,B0
6568,BECv10,ESSFvcp,ESSFvcp/00,A7
6569,BECv10,ESSFvcp,ESSFvcp/00,A6
6570,BECv10,ESSFvcp,ESSFvcp/00,A5
6571,BECv10,ESSFvcp,ESSFvcp/00,A4
6572,BECv10,ESSFvcp,ESSFvcp/00,A3
6573,BECv10,ESSFvcp,ESSFvcp/00,A2
6574,BECv10,ESSFvcp,ESSFvcp/00,A1
6575,BECv10,ESSFvcp,ESSFvcp/00,A0
6576,BECv10,ESSFvcw,ESSFvcw/01,D4
6577,BECv10,ESSFvcw,ESSFvcw/01,D3
6578,BECv10,ESSFvcw,ESSFvcw/01,D2
6579,BECv10,ESSFvcw,ESSFvcw/01,C4
6580,BECv10,ESSFvcw,ESSFvcw/01,C3
6581,BECv10,ESSFvcw,ESSFvcw/01,C2
6582,BECv10,ESSFvcw,ESSFvcw/01,B4
6583,BECv10,ESSFvcw,ESSFvcw/01,B3
6584,BECv10,ESSFvcw,ESSFvcw/01,B2
6585,BECv10,ESSFvcw,ESSFvcw/01,A4
6586,BECv10,ESSFvcw,ESSFvcw/01,A3
6587,BECv10,ESSFvcw,ESSFvcw/01,A2
6588,BECv10,ESSFvcw,ESSFvcw/02,B2
6589,BECv10,ESSFvcw,ESSFvcw/02,B1
6590,BECv10,ESSFvcw,ESSFvcw/02,B0
6591,BECv10,ESSFvcw,ESSFvcw/02,A2
6592,BECv10,ESSFvcw,ESSFvcw/02,A1
6593,BECv10,ESSFvcw,ESSFvcw/02,A0
6594,BECv10,ESSFvcw,ESSFvcw/03,D3
6595,BECv10,ESSFvcw,ESSFvcw/03,D2
6596,BECv10,ESSFvcw,ESSFvcw/03,D1
6597,BECv10,ESSFvcw,ESSFvcw/03,C3
6598,BECv10,ESSFvcw,ESSFvcw/03,C2
6599,BECv10,ESSFvcw,ESSFvcw/03,C1
6600,BECv10,ESSFvcw,ESSFvcw/03,C0
6601,BECv10,ESSFvcw,ESSFvcw/03,B3
6602,BECv10,ESSFvcw,ESSFvcw/03,B2
6603,BECv10,ESSFvcw,ESSFvcw/03,B1
6604,BECv10,ESSFvcw,ESSFvcw/03,B0
6605,BECv10,ESSFvcw,ESSFvcw/03,A3
6606,BECv10,ESSFvcw,ESSFvcw/03,A2
6607,BECv10,ESSFvcw,ESSFvcw/04,E6
6608,BECv10,ESSFvcw,ESSFvcw/04,E5
6609,BECv10,ESSFvcw,ESSFvcw/04,E4
6610,BECv10,ESSFvcw,ESSFvcw/04,D6
6611,BECv10,ESSFvcw,ESSFvcw/04,D5
6612,BECv10,ESSFvcw,ESSFvcw/04,D4
6613,BECv10,ESSFvcw,ESSFvcw/04,C6
6614,BECv10,ESSFvcw,ESSFvcw/04,C5
6615,BECv10,ESSFvcw,ESSFvcw/04,C4
6616,BECv10,ESSFvcw,ESSFvcw/04,B6
6617,BECv10,ESSFvcw,ESSFvcw/04,B5
6618,BECv10,ESSFvcw,ESSFvcw/04,B4
6619,BECv10,ESSFvcw,ESSFvcw/05,E6
6620,BECv10,ESSFvcw,ESSFvcw/05,E5
6621,BECv10,ESSFvcw,ESSFvcw/05,D6
6622,BECv10,ESSFvcw,ESSFvcw/05,D5
6623,BECv10,ESSFvcw,ESSFvcw/05,C7
6624,BECv10,ESSFvcw,ESSFvcw/05,C6
6625,BECv10,ESSFvcw,ESSFvcw/05,C5
6626,BECv10,ESSFvcw,ESSFvcw/05,B7
6627,BECv10,ESSFvcw,ESSFvcw/05,B6
6628,BECv10,ESSFvcw,ESSFvcw/05,B5
6629,BECv10,ESSFvcw,ESSFvcw/06,E7
6630,BECv10,ESSFvcw,ESSFvcw/06,E6
6631,BECv10,ESSFvcw,ESSFvcw/06,D7
6632,BECv10,ESSFvcw,ESSFvcw/06,D6
6633,BECv10,ESSFvcw,ESSFvcw/06,C7
6634,BECv10,ESSFvcw,ESSFvcw/06,C6
6635,BECv10,ESSFvcw,ESSFvcw/06,B7
6636,BECv10,ESSFvcw,ESSFvcw/06,B6
6637,BECv10,ESSFvcw,ESSFvcw/06,A7
6638,USA_2019,ESSFdw_ID,ESSFdw_ID/101,D4
6639,USA_2019,ESSFdw_ID,ESSFdw_ID/101,D3
6640,USA_2019,ESSFdw_ID,ESSFdw_ID/101,C4
6641,USA_2019,ESSFdw_ID,ESSFdw_ID/101,C3
6642,USA_2019,ESSFdw_ID,ESSFdw_ID/101,B4
6643,USA_2019,ESSFdw_ID,ESSFdw_ID/101,B3
6644,USA_2019,ESSFdw_ID,ESSFdw_ID/102,D1
6645,USA_2019,ESSFdw_ID,ESSFdw_ID/102,C1
6646,USA_2019,ESSFdw_ID,ESSFdw_ID/102,B1
6647,USA_2019,ESSFdw_ID,ESSFdw_ID/102,A1
6648,USA_2019,ESSFdw_ID,ESSFdw_ID/103,D2
6649,USA_2019,ESSFdw_ID,ESSFdw_ID/103,C2
6650,USA_2019,ESSFdw_ID,ESSFdw_ID/103,B2
6651,USA_2019,ESSFdw_ID,ESSFdw_ID/103,A2
6652,USA_2019,ESSFdw_ID,ESSFdw_ID/110,E5
6653,USA_2019,ESSFdw_ID,ESSFdw_ID/110,D5
6654,USA_2019,ESSFdw_ID,ESSFdw_ID/110,C5
6655,USA_2019,ESSFdw_ID,ESSFdw_ID/110,B5
6656,USA_2019,ESSFdw_ID,ESSFdw_ID/111,E6
6657,USA_2019,ESSFdw_ID,ESSFdw_ID/111,D6
6658,USA_2019,ESSFdw_ID,ESSFdw_ID/111,C6
6659,USA_2019,ESSFdw_ID,ESSFdw_ID/111,B6
6660,Add_2021,ESSFdw_ID,ESSFdw_ID/Ro,A0
6661,Add_2021,ESSFdw_ID,ESSFdw_ID/Ro,B0
6662,BECv10,ESSFwc2,ESSFwc2/01,C4
6663,BECv10,ESSFwc2,ESSFwc2/01,C3
6664,BECv10,ESSFwc2,ESSFwc2/01,B4
6665,BECv10,ESSFwc2,ESSFwc2/01,B3
6666,BECv10,ESSFwc2,ESSFwc2/02,B2
6667,BECv10,ESSFwc2,ESSFwc2/02,B1
6668,BECv10,ESSFwc2,ESSFwc2/02,A2
6669,BECv10,ESSFwc2,ESSFwc2/02,A1
6670,BECv10,ESSFwc2,ESSFwc2/03,D2
6671,BECv10,ESSFwc2,ESSFwc2/03,C3
6672,BECv10,ESSFwc2,ESSFwc2/03,C2
6673,BECv10,ESSFwc2,ESSFwc2/03,B3
6674,BECv10,ESSFwc2,ESSFwc2/03,B2
6675,BECv10,ESSFwc2,ESSFwc2/04,C3
6676,BECv10,ESSFwc2,ESSFwc2/04,C2
6677,BECv10,ESSFwc2,ESSFwc2/04,B3
6678,BECv10,ESSFwc2,ESSFwc2/04,B2
6679,BECv10,ESSFwc2,ESSFwc2/05,C3
6680,BECv10,ESSFwc2,ESSFwc2/05,C2
6681,BECv10,ESSFwc2,ESSFwc2/05,B3
6682,BECv10,ESSFwc2,ESSFwc2/05,B2
6683,BECv10,ESSFwc2,ESSFwc2/06,C5
6684,BECv10,ESSFwc2,ESSFwc2/06,C4
6685,BECv10,ESSFwc2,ESSFwc2/06,B5
6686,BECv10,ESSFwc2,ESSFwc2/06,B4
6687,BECv10,ESSFwc2,ESSFwc2/07,D5
6688,BECv10,ESSFwc2,ESSFwc2/07,D4
6689,BECv10,ESSFwc2,ESSFwc2/07,C5
6690,BECv10,ESSFwc2,ESSFwc2/07,C4
6691,BECv10,ESSFwc2,ESSFwc2/08,D6
6692,BECv10,ESSFwc2,ESSFwc2/08,D5
6693,BECv10,ESSFwc2,ESSFwc2/08,C6
6694,BECv10,ESSFwc2,ESSFwc2/08,C5
6695,BECv10,ESSFwc2,ESSFwc2/09,C7
6696,BECv10,ESSFwc2,ESSFwc2/09,C6
6697,BECv10,ESSFwc2,ESSFwc2/09,B7
6698,BECv10,ESSFwc2,ESSFwc2/09,B6
6699,BECv10,ESSFwc2,ESSFwc2/10,D7
6700,BECv10,ESSFwc2,ESSFwc2/10,D6
6701,BECv10,ESSFwc2,ESSFwc2/10,C7
6702,BECv10,ESSFwc2,ESSFwc2/10,C6
6703,BECv10,ESSFwc2,ESSFwc2/10,B7
6704,Add_2021,ESSFwc2,ESSFwc2/Ro,A0
6705,Add_2021,ESSFwc2,ESSFwc2/Ro,B0
6706,BECv13,ESSFwc3,ESSFwc3/101,B3
6707,BECv13,ESSFwc3,ESSFwc3/101,B4
6708,BECv13,ESSFwc3,ESSFwc3/101,C3
6709,BECv13,ESSFwc3,ESSFwc3/101,C4
6710,BECv13,ESSFwc3,ESSFwc3/101,D3
6711,BECv13,ESSFwc3,ESSFwc3/101,D4
6712,BECv13,ESSFwc3,ESSFwc3/102,A1
6713,BECv13,ESSFwc3,ESSFwc3/102,A2
6714,BECv13,ESSFwc3,ESSFwc3/102,B1
6715,BECv13,ESSFwc3,ESSFwc3/102,B2
6716,BECv13,ESSFwc3,ESSFwc3/102,C1
6717,BECv13,ESSFwc3,ESSFwc3/102,C2
6718,BECv13,ESSFwc3,ESSFwc3/102,D1
6719,BECv13,ESSFwc3,ESSFwc3/102,D2
6720,BECv13,ESSFwc3,ESSFwc3/103,A2
6721,BECv13,ESSFwc3,ESSFwc3/103,A3
6722,BECv13,ESSFwc3,ESSFwc3/103,B2
6723,BECv13,ESSFwc3,ESSFwc3/103,B3
6724,BECv13,ESSFwc3,ESSFwc3/103,C2
6725,BECv13,ESSFwc3,ESSFwc3/103,C3
6726,BECv13,ESSFwc3,ESSFwc3/103,D2
6727,BECv13,ESSFwc3,ESSFwc3/103,D3
6728,BECv13,ESSFwc3,ESSFwc3/110,B5
6729,BECv13,ESSFwc3,ESSFwc3/110,B6
6730,BECv13,ESSFwc3,ESSFwc3/110,C5
6731,BECv13,ESSFwc3,ESSFwc3/110,C6
6732,BECv13,ESSFwc3,ESSFwc3/110,D5
6733,BECv13,ESSFwc3,ESSFwc3/110,D6
6734,BECv13,ESSFwc3,ESSFwc3/110,E5
6735,BECv13,ESSFwc3,ESSFwc3/110,E6
6736,BECv13,ESSFwc3,ESSFwc3/111,B6
6737,BECv13,ESSFwc3,ESSFwc3/111,B7
6738,BECv13,ESSFwc3,ESSFwc3/111,C6
6739,BECv13,ESSFwc3,ESSFwc3/111,C7
6740,BECv13,ESSFwc3,ESSFwc3/111,D6
6741,BECv13,ESSFwc3,ESSFwc3/111,D7
6742,BECv13,ESSFwc3,ESSFwc3/111,E6
6743,BECv13,ESSFwc3,ESSFwc3/111,E7
6744,BECv10,ESSFwc3,ESSFwc3/01,D4
6745,BECv10,ESSFwc3,ESSFwc3/01,D3
6746,BECv10,ESSFwc3,ESSFwc3/01,C4
6747,BECv10,ESSFwc3,ESSFwc3/01,C3
6748,BECv10,ESSFwc3,ESSFwc3/01,B4
6749,BECv10,ESSFwc3,ESSFwc3/01,B3
6750,BECv10,ESSFwc3,ESSFwc3/02,D2
6751,BECv10,ESSFwc3,ESSFwc3/02,D1
6752,BECv10,ESSFwc3,ESSFwc3/02,C3
6753,BECv10,ESSFwc3,ESSFwc3/02,C2
6754,BECv10,ESSFwc3,ESSFwc3/02,C1
6755,BECv10,ESSFwc3,ESSFwc3/02,B3
6756,BECv10,ESSFwc3,ESSFwc3/02,B2
6757,BECv10,ESSFwc3,ESSFwc3/02,B1
6758,BECv10,ESSFwc3,ESSFwc3/02,A2
6759,BECv10,ESSFwc3,ESSFwc3/02,A1
6760,BECv10,ESSFwc3,ESSFwc3/03,D6
6761,BECv10,ESSFwc3,ESSFwc3/03,D5
6762,BECv10,ESSFwc3,ESSFwc3/03,D4
6763,BECv10,ESSFwc3,ESSFwc3/03,C6
6764,BECv10,ESSFwc3,ESSFwc3/03,C5
6765,BECv10,ESSFwc3,ESSFwc3/03,C4
6766,BECv10,ESSFwc3,ESSFwc3/03,B6
6767,BECv10,ESSFwc3,ESSFwc3/03,B5
6768,Add_2021,ESSFwc3,ESSFwc3/Ro,A0
6769,Add_2021,ESSFwc3,ESSFwc3/Ro,B0
6770,BECv10,ESSFwc4,ESSFwc4/101,C4
6771,BECv10,ESSFwc4,ESSFwc4/101,C3
6772,BECv10,ESSFwc4,ESSFwc4/101,B4
6773,BECv10,ESSFwc4,ESSFwc4/102,B2
6774,BECv10,ESSFwc4,ESSFwc4/102,B1
6775,BECv10,ESSFwc4,ESSFwc4/102,A2
6776,BECv10,ESSFwc4,ESSFwc4/102,A1
6777,BECv10,ESSFwc4,ESSFwc4/103,C3
6778,BECv10,ESSFwc4,ESSFwc4/103,C2
6779,BECv10,ESSFwc4,ESSFwc4/103,B3
6780,BECv10,ESSFwc4,ESSFwc4/103,B2
6781,BECv10,ESSFwc4,ESSFwc4/103a,C2
6782,BECv10,ESSFwc4,ESSFwc4/103a,B2
6783,BECv10,ESSFwc4,ESSFwc4/103b,C3
6784,BECv10,ESSFwc4,ESSFwc4/103b,B3
6785,BECv10,ESSFwc4,ESSFwc4/110,D5
6786,BECv10,ESSFwc4,ESSFwc4/110,D4
6787,BECv10,ESSFwc4,ESSFwc4/110,C5
6788,BECv10,ESSFwc4,ESSFwc4/111,D6
6789,BECv10,ESSFwc4,ESSFwc4/111,D5
6790,BECv10,ESSFwc4,ESSFwc4/111,C6
6791,BECv10,ESSFwc4,ESSFwc4/111,C5
6792,BECv10,ESSFwc4,ESSFwc4/112,E7
6793,BECv10,ESSFwc4,ESSFwc4/112,E6
6794,BECv10,ESSFwc4,ESSFwc4/112,D7
6795,BECv10,ESSFwc4,ESSFwc4/112,D6
6796,BECv10,ESSFwc4,ESSFwc4/112,C7
6797,BECv10,ESSFwc4,ESSFwc4/112a,E7
6798,BECv10,ESSFwc4,ESSFwc4/112a,E6
6799,BECv10,ESSFwc4,ESSFwc4/112a,D6
6800,BECv10,ESSFwc4,ESSFwc4/112b,D7
6801,BECv10,ESSFwc4,ESSFwc4/112b,C7
6802,Add_2021,ESSFwc4,ESSFwc4/Ro,A0
6803,Add_2021,ESSFwc4,ESSFwc4/Ro,B0
6804,BECv10,ESSFwcp,ESSFwcp/00,E7
6805,BECv10,ESSFwcp,ESSFwcp/00,E6
6806,BECv10,ESSFwcp,ESSFwcp/00,E5
6807,BECv10,ESSFwcp,ESSFwcp/00,E4
6808,BECv10,ESSFwcp,ESSFwcp/00,E3
6809,BECv10,ESSFwcp,ESSFwcp/00,E2
6810,BECv10,ESSFwcp,ESSFwcp/00,E1
6811,BECv10,ESSFwcp,ESSFwcp/00,E0
6812,BECv10,ESSFwcp,ESSFwcp/00,D7
6813,BECv10,ESSFwcp,ESSFwcp/00,D6
6814,BECv10,ESSFwcp,ESSFwcp/00,D5
6815,BECv10,ESSFwcp,ESSFwcp/00,D4
6816,BECv10,ESSFwcp,ESSFwcp/00,D3
6817,BECv10,ESSFwcp,ESSFwcp/00,D2
6818,BECv10,ESSFwcp,ESSFwcp/00,D1
6819,BECv10,ESSFwcp,ESSFwcp/00,D0
6820,BECv10,ESSFwcp,ESSFwcp/00,C7
6821,BECv10,ESSFwcp,ESSFwcp/00,C6
6822,BECv10,ESSFwcp,ESSFwcp/00,C5
6823,BECv10,ESSFwcp,ESSFwcp/00,C4
6824,BECv10,ESSFwcp,ESSFwcp/00,C3
6825,BECv10,ESSFwcp,ESSFwcp/00,C2
6826,BECv10,ESSFwcp,ESSFwcp/00,C1
6827,BECv10,ESSFwcp,ESSFwcp/00,C0
6828,BECv10,ESSFwcp,ESSFwcp/00,B7
6829,BECv10,ESSFwcp,ESSFwcp/00,B6
6830,BECv10,ESSFwcp,ESSFwcp/00,B5
6831,BECv10,ESSFwcp,ESSFwcp/00,B4
6832,BECv10,ESSFwcp,ESSFwcp/00,B3
6833,BECv10,ESSFwcp,ESSFwcp/00,B2
6834,BECv10,ESSFwcp,ESSFwcp/00,B1
6835,BECv10,ESSFwcp,ESSFwcp/00,B0
6836,BECv10,ESSFwcp,ESSFwcp/00,A7
6837,BECv10,ESSFwcp,ESSFwcp/00,A6
6838,BECv10,ESSFwcp,ESSFwcp/00,A5
6839,BECv10,ESSFwcp,ESSFwcp/00,A4
6840,BECv10,ESSFwcp,ESSFwcp/00,A3
6841,BECv10,ESSFwcp,ESSFwcp/00,A2
6842,BECv10,ESSFwcp,ESSFwcp/00,A1
6843,BECv10,ESSFwcp,ESSFwcp/00,A0
6844,BECv10,ESSFwcw,ESSFwcw/101,D4
6845,BECv10,ESSFwcw,ESSFwcw/101,D3
6846,BECv10,ESSFwcw,ESSFwcw/101,C4
6847,BECv10,ESSFwcw,ESSFwcw/101,C3
6848,BECv10,ESSFwcw,ESSFwcw/101,B4
6849,BECv10,ESSFwcw,ESSFwcw/102,B1
6850,BECv10,ESSFwcw,ESSFwcw/102,A1
6851,BECv10,ESSFwcw,ESSFwcw/103,C2
6852,BECv10,ESSFwcw,ESSFwcw/103,B2
6853,BECv10,ESSFwcw,ESSFwcw/103,A3
6854,BECv10,ESSFwcw,ESSFwcw/103,A2
6855,BECv10,ESSFwcw,ESSFwcw/104,C3
6856,BECv10,ESSFwcw,ESSFwcw/104,B4
6857,BECv10,ESSFwcw,ESSFwcw/104,B3
6858,BECv10,ESSFwcw,ESSFwcw/104,A4
6859,BECv10,ESSFwcw,ESSFwcw/104,A3
6860,BECv10,ESSFwcw,ESSFwcw/110,E6
6861,BECv10,ESSFwcw,ESSFwcw/110,E5
6862,BECv10,ESSFwcw,ESSFwcw/110,D6
6863,BECv10,ESSFwcw,ESSFwcw/110,D5
6864,BECv10,ESSFwcw,ESSFwcw/110,C6
6865,BECv10,ESSFwcw,ESSFwcw/110,C5
6866,Add_2021,ESSFwcw,ESSFwcw/Ro,A0
6867,Add_2021,ESSFwcw,ESSFwcw/Ro,B0
6868,USA_2019,ESSFwh_MT,ESSFwh_MT/101,D4
6869,USA_2019,ESSFwh_MT,ESSFwh_MT/101,D3
6870,USA_2019,ESSFwh_MT,ESSFwh_MT/101,C4
6871,USA_2019,ESSFwh_MT,ESSFwh_MT/101,C3
6872,USA_2019,ESSFwh_MT,ESSFwh_MT/101,B4
6873,USA_2019,ESSFwh_MT,ESSFwh_MT/101,B3
6874,USA_2019,ESSFwh_MT,ESSFwh_MT/102,D2
6875,USA_2019,ESSFwh_MT,ESSFwh_MT/102,D1
6876,USA_2019,ESSFwh_MT,ESSFwh_MT/102,C2
6877,USA_2019,ESSFwh_MT,ESSFwh_MT/102,C1
6878,USA_2019,ESSFwh_MT,ESSFwh_MT/102,B2
6879,USA_2019,ESSFwh_MT,ESSFwh_MT/102,B1
6880,USA_2019,ESSFwh_MT,ESSFwh_MT/102,A2
6881,USA_2019,ESSFwh_MT,ESSFwh_MT/102,A1
6882,USA_2019,ESSFwh_MT,ESSFwh_MT/110,E5
6883,USA_2019,ESSFwh_MT,ESSFwh_MT/110,D5
6884,USA_2019,ESSFwh_MT,ESSFwh_MT/110,C5
6885,USA_2019,ESSFwh_MT,ESSFwh_MT/110,B5
6886,USA_2019,ESSFwh_MT,ESSFwh_MT/111,E6
6887,USA_2019,ESSFwh_MT,ESSFwh_MT/111,D6
6888,USA_2019,ESSFwh_MT,ESSFwh_MT/111,C6
6889,USA_2019,ESSFwh_MT,ESSFwh_MT/111,B6
6890,Add_2021,ESSFwh_MT,ESSFwh_MT/Ro,A0
6891,Add_2021,ESSFwh_MT,ESSFwh_MT/Ro,B0
6892,BECv10,ESSFwh1,ESSFwh1/101,D4
6893,BECv10,ESSFwh1,ESSFwh1/101,C4
6894,BECv10,ESSFwh1,ESSFwh1/101,B4
6895,BECv10,ESSFwh1,ESSFwh1/102,C1
6896,BECv10,ESSFwh1,ESSFwh1/102,B1
6897,BECv10,ESSFwh1,ESSFwh1/102,A1
6898,BECv10,ESSFwh1,ESSFwh1/103,C2
6899,BECv10,ESSFwh1,ESSFwh1/103,B3
6900,BECv10,ESSFwh1,ESSFwh1/103,B2
6901,BECv10,ESSFwh1,ESSFwh1/104,C3
6902,BECv10,ESSFwh1,ESSFwh1/104,C2
6903,BECv10,ESSFwh1,ESSFwh1/104,B3
6904,BECv10,ESSFwh1,ESSFwh1/110,D6
6905,BECv10,ESSFwh1,ESSFwh1/110,D5
6906,BECv10,ESSFwh1,ESSFwh1/110,C6
6907,BECv10,ESSFwh1,ESSFwh1/110,C5
6908,BECv10,ESSFwh1,ESSFwh1/111,E7
6909,BECv10,ESSFwh1,ESSFwh1/111,E6
6910,BECv10,ESSFwh1,ESSFwh1/111,D7
6911,BECv10,ESSFwh1,ESSFwh1/111,D6
6912,BECv10,ESSFwh1,ESSFwh1/111,C7
6913,BECv10,ESSFwh1,ESSFwh1/111,C6
6914,BECv10,ESSFwh1,ESSFwh1/111a,E7
6915,BECv10,ESSFwh1,ESSFwh1/111a,E6
6916,BECv10,ESSFwh1,ESSFwh1/111a,D6
6917,BECv10,ESSFwh1,ESSFwh1/111b,D7
6918,BECv10,ESSFwh1,ESSFwh1/111b,C7
6919,BECv10,ESSFwh1,ESSFwh1/111b,C6
6920,Add_2021,ESSFwh1,ESSFwh1/Ro,A0
6921,Add_2021,ESSFwh1,ESSFwh1/Ro,B0
6922,BECv10,ESSFwh2,ESSFwh2/101,D4
6923,BECv10,ESSFwh2,ESSFwh2/101,D3
6924,BECv10,ESSFwh2,ESSFwh2/101,C4
6925,BECv10,ESSFwh2,ESSFwh2/101,C3
6926,BECv10,ESSFwh2,ESSFwh2/101,B4
6927,BECv10,ESSFwh2,ESSFwh2/102,C1
6928,BECv10,ESSFwh2,ESSFwh2/102,B2
6929,BECv10,ESSFwh2,ESSFwh2/102,B1
6930,BECv10,ESSFwh2,ESSFwh2/102,A2
6931,BECv10,ESSFwh2,ESSFwh2/102,A1
6932,BECv10,ESSFwh2,ESSFwh2/103,C2
6933,BECv10,ESSFwh2,ESSFwh2/103,B2
6934,BECv10,ESSFwh2,ESSFwh2/103,A2
6935,BECv10,ESSFwh2,ESSFwh2/104,D3
6936,BECv10,ESSFwh2,ESSFwh2/104,C3
6937,BECv10,ESSFwh2,ESSFwh2/104,B3
6938,BECv10,ESSFwh2,ESSFwh2/110,D5
6939,BECv10,ESSFwh2,ESSFwh2/110,D4
6940,BECv10,ESSFwh2,ESSFwh2/110,C5
6941,BECv10,ESSFwh2,ESSFwh2/111,D6
6942,BECv10,ESSFwh2,ESSFwh2/111,D5
6943,BECv10,ESSFwh2,ESSFwh2/111,C6
6944,BECv10,ESSFwh2,ESSFwh2/111,C5
6945,BECv10,ESSFwh2,ESSFwh2/112,E7
6946,BECv10,ESSFwh2,ESSFwh2/112,E6
6947,BECv10,ESSFwh2,ESSFwh2/112,D7
6948,BECv10,ESSFwh2,ESSFwh2/112,D6
6949,BECv10,ESSFwh2,ESSFwh2/112,C7
6950,BECv10,ESSFwh2,ESSFwh2/112,C6
6951,BECv10,ESSFwh2,ESSFwh2/112a,E7
6952,BECv10,ESSFwh2,ESSFwh2/112a,E6
6953,BECv10,ESSFwh2,ESSFwh2/112a,D6
6954,BECv10,ESSFwh2,ESSFwh2/112a,C6
6955,BECv10,ESSFwh2,ESSFwh2/112b,D7
6956,BECv10,ESSFwh2,ESSFwh2/112b,C7
6957,Add_2021,ESSFwh2,ESSFwh2/Ro,A0
6958,Add_2021,ESSFwh2,ESSFwh2/Ro,B0
6959,BECv10,ESSFwh3,ESSFwh3/101,D4
6960,BECv10,ESSFwh3,ESSFwh3/101,C4
6961,BECv10,ESSFwh3,ESSFwh3/101,C3
6962,BECv10,ESSFwh3,ESSFwh3/101,B4
6963,BECv10,ESSFwh3,ESSFwh3/102,B1
6964,BECv10,ESSFwh3,ESSFwh3/102,A2
6965,BECv10,ESSFwh3,ESSFwh3/102,A1
6966,BECv10,ESSFwh3,ESSFwh3/103,C2
6967,BECv10,ESSFwh3,ESSFwh3/103,B2
6968,BECv10,ESSFwh3,ESSFwh3/103,A2
6969,BECv10,ESSFwh3,ESSFwh3/104,C3
6970,BECv10,ESSFwh3,ESSFwh3/104,C2
6971,BECv10,ESSFwh3,ESSFwh3/104,B3
6972,BECv10,ESSFwh3,ESSFwh3/110,D5
6973,BECv10,ESSFwh3,ESSFwh3/110,D4
6974,BECv10,ESSFwh3,ESSFwh3/110,C5
6975,BECv10,ESSFwh3,ESSFwh3/111,E5
6976,BECv10,ESSFwh3,ESSFwh3/111,D6
6977,BECv10,ESSFwh3,ESSFwh3/111,D5
6978,BECv10,ESSFwh3,ESSFwh3/111,C6
6979,BECv10,ESSFwh3,ESSFwh3/111,C5
6980,BECv10,ESSFwh3,ESSFwh3/112,E7
6981,BECv10,ESSFwh3,ESSFwh3/112,E6
6982,BECv10,ESSFwh3,ESSFwh3/112,D7
6983,BECv10,ESSFwh3,ESSFwh3/112,D6
6984,BECv10,ESSFwh3,ESSFwh3/112,C7
6985,BECv10,ESSFwh3,ESSFwh3/112,C6
6986,BECv10,ESSFwh3,ESSFwh3/112a,E7
6987,BECv10,ESSFwh3,ESSFwh3/112a,E6
6988,BECv10,ESSFwh3,ESSFwh3/112a,D6
6989,BECv10,ESSFwh3,ESSFwh3/112a,C6
6990,BECv10,ESSFwh3,ESSFwh3/112b,D7
6991,BECv10,ESSFwh3,ESSFwh3/112b,C7
6992,Add_2021,ESSFwh3,ESSFwh3/Ro,A0
6993,Add_2021,ESSFwh3,ESSFwh3/Ro,B0
6994,BECv10,ESSFwk1,ESSFwk1/01,D4
6995,BECv10,ESSFwk1,ESSFwk1/01,D3
6996,BECv10,ESSFwk1,ESSFwk1/01,C5
6997,BECv10,ESSFwk1,ESSFwk1/01,C4
6998,BECv10,ESSFwk1,ESSFwk1/01,B5
6999,BECv10,ESSFwk1,ESSFwk1/01,B4
7000,BECv10,ESSFwk1,ESSFwk1/02,D2
7001,BECv10,ESSFwk1,ESSFwk1/02,D1
7002,BECv10,ESSFwk1,ESSFwk1/02,C2
7003,BECv10,ESSFwk1,ESSFwk1/02,C1
7004,BECv10,ESSFwk1,ESSFwk1/02,B2
7005,BECv10,ESSFwk1,ESSFwk1/02,B1
7006,BECv10,ESSFwk1,ESSFwk1/02,A1
7007,BECv10,ESSFwk1,ESSFwk1/03,D3
7008,BECv10,ESSFwk1,ESSFwk1/03,D2
7009,BECv10,ESSFwk1,ESSFwk1/03,C3
7010,BECv10,ESSFwk1,ESSFwk1/03,C2
7011,BECv10,ESSFwk1,ESSFwk1/03,B4
7012,BECv10,ESSFwk1,ESSFwk1/03,B3
7013,BECv10,ESSFwk1,ESSFwk1/03,B2
7014,BECv10,ESSFwk1,ESSFwk1/04,C5
7015,BECv10,ESSFwk1,ESSFwk1/04,B5
7016,BECv10,ESSFwk1,ESSFwk1/05,E5
7017,BECv10,ESSFwk1,ESSFwk1/05,D5
7018,BECv10,ESSFwk1,ESSFwk1/06,C7
7019,BECv10,ESSFwk1,ESSFwk1/06,C6
7020,BECv10,ESSFwk1,ESSFwk1/06,B7
7021,BECv10,ESSFwk1,ESSFwk1/06,B6
7022,BECv10,ESSFwk1,ESSFwk1/06,A7
7023,BECv10,ESSFwk1,ESSFwk1/06,A6
7024,BECv10,ESSFwk1,ESSFwk1/06,A5
7025,BECv10,ESSFwk1,ESSFwk1/07,D7
7026,BECv10,ESSFwk1,ESSFwk1/07,D6
7027,BECv10,ESSFwk1,ESSFwk1/07,D5
7028,BECv10,ESSFwk1,ESSFwk1/07,C7
7029,BECv10,ESSFwk1,ESSFwk1/07,C6
7030,BECv10,ESSFwk1,ESSFwk1/07,C5
7031,BECv10,ESSFwk1,ESSFwk1/07,B6
7032,BECv10,ESSFwk1,ESSFwk1/07,B5
7033,Add_2021,ESSFwk1,ESSFwk1/Ro,A0
7034,Add_2021,ESSFwk1,ESSFwk1/Ro,B0
7035,BECv10,ESSFwk2,ESSFwk2/01,D4
7036,BECv10,ESSFwk2,ESSFwk2/01,D3
7037,BECv10,ESSFwk2,ESSFwk2/01,C4
7038,BECv10,ESSFwk2,ESSFwk2/01,C3
7039,BECv10,ESSFwk2,ESSFwk2/01,B5
7040,BECv10,ESSFwk2,ESSFwk2/01,B4
7041,BECv10,ESSFwk2,ESSFwk2/01,B3
7042,BECv10,ESSFwk2,ESSFwk2/02,C3
7043,BECv10,ESSFwk2,ESSFwk2/02,C2
7044,BECv10,ESSFwk2,ESSFwk2/02,B3
7045,BECv10,ESSFwk2,ESSFwk2/02,B2
7046,BECv10,ESSFwk2,ESSFwk2/03,D5
7047,BECv10,ESSFwk2,ESSFwk2/03,D4
7048,BECv10,ESSFwk2,ESSFwk2/03,C5
7049,BECv10,ESSFwk2,ESSFwk2/03,C4
7050,BECv10,ESSFwk2,ESSFwk2/04,C6
7051,BECv10,ESSFwk2,ESSFwk2/04,C5
7052,BECv10,ESSFwk2,ESSFwk2/04,B6
7053,BECv10,ESSFwk2,ESSFwk2/04,B5
7054,BECv10,ESSFwk2,ESSFwk2/05,E5
7055,BECv10,ESSFwk2,ESSFwk2/05,D5
7056,BECv10,ESSFwk2,ESSFwk2/05,C5
7057,BECv10,ESSFwk2,ESSFwk2/06,D6
7058,BECv10,ESSFwk2,ESSFwk2/06,C6
7059,Add_2021,ESSFwk2,ESSFwk2/Ro,A0
7060,Add_2021,ESSFwk2,ESSFwk2/Ro,B0
7061,USA_2019,ESSFwm_MT,ESSFwm_MT/101,D4
7062,USA_2019,ESSFwm_MT,ESSFwm_MT/101,D3
7063,USA_2019,ESSFwm_MT,ESSFwm_MT/101,C4
7064,USA_2019,ESSFwm_MT,ESSFwm_MT/101,C3
7065,USA_2019,ESSFwm_MT,ESSFwm_MT/101,B4
7066,USA_2019,ESSFwm_MT,ESSFwm_MT/101,B3
7067,USA_2019,ESSFwm_MT,ESSFwm_MT/102,D1
7068,USA_2019,ESSFwm_MT,ESSFwm_MT/102,C1
7069,USA_2019,ESSFwm_MT,ESSFwm_MT/102,B1
7070,USA_2019,ESSFwm_MT,ESSFwm_MT/102,A1
7071,USA_2019,ESSFwm_MT,ESSFwm_MT/103,D2
7072,USA_2019,ESSFwm_MT,ESSFwm_MT/103,C2
7073,USA_2019,ESSFwm_MT,ESSFwm_MT/103,B2
7074,USA_2019,ESSFwm_MT,ESSFwm_MT/103,A2
7075,USA_2019,ESSFwm_MT,ESSFwm_MT/110,E5
7076,USA_2019,ESSFwm_MT,ESSFwm_MT/110,D5
7077,USA_2019,ESSFwm_MT,ESSFwm_MT/110,C5
7078,USA_2019,ESSFwm_MT,ESSFwm_MT/110,B5
7079,USA_2019,ESSFwm_MT,ESSFwm_MT/111,E6
7080,USA_2019,ESSFwm_MT,ESSFwm_MT/111,D6
7081,USA_2019,ESSFwm_MT,ESSFwm_MT/111,C6
7082,USA_2019,ESSFwm_MT,ESSFwm_MT/111,B6
7083,Add_2021,ESSFwm_MT,ESSFwm_MT/Ro,A0
7084,Add_2021,ESSFwm_MT,ESSFwm_MT/Ro,B0
7085,BECv11,ESSFwm1,ESSFwm1/101,D4
7086,BECv11,ESSFwm1,ESSFwm1/101,C4
7087,BECv11,ESSFwm1,ESSFwm1/101,B4
7088,BECv11,ESSFwm1,ESSFwm1/102,C1
7089,BECv11,ESSFwm1,ESSFwm1/102,B2
7090,BECv11,ESSFwm1,ESSFwm1/102,B1
7091,BECv11,ESSFwm1,ESSFwm1/102,A2
7092,BECv11,ESSFwm1,ESSFwm1/102,A1
7093,BECv11,ESSFwm1,ESSFwm1/103,D2
7094,BECv11,ESSFwm1,ESSFwm1/103,C2
7095,BECv11,ESSFwm1,ESSFwm1/103,B2
7096,BECv11,ESSFwm1,ESSFwm1/104,D3
7097,BECv11,ESSFwm1,ESSFwm1/104,C3
7098,BECv11,ESSFwm1,ESSFwm1/104,B3
7099,BECv11,ESSFwm1,ESSFwm1/110,D5
7100,BECv11,ESSFwm1,ESSFwm1/110,D4
7101,BECv11,ESSFwm1,ESSFwm1/110,C5
7102,BECv11,ESSFwm1,ESSFwm1/111,E6
7103,BECv11,ESSFwm1,ESSFwm1/111,E5
7104,BECv11,ESSFwm1,ESSFwm1/111,D6
7105,BECv11,ESSFwm1,ESSFwm1/111,D5
7106,BECv11,ESSFwm1,ESSFwm1/112,E7
7107,BECv11,ESSFwm1,ESSFwm1/112,E6
7108,BECv11,ESSFwm1,ESSFwm1/112,D7
7109,BECv11,ESSFwm1,ESSFwm1/112,D6
7110,BECv11,ESSFwm1,ESSFwm1/112,C7
7111,BECv11,ESSFwm1,ESSFwm1/112,C6
7112,BECv11,ESSFwm1,ESSFwm1/Ro,C0
7113,BECv11,ESSFwm1,ESSFwm1/Ro,B0
7114,BECv11,ESSFwm1,ESSFwm1/Ro,A0
7115,BECv10,ESSFwm2,ESSFwm2/101,D4
7116,BECv10,ESSFwm2,ESSFwm2/101,C4
7117,BECv10,ESSFwm2,ESSFwm2/101,B4
7118,BECv10,ESSFwm2,ESSFwm2/102,B1
7119,BECv10,ESSFwm2,ESSFwm2/102,A2
7120,BECv10,ESSFwm2,ESSFwm2/102,A1
7121,BECv10,ESSFwm2,ESSFwm2/103,C3
7122,BECv10,ESSFwm2,ESSFwm2/103,C2
7123,BECv10,ESSFwm2,ESSFwm2/103,B3
7124,BECv10,ESSFwm2,ESSFwm2/103,B2
7125,BECv10,ESSFwm2,ESSFwm2/104,C3
7126,BECv10,ESSFwm2,ESSFwm2/104,B4
7127,BECv10,ESSFwm2,ESSFwm2/104,B3
7128,BECv10,ESSFwm2,ESSFwm2/104,A3
7129,BECv10,ESSFwm2,ESSFwm2/110,D5
7130,BECv10,ESSFwm2,ESSFwm2/110,D4
7131,BECv10,ESSFwm2,ESSFwm2/110,C5
7132,BECv10,ESSFwm2,ESSFwm2/111,D6
7133,BECv10,ESSFwm2,ESSFwm2/111,D5
7134,BECv10,ESSFwm2,ESSFwm2/111,C6
7135,BECv10,ESSFwm2,ESSFwm2/111,C5
7136,BECv10,ESSFwm2,ESSFwm2/112,E7
7137,BECv10,ESSFwm2,ESSFwm2/112,E6
7138,BECv10,ESSFwm2,ESSFwm2/112,D7
7139,BECv10,ESSFwm2,ESSFwm2/112,D6
7140,BECv10,ESSFwm2,ESSFwm2/112,C7
7141,BECv10,ESSFwm2,ESSFwm2/112,C6
7142,BECv10,ESSFwm2,ESSFwm2/112a,E7
7143,BECv10,ESSFwm2,ESSFwm2/112a,E6
7144,BECv10,ESSFwm2,ESSFwm2/112a,D6
7145,BECv10,ESSFwm2,ESSFwm2/112a,C6
7146,BECv10,ESSFwm2,ESSFwm2/112b,D7
7147,BECv10,ESSFwm2,ESSFwm2/112b,C7
7148,Add_2021,ESSFwm2,ESSFwm2/Ro,A0
7149,Add_2021,ESSFwm2,ESSFwm2/Ro,B0
7150,BECv10,ESSFwm3,ESSFwm3/101,D4
7151,BECv10,ESSFwm3,ESSFwm3/101,D3
7152,BECv10,ESSFwm3,ESSFwm3/101,C4
7153,BECv10,ESSFwm3,ESSFwm3/101,B4
7154,BECv10,ESSFwm3,ESSFwm3/102,B2
7155,BECv10,ESSFwm3,ESSFwm3/102,B1
7156,BECv10,ESSFwm3,ESSFwm3/102,A2
7157,BECv10,ESSFwm3,ESSFwm3/102,A1
7158,BECv10,ESSFwm3,ESSFwm3/103,C2
7159,BECv10,ESSFwm3,ESSFwm3/103,B3
7160,BECv10,ESSFwm3,ESSFwm3/103,B2
7161,BECv10,ESSFwm3,ESSFwm3/104,B4
7162,BECv10,ESSFwm3,ESSFwm3/104,B3
7163,BECv10,ESSFwm3,ESSFwm3/104,A4
7164,BECv10,ESSFwm3,ESSFwm3/104,A3
7165,BECv10,ESSFwm3,ESSFwm3/105,D3
7166,BECv10,ESSFwm3,ESSFwm3/105,C3
7167,BECv10,ESSFwm3,ESSFwm3/105,B3
7168,BECv10,ESSFwm3,ESSFwm3/110,D5
7169,BECv10,ESSFwm3,ESSFwm3/110,D4
7170,BECv10,ESSFwm3,ESSFwm3/110,C5
7171,BECv10,ESSFwm3,ESSFwm3/111,D6
7172,BECv10,ESSFwm3,ESSFwm3/111,D5
7173,BECv10,ESSFwm3,ESSFwm3/111,C6
7174,BECv10,ESSFwm3,ESSFwm3/112,E7
7175,BECv10,ESSFwm3,ESSFwm3/112,E6
7176,BECv10,ESSFwm3,ESSFwm3/112,D7
7177,BECv10,ESSFwm3,ESSFwm3/112,D6
7178,BECv10,ESSFwm3,ESSFwm3/112,C7
7179,BECv10,ESSFwm3,ESSFwm3/112a,E7
7180,BECv10,ESSFwm3,ESSFwm3/112a,E6
7181,BECv10,ESSFwm3,ESSFwm3/112a,D6
7182,BECv10,ESSFwm3,ESSFwm3/112b,D7
7183,BECv10,ESSFwm3,ESSFwm3/112b,C7
7184,Add_2021,ESSFwm3,ESSFwm3/Ro,A0
7185,Add_2021,ESSFwm3,ESSFwm3/Ro,B0
7186,BECv10,ESSFwm4,ESSFwm4/101,D4
7187,BECv10,ESSFwm4,ESSFwm4/101,C4
7188,BECv10,ESSFwm4,ESSFwm4/101,B4
7189,BECv10,ESSFwm4,ESSFwm4/102,C2
7190,BECv10,ESSFwm4,ESSFwm4/102,B2
7191,BECv10,ESSFwm4,ESSFwm4/102,B1
7192,BECv10,ESSFwm4,ESSFwm4/102,A2
7193,BECv10,ESSFwm4,ESSFwm4/102,A1
7194,BECv10,ESSFwm4,ESSFwm4/102a,B1
7195,BECv10,ESSFwm4,ESSFwm4/102a,A1
7196,BECv10,ESSFwm4,ESSFwm4/102b,C2
7197,BECv10,ESSFwm4,ESSFwm4/102b,B2
7198,BECv10,ESSFwm4,ESSFwm4/102b,A2
7199,BECv10,ESSFwm4,ESSFwm4/103,C3
7200,BECv10,ESSFwm4,ESSFwm4/103,B4
7201,BECv10,ESSFwm4,ESSFwm4/103,B3
7202,BECv10,ESSFwm4,ESSFwm4/103,A4
7203,BECv10,ESSFwm4,ESSFwm4/103,A3
7204,BECv10,ESSFwm4,ESSFwm4/110,D5
7205,BECv10,ESSFwm4,ESSFwm4/110,D4
7206,BECv10,ESSFwm4,ESSFwm4/110,C5
7207,BECv10,ESSFwm4,ESSFwm4/111,E7
7208,BECv10,ESSFwm4,ESSFwm4/111,E6
7209,BECv10,ESSFwm4,ESSFwm4/111,D7
7210,BECv10,ESSFwm4,ESSFwm4/111,D6
7211,BECv10,ESSFwm4,ESSFwm4/111,D5
7212,BECv10,ESSFwm4,ESSFwm4/111,C7
7213,BECv10,ESSFwm4,ESSFwm4/111,C6
7214,BECv10,ESSFwm4,ESSFwm4/111,C5
7215,Add_2021,ESSFwm4,ESSFwm4/Ro,A0
7216,Add_2021,ESSFwm4,ESSFwm4/Ro,B0
7217,BECv10,ESSFwmp,ESSFwmp/00,E7
7218,BECv10,ESSFwmp,ESSFwmp/00,E6
7219,BECv10,ESSFwmp,ESSFwmp/00,E5
7220,BECv10,ESSFwmp,ESSFwmp/00,E4
7221,BECv10,ESSFwmp,ESSFwmp/00,E3
7222,BECv10,ESSFwmp,ESSFwmp/00,E2
7223,BECv10,ESSFwmp,ESSFwmp/00,E1
7224,BECv10,ESSFwmp,ESSFwmp/00,E0
7225,BECv10,ESSFwmp,ESSFwmp/00,D7
7226,BECv10,ESSFwmp,ESSFwmp/00,D6
7227,BECv10,ESSFwmp,ESSFwmp/00,D5
7228,BECv10,ESSFwmp,ESSFwmp/00,D4
7229,BECv10,ESSFwmp,ESSFwmp/00,D3
7230,BECv10,ESSFwmp,ESSFwmp/00,D2
7231,BECv10,ESSFwmp,ESSFwmp/00,D1
7232,BECv10,ESSFwmp,ESSFwmp/00,D0
7233,BECv10,ESSFwmp,ESSFwmp/00,C7
7234,BECv10,ESSFwmp,ESSFwmp/00,C6
7235,BECv10,ESSFwmp,ESSFwmp/00,C5
7236,BECv10,ESSFwmp,ESSFwmp/00,C4
7237,BECv10,ESSFwmp,ESSFwmp/00,C3
7238,BECv10,ESSFwmp,ESSFwmp/00,C2
7239,BECv10,ESSFwmp,ESSFwmp/00,C1
7240,BECv10,ESSFwmp,ESSFwmp/00,C0
7241,BECv10,ESSFwmp,ESSFwmp/00,B7
7242,BECv10,ESSFwmp,ESSFwmp/00,B6
7243,BECv10,ESSFwmp,ESSFwmp/00,B5
7244,BECv10,ESSFwmp,ESSFwmp/00,B4
7245,BECv10,ESSFwmp,ESSFwmp/00,B3
7246,BECv10,ESSFwmp,ESSFwmp/00,B2
7247,BECv10,ESSFwmp,ESSFwmp/00,B1
7248,BECv10,ESSFwmp,ESSFwmp/00,B0
7249,BECv10,ESSFwmp,ESSFwmp/00,A7
7250,BECv10,ESSFwmp,ESSFwmp/00,A6
7251,BECv10,ESSFwmp,ESSFwmp/00,A5
7252,BECv10,ESSFwmp,ESSFwmp/00,A4
7253,BECv10,ESSFwmp,ESSFwmp/00,A3
7254,BECv10,ESSFwmp,ESSFwmp/00,A2
7255,BECv10,ESSFwmp,ESSFwmp/00,A1
7256,BECv10,ESSFwmp,ESSFwmp/00,A0
7257,USA_2019,ESSFwmp_MT,ESSFwmp_MT/00,E7
7258,USA_2019,ESSFwmp_MT,ESSFwmp_MT/00,E6
7259,USA_2019,ESSFwmp_MT,ESSFwmp_MT/00,E5
7260,USA_2019,ESSFwmp_MT,ESSFwmp_MT/00,E4
7261,USA_2019,ESSFwmp_MT,ESSFwmp_MT/00,E3
7262,USA_2019,ESSFwmp_MT,ESSFwmp_MT/00,E2
7263,USA_2019,ESSFwmp_MT,ESSFwmp_MT/00,E1
7264,USA_2019,ESSFwmp_MT,ESSFwmp_MT/00,E0
7265,USA_2019,ESSFwmp_MT,ESSFwmp_MT/00,D7
7266,USA_2019,ESSFwmp_MT,ESSFwmp_MT/00,D6
7267,USA_2019,ESSFwmp_MT,ESSFwmp_MT/00,D5
7268,USA_2019,ESSFwmp_MT,ESSFwmp_MT/00,D4
7269,USA_2019,ESSFwmp_MT,ESSFwmp_MT/00,D3
7270,USA_2019,ESSFwmp_MT,ESSFwmp_MT/00,D2
7271,USA_2019,ESSFwmp_MT,ESSFwmp_MT/00,D1
7272,USA_2019,ESSFwmp_MT,ESSFwmp_MT/00,D0
7273,USA_2019,ESSFwmp_MT,ESSFwmp_MT/00,C7
7274,USA_2019,ESSFwmp_MT,ESSFwmp_MT/00,C6
7275,USA_2019,ESSFwmp_MT,ESSFwmp_MT/00,C5
7276,USA_2019,ESSFwmp_MT,ESSFwmp_MT/00,C4
7277,USA_2019,ESSFwmp_MT,ESSFwmp_MT/00,C3
7278,USA_2019,ESSFwmp_MT,ESSFwmp_MT/00,C2
7279,USA_2019,ESSFwmp_MT,ESSFwmp_MT/00,C1
7280,USA_2019,ESSFwmp_MT,ESSFwmp_MT/00,C0
7281,USA_2019,ESSFwmp_MT,ESSFwmp_MT/00,B7
7282,USA_2019,ESSFwmp_MT,ESSFwmp_MT/00,B6
7283,USA_2019,ESSFwmp_MT,ESSFwmp_MT/00,B5
7284,USA_2019,ESSFwmp_MT,ESSFwmp_MT/00,B4
7285,USA_2019,ESSFwmp_MT,ESSFwmp_MT/00,B3
7286,USA_2019,ESSFwmp_MT,ESSFwmp_MT/00,B2
7287,USA_2019,ESSFwmp_MT,ESSFwmp_MT/00,B1
7288,USA_2019,ESSFwmp_MT,ESSFwmp_MT/00,B0
7289,USA_2019,ESSFwmp_MT,ESSFwmp_MT/00,A7
7290,USA_2019,ESSFwmp_MT,ESSFwmp_MT/00,A6
7291,USA_2019,ESSFwmp_MT,ESSFwmp_MT/00,A5
7292,USA_2019,ESSFwmp_MT,ESSFwmp_MT/00,A4
7293,USA_2019,ESSFwmp_MT,ESSFwmp_MT/00,A3
7294,USA_2019,ESSFwmp_MT,ESSFwmp_MT/00,A2
7295,USA_2019,ESSFwmp_MT,ESSFwmp_MT/00,A1
7296,USA_2019,ESSFwmp_MT,ESSFwmp_MT/00,A0
7297,BECv10,ESSFwmw,ESSFwmw/101,D4
7298,BECv10,ESSFwmw,ESSFwmw/101,C4
7299,BECv10,ESSFwmw,ESSFwmw/101,C3
7300,BECv10,ESSFwmw,ESSFwmw/101,B4
7301,BECv10,ESSFwmw,ESSFwmw/101,B3
7302,BECv10,ESSFwmw,ESSFwmw/102,C1
7303,BECv10,ESSFwmw,ESSFwmw/102,B1
7304,BECv10,ESSFwmw,ESSFwmw/102,A1
7305,BECv10,ESSFwmw,ESSFwmw/103,C2
7306,BECv10,ESSFwmw,ESSFwmw/103,B2
7307,BECv10,ESSFwmw,ESSFwmw/103,A2
7308,BECv10,ESSFwmw,ESSFwmw/110,D6
7309,BECv10,ESSFwmw,ESSFwmw/110,D5
7310,BECv10,ESSFwmw,ESSFwmw/110,C6
7311,BECv10,ESSFwmw,ESSFwmw/110,C5
7312,Add_2021,ESSFwmw,ESSFwmw/Ro,A0
7313,Add_2021,ESSFwmw,ESSFwmw/Ro,B0
7314,BECv10,ESSFwv,ESSFwv/01,C4
7315,BECv10,ESSFwv,ESSFwv/01,B5
7316,BECv10,ESSFwv,ESSFwv/01,B4
7317,BECv10,ESSFwv,ESSFwv/02,C1
7318,BECv10,ESSFwv,ESSFwv/02,C0
7319,BECv10,ESSFwv,ESSFwv/02,B1
7320,BECv10,ESSFwv,ESSFwv/02,B0
7321,BECv10,ESSFwv,ESSFwv/02,A2
7322,BECv10,ESSFwv,ESSFwv/02,A1
7323,BECv10,ESSFwv,ESSFwv/02,A0
7324,BECv10,ESSFwv,ESSFwv/03,C3
7325,BECv10,ESSFwv,ESSFwv/03,C2
7326,BECv10,ESSFwv,ESSFwv/03,B2
7327,BECv10,ESSFwv,ESSFwv/04,B3
7328,BECv10,ESSFwv,ESSFwv/04,A4
7329,BECv10,ESSFwv,ESSFwv/04,A3
7330,BECv10,ESSFwv,ESSFwv/05,E4
7331,BECv10,ESSFwv,ESSFwv/05,D5
7332,BECv10,ESSFwv,ESSFwv/05,D4
7333,BECv10,ESSFwv,ESSFwv/05,C5
7334,BECv10,ESSFwv,ESSFwv/06,E6
7335,BECv10,ESSFwv,ESSFwv/06,E5
7336,BECv10,ESSFwv,ESSFwv/06,D6
7337,BECv10,ESSFwv,ESSFwv/07,D6
7338,BECv10,ESSFwv,ESSFwv/07,D5
7339,BECv10,ESSFwv,ESSFwv/07,C6
7340,BECv10,ESSFwv,ESSFwv/07,C5
7341,BECv10,ESSFwv,ESSFwv/08,B7
7342,BECv10,ESSFwv,ESSFwv/08,B6
7343,BECv10,ESSFwv,ESSFwv/08,A7
7344,BECv10,ESSFwv,ESSFwv/08,A6
7345,BECv10,ESSFwv,ESSFwv/09,E7
7346,BECv10,ESSFwv,ESSFwv/09,D7
7347,BECv10,ESSFwv,ESSFwv/09,C7
7348,BECv10,ESSFwvp,ESSFwvp/00,E7
7349,BECv10,ESSFwvp,ESSFwvp/00,E6
7350,BECv10,ESSFwvp,ESSFwvp/00,E5
7351,BECv10,ESSFwvp,ESSFwvp/00,E4
7352,BECv10,ESSFwvp,ESSFwvp/00,E3
7353,BECv10,ESSFwvp,ESSFwvp/00,E2
7354,BECv10,ESSFwvp,ESSFwvp/00,E1
7355,BECv10,ESSFwvp,ESSFwvp/00,E0
7356,BECv10,ESSFwvp,ESSFwvp/00,D7
7357,BECv10,ESSFwvp,ESSFwvp/00,D6
7358,BECv10,ESSFwvp,ESSFwvp/00,D5
7359,BECv10,ESSFwvp,ESSFwvp/00,D4
7360,BECv10,ESSFwvp,ESSFwvp/00,D3
7361,BECv10,ESSFwvp,ESSFwvp/00,D2
7362,BECv10,ESSFwvp,ESSFwvp/00,D1
7363,BECv10,ESSFwvp,ESSFwvp/00,D0
7364,BECv10,ESSFwvp,ESSFwvp/00,C7
7365,BECv10,ESSFwvp,ESSFwvp/00,C6
7366,BECv10,ESSFwvp,ESSFwvp/00,C5
7367,BECv10,ESSFwvp,ESSFwvp/00,C4
7368,BECv10,ESSFwvp,ESSFwvp/00,C3
7369,BECv10,ESSFwvp,ESSFwvp/00,C2
7370,BECv10,ESSFwvp,ESSFwvp/00,C1
7371,BECv10,ESSFwvp,ESSFwvp/00,C0
7372,BECv10,ESSFwvp,ESSFwvp/00,B7
7373,BECv10,ESSFwvp,ESSFwvp/00,B6
7374,BECv10,ESSFwvp,ESSFwvp/00,B5
7375,BECv10,ESSFwvp,ESSFwvp/00,B4
7376,BECv10,ESSFwvp,ESSFwvp/00,B3
7377,BECv10,ESSFwvp,ESSFwvp/00,B2
7378,BECv10,ESSFwvp,ESSFwvp/00,B1
7379,BECv10,ESSFwvp,ESSFwvp/00,B0
7380,BECv10,ESSFwvp,ESSFwvp/00,A7
7381,BECv10,ESSFwvp,ESSFwvp/00,A6
7382,BECv10,ESSFwvp,ESSFwvp/00,A5
7383,BECv10,ESSFwvp,ESSFwvp/00,A4
7384,BECv10,ESSFwvp,ESSFwvp/00,A3
7385,BECv10,ESSFwvp,ESSFwvp/00,A2
7386,BECv10,ESSFwvp,ESSFwvp/00,A1
7387,BECv10,ESSFwvp,ESSFwvp/00,A0
7388,BECv12,ESSFwvw,ESSFwvw/101,C4
7389,BECv12,ESSFwvw,ESSFwvw/101,C3
7390,BECv12,ESSFwvw,ESSFwvw/101,B4
7391,BECv12,ESSFwvw,ESSFwvw/101,B3
7392,BECv12,ESSFwvw,ESSFwvw/102,B1
7393,BECv12,ESSFwvw,ESSFwvw/102,A1
7394,BECv12,ESSFwvw,ESSFwvw/103,B4
7395,BECv12,ESSFwvw,ESSFwvw/103,B3
7396,BECv12,ESSFwvw,ESSFwvw/103,A4
7397,BECv12,ESSFwvw,ESSFwvw/103,A3
7398,BECv12,ESSFwvw,ESSFwvw/103,A2
7399,BECv12,ESSFwvw,ESSFwvw/104,C2
7400,BECv12,ESSFwvw,ESSFwvw/104,C1
7401,BECv12,ESSFwvw,ESSFwvw/104,B2
7402,BECv12,ESSFwvw,ESSFwvw/105,C4
7403,BECv12,ESSFwvw,ESSFwvw/105,C3
7404,BECv12,ESSFwvw,ESSFwvw/105,B4
7405,BECv12,ESSFwvw,ESSFwvw/105,B3
7406,BECv12,ESSFwvw,ESSFwvw/110,E5
7407,BECv12,ESSFwvw,ESSFwvw/110,E4
7408,BECv12,ESSFwvw,ESSFwvw/110,E3
7409,BECv12,ESSFwvw,ESSFwvw/110,D5
7410,BECv12,ESSFwvw,ESSFwvw/110,D4
7411,BECv12,ESSFwvw,ESSFwvw/110,D3
7412,BECv12,ESSFwvw,ESSFwvw/110,C5
7413,BECv12,ESSFwvw,ESSFwvw/110,B5
7414,BECv12,ESSFwvw,ESSFwvw/111,E6
7415,BECv12,ESSFwvw,ESSFwvw/111,D6
7416,BECv12,ESSFwvw,ESSFwvw/111,C6
7417,BECv12,ESSFwvw,ESSFwvw/111,B6
7418,Add_2021,ESSFwvw,ESSFwvw/Ro,A0
7419,Add_2021,ESSFwvw,ESSFwvw/Ro,B0
7420,USA_2019,ESSFxc_CO,ESSFxc_CO/101,D4
7421,USA_2019,ESSFxc_CO,ESSFxc_CO/101,D3
7422,USA_2019,ESSFxc_CO,ESSFxc_CO/101,C4
7423,USA_2019,ESSFxc_CO,ESSFxc_CO/101,C3
7424,USA_2019,ESSFxc_CO,ESSFxc_CO/101,B4
7425,USA_2019,ESSFxc_CO,ESSFxc_CO/101,B3
7426,USA_2019,ESSFxc_CO,ESSFxc_CO/102,D1
7427,USA_2019,ESSFxc_CO,ESSFxc_CO/102,C1
7428,USA_2019,ESSFxc_CO,ESSFxc_CO/102,B1
7429,USA_2019,ESSFxc_CO,ESSFxc_CO/102,A1
7430,USA_2019,ESSFxc_CO,ESSFxc_CO/103,D2
7431,USA_2019,ESSFxc_CO,ESSFxc_CO/103,C2
7432,USA_2019,ESSFxc_CO,ESSFxc_CO/103,B2
7433,USA_2019,ESSFxc_CO,ESSFxc_CO/103,A2
7434,USA_2019,ESSFxc_CO,ESSFxc_CO/110,E5
7435,USA_2019,ESSFxc_CO,ESSFxc_CO/110,D5
7436,USA_2019,ESSFxc_CO,ESSFxc_CO/110,C5
7437,USA_2019,ESSFxc_CO,ESSFxc_CO/110,B5
7438,USA_2019,ESSFxc_CO,ESSFxc_CO/111,E6
7439,USA_2019,ESSFxc_CO,ESSFxc_CO/111,D6
7440,USA_2019,ESSFxc_CO,ESSFxc_CO/111,C6
7441,USA_2019,ESSFxc_CO,ESSFxc_CO/111,B6
7442,Add_2021,ESSFxc_CO,ESSFxc_CO/Ro,A0
7443,Add_2021,ESSFxc_CO,ESSFxc_CO/Ro,B0
7444,USA_2019,ESSFxc_WA,ESSFxc_WA/101,D4
7445,USA_2019,ESSFxc_WA,ESSFxc_WA/101,D3
7446,USA_2019,ESSFxc_WA,ESSFxc_WA/101,C4
7447,USA_2019,ESSFxc_WA,ESSFxc_WA/101,C3
7448,USA_2019,ESSFxc_WA,ESSFxc_WA/101,B4
7449,USA_2019,ESSFxc_WA,ESSFxc_WA/101,B3
7450,USA_2019,ESSFxc_WA,ESSFxc_WA/102,D1
7451,USA_2019,ESSFxc_WA,ESSFxc_WA/102,C1
7452,USA_2019,ESSFxc_WA,ESSFxc_WA/102,B1
7453,USA_2019,ESSFxc_WA,ESSFxc_WA/102,A1
7454,USA_2019,ESSFxc_WA,ESSFxc_WA/103,D2
7455,USA_2019,ESSFxc_WA,ESSFxc_WA/103,C2
7456,USA_2019,ESSFxc_WA,ESSFxc_WA/103,B2
7457,USA_2019,ESSFxc_WA,ESSFxc_WA/103,A2
7458,USA_2019,ESSFxc_WA,ESSFxc_WA/110,E5
7459,USA_2019,ESSFxc_WA,ESSFxc_WA/110,D5
7460,USA_2019,ESSFxc_WA,ESSFxc_WA/110,C5
7461,USA_2019,ESSFxc_WA,ESSFxc_WA/110,B5
7462,USA_2019,ESSFxc_WA,ESSFxc_WA/111,E6
7463,USA_2019,ESSFxc_WA,ESSFxc_WA/111,D6
7464,USA_2019,ESSFxc_WA,ESSFxc_WA/111,C6
7465,USA_2019,ESSFxc_WA,ESSFxc_WA/111,B6
7466,Add_2021,ESSFxc_WA,ESSFxc_WA/Ro,A0
7467,Add_2021,ESSFxc_WA,ESSFxc_WA/Ro,B0
7468,BECv12,ESSFxc1,ESSFxc1/101,D4
7469,BECv12,ESSFxc1,ESSFxc1/101,D3
7470,BECv12,ESSFxc1,ESSFxc1/101,D2
7471,BECv12,ESSFxc1,ESSFxc1/101,C4
7472,BECv12,ESSFxc1,ESSFxc1/101,C3
7473,BECv12,ESSFxc1,ESSFxc1/101,B4
7474,BECv12,ESSFxc1,ESSFxc1/101,B3
7475,BECv12,ESSFxc1,ESSFxc1/102,B1
7476,BECv12,ESSFxc1,ESSFxc1/102,B0
7477,BECv12,ESSFxc1,ESSFxc1/102,A1
7478,BECv12,ESSFxc1,ESSFxc1/102,A0
7479,BECv12,ESSFxc1,ESSFxc1/103,C2
7480,BECv12,ESSFxc1,ESSFxc1/103,C1
7481,BECv12,ESSFxc1,ESSFxc1/103,B2
7482,BECv12,ESSFxc1,ESSFxc1/104,C3
7483,BECv12,ESSFxc1,ESSFxc1/104,C2
7484,BECv12,ESSFxc1,ESSFxc1/104,B3
7485,BECv12,ESSFxc1,ESSFxc1/105,B4
7486,BECv12,ESSFxc1,ESSFxc1/105,B3
7487,BECv12,ESSFxc1,ESSFxc1/105,A4
7488,BECv12,ESSFxc1,ESSFxc1/105,A3
7489,BECv12,ESSFxc1,ESSFxc1/110,D4
7490,BECv12,ESSFxc1,ESSFxc1/110,D3
7491,BECv12,ESSFxc1,ESSFxc1/110,D2
7492,BECv12,ESSFxc1,ESSFxc1/110,C4
7493,BECv12,ESSFxc1,ESSFxc1/110,C3
7494,BECv12,ESSFxc1,ESSFxc1/110,B4
7495,BECv12,ESSFxc1,ESSFxc1/110,B3
7496,BECv12,ESSFxc1,ESSFxc1/111,E7
7497,BECv12,ESSFxc1,ESSFxc1/111,E6
7498,BECv12,ESSFxc1,ESSFxc1/111,D7
7499,BECv12,ESSFxc1,ESSFxc1/111,D6
7500,BECv12,ESSFxc1,ESSFxc1/111,C7
7501,BECv12,ESSFxc1,ESSFxc1/111,C6
7502,BECv12,ESSFxc1,ESSFxc1/112,E5
7503,BECv12,ESSFxc1,ESSFxc1/112,D5
7504,BECv12,ESSFxc1,ESSFxc1/112,C5
7505,BECv12,ESSFxc1,ESSFxc1/113,E5
7506,BECv12,ESSFxc1,ESSFxc1/113,D5
7507,BECv12,ESSFxc1,ESSFxc1/113,C5
7508,BECv10,ESSFxc1,ESSFxc1/Gg,D2
7509,BECv10,ESSFxc1,ESSFxc1/Gg,D1
7510,BECv10,ESSFxc1,ESSFxc1/Gg,C2
7511,BECv10,ESSFxc1,ESSFxc1/Gg,C1
7512,BECv10,ESSFxc1,ESSFxc1/Gg,B2
7513,BECv10,ESSFxc1,ESSFxc1/Gg,B1
7514,BECv10,ESSFxc1,ESSFxc1/Ws08,B7
7515,BECv10,ESSFxc1,ESSFxc1/Ws08,C7
7516,BECv10,ESSFxc1,ESSFxc1/Ws08,D7
7517,BECv10,ESSFxc1,ESSFxc1/Ws08,E7
7518,BECv10,ESSFxc1,ESSFxc1/Ws12,B7
7519,BECv10,ESSFxc1,ESSFxc1/Ws12,C7
7520,BECv10,ESSFxc1,ESSFxc1/Ws12,D7
7521,BECv10,ESSFxc1,ESSFxc1/Ws12,E7
7522,BECv12,ESSFxc2,ESSFxc2/101,D4
7523,BECv12,ESSFxc2,ESSFxc2/101,D3
7524,BECv12,ESSFxc2,ESSFxc2/101,C4
7525,BECv12,ESSFxc2,ESSFxc2/101,C3
7526,BECv12,ESSFxc2,ESSFxc2/101,B4
7527,BECv12,ESSFxc2,ESSFxc2/101,B3
7528,BECv12,ESSFxc2,ESSFxc2/102,C1
7529,BECv12,ESSFxc2,ESSFxc2/102,C0
7530,BECv12,ESSFxc2,ESSFxc2/102,B1
7531,BECv12,ESSFxc2,ESSFxc2/102,B0
7532,BECv12,ESSFxc2,ESSFxc2/102,A1
7533,BECv12,ESSFxc2,ESSFxc2/102,A0
7534,BECv12,ESSFxc2,ESSFxc2/103,C3
7535,BECv12,ESSFxc2,ESSFxc2/103,C2
7536,BECv12,ESSFxc2,ESSFxc2/103,C1
7537,BECv12,ESSFxc2,ESSFxc2/103,B3
7538,BECv12,ESSFxc2,ESSFxc2/103,B2
7539,BECv12,ESSFxc2,ESSFxc2/103,B1
7540,BECv12,ESSFxc2,ESSFxc2/110,D4
7541,BECv12,ESSFxc2,ESSFxc2/110,D3
7542,BECv12,ESSFxc2,ESSFxc2/110,C4
7543,BECv12,ESSFxc2,ESSFxc2/110,C3
7544,BECv12,ESSFxc2,ESSFxc2/110,B4
7545,BECv12,ESSFxc2,ESSFxc2/110,B3
7546,BECv12,ESSFxc2,ESSFxc2/111,E5
7547,BECv12,ESSFxc2,ESSFxc2/111,D5
7548,BECv12,ESSFxc2,ESSFxc2/111,C5
7549,BECv12,ESSFxc2,ESSFxc2/112,E7
7550,BECv12,ESSFxc2,ESSFxc2/112,E6
7551,BECv12,ESSFxc2,ESSFxc2/112,D7
7552,BECv12,ESSFxc2,ESSFxc2/112,D6
7553,BECv12,ESSFxc2,ESSFxc2/112,C7
7554,BECv12,ESSFxc2,ESSFxc2/112,C6
7555,BECv10,ESSFxc2,ESSFxc2/Gg,D3
7556,BECv10,ESSFxc2,ESSFxc2/Gg,D2
7557,BECv10,ESSFxc2,ESSFxc2/Gg,D1
7558,BECv10,ESSFxc2,ESSFxc2/Gg,C3
7559,BECv10,ESSFxc2,ESSFxc2/Gg,C2
7560,BECv10,ESSFxc2,ESSFxc2/Gg,C1
7561,BECv10,ESSFxc2,ESSFxc2/Gg,B2
7562,BECv10,ESSFxc2,ESSFxc2/Gg,B1
7563,BECv12,ESSFxc2,ESSFxc2/Ws08,E7
7564,BECv12,ESSFxc2,ESSFxc2/Ws08,D7
7565,BECv12,ESSFxc2,ESSFxc2/Ws08,C7
7566,BECv12,ESSFxc2,ESSFxc2/Ws08,B6
7567,BECv10,ESSFxc3,ESSFxc3/01,D5
7568,BECv10,ESSFxc3,ESSFxc3/01,D4
7569,BECv10,ESSFxc3,ESSFxc3/01,C5
7570,BECv10,ESSFxc3,ESSFxc3/01,C4
7571,BECv10,ESSFxc3,ESSFxc3/01,B5
7572,BECv10,ESSFxc3,ESSFxc3/01,B4
7573,BECv10,ESSFxc3,ESSFxc3/01,A5
7574,BECv10,ESSFxc3,ESSFxc3/01,A4
7575,BECv10,ESSFxc3,ESSFxc3/02,C2
7576,BECv10,ESSFxc3,ESSFxc3/02,C1
7577,BECv10,ESSFxc3,ESSFxc3/02,C0
7578,BECv10,ESSFxc3,ESSFxc3/02,B2
7579,BECv10,ESSFxc3,ESSFxc3/02,B1
7580,BECv10,ESSFxc3,ESSFxc3/02,B0
7581,BECv10,ESSFxc3,ESSFxc3/02,A2
7582,BECv10,ESSFxc3,ESSFxc3/02,A1
7583,BECv10,ESSFxc3,ESSFxc3/02,A0
7584,BECv10,ESSFxc3,ESSFxc3/03,D2
7585,BECv10,ESSFxc3,ESSFxc3/03,D1
7586,BECv10,ESSFxc3,ESSFxc3/03,C2
7587,BECv10,ESSFxc3,ESSFxc3/03,C1
7588,BECv10,ESSFxc3,ESSFxc3/04,D3
7589,BECv10,ESSFxc3,ESSFxc3/04,D2
7590,BECv10,ESSFxc3,ESSFxc3/04,C3
7591,BECv10,ESSFxc3,ESSFxc3/04,C2
7592,BECv10,ESSFxc3,ESSFxc3/05,D4
7593,BECv10,ESSFxc3,ESSFxc3/05,D3
7594,BECv10,ESSFxc3,ESSFxc3/05,C4
7595,BECv10,ESSFxc3,ESSFxc3/05,C3
7596,BECv10,ESSFxc3,ESSFxc3/05,C2
7597,BECv10,ESSFxc3,ESSFxc3/05,B4
7598,BECv10,ESSFxc3,ESSFxc3/05,B3
7599,BECv10,ESSFxc3,ESSFxc3/05,B2
7600,BECv10,ESSFxc3,ESSFxc3/05,A4
7601,BECv10,ESSFxc3,ESSFxc3/05,A3
7602,BECv10,ESSFxc3,ESSFxc3/05,A2
7603,BECv10,ESSFxc3,ESSFxc3/06,C4
7604,BECv10,ESSFxc3,ESSFxc3/06,C3
7605,BECv10,ESSFxc3,ESSFxc3/06,B4
7606,BECv10,ESSFxc3,ESSFxc3/06,B3
7607,BECv10,ESSFxc3,ESSFxc3/06,A4
7608,BECv10,ESSFxc3,ESSFxc3/06,A3
7609,BECv10,ESSFxc3,ESSFxc3/07,E6
7610,BECv10,ESSFxc3,ESSFxc3/07,E5
7611,BECv10,ESSFxc3,ESSFxc3/07,D6
7612,BECv10,ESSFxc3,ESSFxc3/07,D5
7613,BECv10,ESSFxc3,ESSFxc3/07,C6
7614,BECv10,ESSFxc3,ESSFxc3/07,C5
7615,BECv10,ESSFxc3,ESSFxc3/07,B6
7616,BECv10,ESSFxc3,ESSFxc3/07,B5
7617,BECv10,ESSFxc3,ESSFxc3/08,E6
7618,BECv10,ESSFxc3,ESSFxc3/08,D6
7619,BECv10,ESSFxc3,ESSFxc3/08,C6
7620,BECv10,ESSFxc3,ESSFxc3/08,B6
7621,BECv10,ESSFxc3,ESSFxc3/09,C7
7622,BECv10,ESSFxc3,ESSFxc3/09,C6
7623,BECv10,ESSFxc3,ESSFxc3/09,B7
7624,BECv10,ESSFxc3,ESSFxc3/09,B6
7625,BECv10,ESSFxc3,ESSFxc3/10,D7
7626,BECv10,ESSFxc3,ESSFxc3/10,D6
7627,BECv10,ESSFxc3,ESSFxc3/10,C7
7628,BECv10,ESSFxc3,ESSFxc3/10,C6
7629,BECv10,ESSFxcp,ESSFxcp/00,E7
7630,BECv10,ESSFxcp,ESSFxcp/00,E6
7631,BECv10,ESSFxcp,ESSFxcp/00,E5
7632,BECv10,ESSFxcp,ESSFxcp/00,E4
7633,BECv10,ESSFxcp,ESSFxcp/00,E3
7634,BECv10,ESSFxcp,ESSFxcp/00,E2
7635,BECv10,ESSFxcp,ESSFxcp/00,E1
7636,BECv10,ESSFxcp,ESSFxcp/00,E0
7637,BECv10,ESSFxcp,ESSFxcp/00,D7
7638,BECv10,ESSFxcp,ESSFxcp/00,D6
7639,BECv10,ESSFxcp,ESSFxcp/00,D5
7640,BECv10,ESSFxcp,ESSFxcp/00,D4
7641,BECv10,ESSFxcp,ESSFxcp/00,D3
7642,BECv10,ESSFxcp,ESSFxcp/00,D2
7643,BECv10,ESSFxcp,ESSFxcp/00,D1
7644,BECv10,ESSFxcp,ESSFxcp/00,D0
7645,BECv10,ESSFxcp,ESSFxcp/00,C7
7646,BECv10,ESSFxcp,ESSFxcp/00,C6
7647,BECv10,ESSFxcp,ESSFxcp/00,C5
7648,BECv10,ESSFxcp,ESSFxcp/00,C4
7649,BECv10,ESSFxcp,ESSFxcp/00,C3
7650,BECv10,ESSFxcp,ESSFxcp/00,C2
7651,BECv10,ESSFxcp,ESSFxcp/00,C1
7652,BECv10,ESSFxcp,ESSFxcp/00,C0
7653,BECv10,ESSFxcp,ESSFxcp/00,B7
7654,BECv10,ESSFxcp,ESSFxcp/00,B6
7655,BECv10,ESSFxcp,ESSFxcp/00,B5
7656,BECv10,ESSFxcp,ESSFxcp/00,B4
7657,BECv10,ESSFxcp,ESSFxcp/00,B3
7658,BECv10,ESSFxcp,ESSFxcp/00,B2
7659,BECv10,ESSFxcp,ESSFxcp/00,B1
7660,BECv10,ESSFxcp,ESSFxcp/00,B0
7661,BECv10,ESSFxcp,ESSFxcp/00,A7
7662,BECv10,ESSFxcp,ESSFxcp/00,A6
7663,BECv10,ESSFxcp,ESSFxcp/00,A5
7664,BECv10,ESSFxcp,ESSFxcp/00,A4
7665,BECv10,ESSFxcp,ESSFxcp/00,A3
7666,BECv10,ESSFxcp,ESSFxcp/00,A2
7667,BECv10,ESSFxcp,ESSFxcp/00,A1
7668,BECv10,ESSFxcp,ESSFxcp/00,A0
7669,USA_2019,ESSFxcp_CO,ESSFxcp_CO/00,E6
7670,USA_2019,ESSFxcp_CO,ESSFxcp_CO/00,E5
7671,USA_2019,ESSFxcp_CO,ESSFxcp_CO/00,D6
7672,USA_2019,ESSFxcp_CO,ESSFxcp_CO/00,D5
7673,USA_2019,ESSFxcp_CO,ESSFxcp_CO/00,D4
7674,USA_2019,ESSFxcp_CO,ESSFxcp_CO/00,D3
7675,USA_2019,ESSFxcp_CO,ESSFxcp_CO/00,D2
7676,USA_2019,ESSFxcp_CO,ESSFxcp_CO/00,D1
7677,USA_2019,ESSFxcp_CO,ESSFxcp_CO/00,C6
7678,USA_2019,ESSFxcp_CO,ESSFxcp_CO/00,C5
7679,USA_2019,ESSFxcp_CO,ESSFxcp_CO/00,C4
7680,USA_2019,ESSFxcp_CO,ESSFxcp_CO/00,C3
7681,USA_2019,ESSFxcp_CO,ESSFxcp_CO/00,C2
7682,USA_2019,ESSFxcp_CO,ESSFxcp_CO/00,C1
7683,USA_2019,ESSFxcp_CO,ESSFxcp_CO/00,B6
7684,USA_2019,ESSFxcp_CO,ESSFxcp_CO/00,B5
7685,USA_2019,ESSFxcp_CO,ESSFxcp_CO/00,B4
7686,USA_2019,ESSFxcp_CO,ESSFxcp_CO/00,B3
7687,USA_2019,ESSFxcp_CO,ESSFxcp_CO/00,B2
7688,USA_2019,ESSFxcp_CO,ESSFxcp_CO/00,B1
7689,USA_2019,ESSFxcp_CO,ESSFxcp_CO/00,A2
7690,USA_2019,ESSFxcp_CO,ESSFxcp_CO/00,A1
7691,Add_2021,ESSFxcp_CO,ESSFxcp_CO/Ro,A0
7692,Add_2021,ESSFxcp_CO,ESSFxcp_CO/Ro,B0
7693,USA_2019,ESSFxcp_WA,ESSFxcp_WA/00,E7
7694,USA_2019,ESSFxcp_WA,ESSFxcp_WA/00,E6
7695,USA_2019,ESSFxcp_WA,ESSFxcp_WA/00,E5
7696,USA_2019,ESSFxcp_WA,ESSFxcp_WA/00,E4
7697,USA_2019,ESSFxcp_WA,ESSFxcp_WA/00,E3
7698,USA_2019,ESSFxcp_WA,ESSFxcp_WA/00,E2
7699,USA_2019,ESSFxcp_WA,ESSFxcp_WA/00,E1
7700,USA_2019,ESSFxcp_WA,ESSFxcp_WA/00,E0
7701,USA_2019,ESSFxcp_WA,ESSFxcp_WA/00,D7
7702,USA_2019,ESSFxcp_WA,ESSFxcp_WA/00,D6
7703,USA_2019,ESSFxcp_WA,ESSFxcp_WA/00,D5
7704,USA_2019,ESSFxcp_WA,ESSFxcp_WA/00,D4
7705,USA_2019,ESSFxcp_WA,ESSFxcp_WA/00,D3
7706,USA_2019,ESSFxcp_WA,ESSFxcp_WA/00,D2
7707,USA_2019,ESSFxcp_WA,ESSFxcp_WA/00,D1
7708,USA_2019,ESSFxcp_WA,ESSFxcp_WA/00,D0
7709,USA_2019,ESSFxcp_WA,ESSFxcp_WA/00,C7
7710,USA_2019,ESSFxcp_WA,ESSFxcp_WA/00,C6
7711,USA_2019,ESSFxcp_WA,ESSFxcp_WA/00,C5
7712,USA_2019,ESSFxcp_WA,ESSFxcp_WA/00,C4
7713,USA_2019,ESSFxcp_WA,ESSFxcp_WA/00,C3
7714,USA_2019,ESSFxcp_WA,ESSFxcp_WA/00,C2
7715,USA_2019,ESSFxcp_WA,ESSFxcp_WA/00,C1
7716,USA_2019,ESSFxcp_WA,ESSFxcp_WA/00,C0
7717,USA_2019,ESSFxcp_WA,ESSFxcp_WA/00,B7
7718,USA_2019,ESSFxcp_WA,ESSFxcp_WA/00,B6
7719,USA_2019,ESSFxcp_WA,ESSFxcp_WA/00,B5
7720,USA_2019,ESSFxcp_WA,ESSFxcp_WA/00,B4
7721,USA_2019,ESSFxcp_WA,ESSFxcp_WA/00,B3
7722,USA_2019,ESSFxcp_WA,ESSFxcp_WA/00,B2
7723,USA_2019,ESSFxcp_WA,ESSFxcp_WA/00,B1
7724,USA_2019,ESSFxcp_WA,ESSFxcp_WA/00,B0
7725,USA_2019,ESSFxcp_WA,ESSFxcp_WA/00,A7
7726,USA_2019,ESSFxcp_WA,ESSFxcp_WA/00,A6
7727,USA_2019,ESSFxcp_WA,ESSFxcp_WA/00,A5
7728,USA_2019,ESSFxcp_WA,ESSFxcp_WA/00,A4
7729,USA_2019,ESSFxcp_WA,ESSFxcp_WA/00,A3
7730,USA_2019,ESSFxcp_WA,ESSFxcp_WA/00,A2
7731,USA_2019,ESSFxcp_WA,ESSFxcp_WA/00,A1
7732,USA_2019,ESSFxcp_WA,ESSFxcp_WA/00,A0
7733,BECv12,ESSFxcw,ESSFxcw/101,D4
7734,BECv12,ESSFxcw,ESSFxcw/101,D3
7735,BECv12,ESSFxcw,ESSFxcw/101,C4
7736,BECv12,ESSFxcw,ESSFxcw/101,C3
7737,BECv12,ESSFxcw,ESSFxcw/101,B4
7738,BECv12,ESSFxcw,ESSFxcw/101,B3
7739,BECv12,ESSFxcw,ESSFxcw/102,C1
7740,BECv12,ESSFxcw,ESSFxcw/102,C0
7741,BECv12,ESSFxcw,ESSFxcw/102,B1
7742,BECv12,ESSFxcw,ESSFxcw/102,B0
7743,BECv12,ESSFxcw,ESSFxcw/102,A1
7744,BECv12,ESSFxcw,ESSFxcw/102,A0
7745,BECv12,ESSFxcw,ESSFxcw/103,C3
7746,BECv12,ESSFxcw,ESSFxcw/103,C2
7747,BECv12,ESSFxcw,ESSFxcw/103,C1
7748,BECv12,ESSFxcw,ESSFxcw/103,B3
7749,BECv12,ESSFxcw,ESSFxcw/103,B2
7750,BECv12,ESSFxcw,ESSFxcw/103,B1
7751,BECv12,ESSFxcw,ESSFxcw/110,D4
7752,BECv12,ESSFxcw,ESSFxcw/110,D3
7753,BECv12,ESSFxcw,ESSFxcw/110,C4
7754,BECv12,ESSFxcw,ESSFxcw/110,C3
7755,BECv12,ESSFxcw,ESSFxcw/110,B4
7756,BECv12,ESSFxcw,ESSFxcw/110,B3
7757,BECv12,ESSFxcw,ESSFxcw/111,B5
7758,BECv12,ESSFxcw,ESSFxcw/111,C5
7759,BECv12,ESSFxcw,ESSFxcw/111,D5
7760,BECv12,ESSFxcw,ESSFxcw/112,E6
7761,BECv12,ESSFxcw,ESSFxcw/112,C6
7762,BECv12,ESSFxcw,ESSFxcw/112,D6
7763,BECv12,ESSFxcw,ESSFxcw/112,E7
7764,BECv12,ESSFxcw,ESSFxcw/112,C7
7765,BECv12,ESSFxcw,ESSFxcw/112,D7
7766,BECv10,ESSFxcw,ESSFxcw/Gg,D2
7767,BECv10,ESSFxcw,ESSFxcw/Gg,D1
7768,BECv10,ESSFxcw,ESSFxcw/Gg,C2
7769,BECv10,ESSFxcw,ESSFxcw/Gg,C1
7770,BECv10,ESSFxcw,ESSFxcw/Gg,B2
7771,BECv10,ESSFxcw,ESSFxcw/Gg,B1
7772,USA_2019,ESSFxh_WA,ESSFxh_WA/101,D4
7773,USA_2019,ESSFxh_WA,ESSFxh_WA/101,D3
7774,USA_2019,ESSFxh_WA,ESSFxh_WA/101,C4
7775,USA_2019,ESSFxh_WA,ESSFxh_WA/101,C3
7776,USA_2019,ESSFxh_WA,ESSFxh_WA/101,B4
7777,USA_2019,ESSFxh_WA,ESSFxh_WA/101,B3
7778,USA_2019,ESSFxh_WA,ESSFxh_WA/102,D1
7779,USA_2019,ESSFxh_WA,ESSFxh_WA/102,C1
7780,USA_2019,ESSFxh_WA,ESSFxh_WA/102,B1
7781,USA_2019,ESSFxh_WA,ESSFxh_WA/102,A1
7782,USA_2019,ESSFxh_WA,ESSFxh_WA/103,D2
7783,USA_2019,ESSFxh_WA,ESSFxh_WA/103,C2
7784,USA_2019,ESSFxh_WA,ESSFxh_WA/103,B2
7785,USA_2019,ESSFxh_WA,ESSFxh_WA/103,A2
7786,USA_2019,ESSFxh_WA,ESSFxh_WA/110,E5
7787,USA_2019,ESSFxh_WA,ESSFxh_WA/110,D5
7788,USA_2019,ESSFxh_WA,ESSFxh_WA/110,C5
7789,USA_2019,ESSFxh_WA,ESSFxh_WA/110,B5
7790,USA_2019,ESSFxh_WA,ESSFxh_WA/111,E6
7791,USA_2019,ESSFxh_WA,ESSFxh_WA/111,D6
7792,USA_2019,ESSFxh_WA,ESSFxh_WA/111,C6
7793,USA_2019,ESSFxh_WA,ESSFxh_WA/111,B6
7794,Add_2021,ESSFxh_WA,ESSFxh_WA/Ro,A0
7795,Add_2021,ESSFxh_WA,ESSFxh_WA/Ro,B0
7796,USA_2019,ESSFxk_MT,ESSFxk_MT/101,D4
7797,USA_2019,ESSFxk_MT,ESSFxk_MT/101,D3
7798,USA_2019,ESSFxk_MT,ESSFxk_MT/101,C4
7799,USA_2019,ESSFxk_MT,ESSFxk_MT/101,C3
7800,USA_2019,ESSFxk_MT,ESSFxk_MT/101,B4
7801,USA_2019,ESSFxk_MT,ESSFxk_MT/101,B3
7802,USA_2019,ESSFxk_MT,ESSFxk_MT/102,D1
7803,USA_2019,ESSFxk_MT,ESSFxk_MT/102,C1
7804,USA_2019,ESSFxk_MT,ESSFxk_MT/102,B1
7805,USA_2019,ESSFxk_MT,ESSFxk_MT/102,A1
7806,USA_2019,ESSFxk_MT,ESSFxk_MT/103,D2
7807,USA_2019,ESSFxk_MT,ESSFxk_MT/103,C2
7808,USA_2019,ESSFxk_MT,ESSFxk_MT/103,B2
7809,USA_2019,ESSFxk_MT,ESSFxk_MT/103,A2
7810,USA_2019,ESSFxk_MT,ESSFxk_MT/110,E5
7811,USA_2019,ESSFxk_MT,ESSFxk_MT/110,D5
7812,USA_2019,ESSFxk_MT,ESSFxk_MT/110,C5
7813,USA_2019,ESSFxk_MT,ESSFxk_MT/110,B5
7814,USA_2019,ESSFxk_MT,ESSFxk_MT/111,E6
7815,USA_2019,ESSFxk_MT,ESSFxk_MT/111,D6
7816,USA_2019,ESSFxk_MT,ESSFxk_MT/111,C6
7817,USA_2019,ESSFxk_MT,ESSFxk_MT/111,B6
7818,Add_2021,ESSFxk_MT,ESSFxk_MT/Ro,A0
7819,Add_2021,ESSFxk_MT,ESSFxk_MT/Ro,B0
7820,USA_2019,ESSFxk_UT,ESSFxk_UT/101,D4
7821,USA_2019,ESSFxk_UT,ESSFxk_UT/101,D3
7822,USA_2019,ESSFxk_UT,ESSFxk_UT/101,C4
7823,USA_2019,ESSFxk_UT,ESSFxk_UT/101,C3
7824,USA_2019,ESSFxk_UT,ESSFxk_UT/101,B4
7825,USA_2019,ESSFxk_UT,ESSFxk_UT/101,B3
7826,USA_2019,ESSFxk_UT,ESSFxk_UT/102,D1
7827,USA_2019,ESSFxk_UT,ESSFxk_UT/102,C1
7828,USA_2019,ESSFxk_UT,ESSFxk_UT/102,B1
7829,USA_2019,ESSFxk_UT,ESSFxk_UT/102,A1
7830,USA_2019,ESSFxk_UT,ESSFxk_UT/103,D2
7831,USA_2019,ESSFxk_UT,ESSFxk_UT/103,C2
7832,USA_2019,ESSFxk_UT,ESSFxk_UT/103,B2
7833,USA_2019,ESSFxk_UT,ESSFxk_UT/103,A2
7834,USA_2019,ESSFxk_UT,ESSFxk_UT/110,E5
7835,USA_2019,ESSFxk_UT,ESSFxk_UT/110,D5
7836,USA_2019,ESSFxk_UT,ESSFxk_UT/110,C5
7837,USA_2019,ESSFxk_UT,ESSFxk_UT/110,B5
7838,USA_2019,ESSFxk_UT,ESSFxk_UT/111,E6
7839,USA_2019,ESSFxk_UT,ESSFxk_UT/111,D6
7840,USA_2019,ESSFxk_UT,ESSFxk_UT/111,C6
7841,USA_2019,ESSFxk_UT,ESSFxk_UT/111,B6
7842,Add_2021,ESSFxk_UT,ESSFxk_UT/Ro,A0
7843,Add_2021,ESSFxk_UT,ESSFxk_UT/Ro,B0
7844,USA_2020,ESSFxk_WY,ESSFxk_WY/101,D4
7845,USA_2020,ESSFxk_WY,ESSFxk_WY/101,D3
7846,USA_2020,ESSFxk_WY,ESSFxk_WY/101,C4
7847,USA_2020,ESSFxk_WY,ESSFxk_WY/101,C3
7848,USA_2020,ESSFxk_WY,ESSFxk_WY/101,B4
7849,USA_2020,ESSFxk_WY,ESSFxk_WY/101,B3
7850,USA_2020,ESSFxk_WY,ESSFxk_WY/102,D1
7851,USA_2020,ESSFxk_WY,ESSFxk_WY/102,C1
7852,USA_2020,ESSFxk_WY,ESSFxk_WY/102,B1
7853,USA_2020,ESSFxk_WY,ESSFxk_WY/102,A1
7854,USA_2020,ESSFxk_WY,ESSFxk_WY/103,D2
7855,USA_2020,ESSFxk_WY,ESSFxk_WY/103,C2
7856,USA_2020,ESSFxk_WY,ESSFxk_WY/103,B2
7857,USA_2020,ESSFxk_WY,ESSFxk_WY/103,A2
7858,USA_2020,ESSFxk_WY,ESSFxk_WY/110,E5
7859,USA_2020,ESSFxk_WY,ESSFxk_WY/110,D5
7860,USA_2020,ESSFxk_WY,ESSFxk_WY/110,C5
7861,USA_2020,ESSFxk_WY,ESSFxk_WY/110,B5
7862,USA_2020,ESSFxk_WY,ESSFxk_WY/111,E6
7863,USA_2020,ESSFxk_WY,ESSFxk_WY/111,D6
7864,USA_2020,ESSFxk_WY,ESSFxk_WY/111,C6
7865,USA_2020,ESSFxk_WY,ESSFxk_WY/111,B6
7866,Add_2021,ESSFxk_WY,ESSFxk_WY/Ro,A0
7867,Add_2021,ESSFxk_WY,ESSFxk_WY/Ro,B0
7868,USA_2019,ESSFxkp_MT,ESSFxkp_MT/00,E6
7869,USA_2019,ESSFxkp_MT,ESSFxkp_MT/00,E5
7870,USA_2019,ESSFxkp_MT,ESSFxkp_MT/00,D6
7871,USA_2019,ESSFxkp_MT,ESSFxkp_MT/00,D5
7872,USA_2019,ESSFxkp_MT,ESSFxkp_MT/00,D4
7873,USA_2019,ESSFxkp_MT,ESSFxkp_MT/00,D3
7874,USA_2019,ESSFxkp_MT,ESSFxkp_MT/00,D2
7875,USA_2019,ESSFxkp_MT,ESSFxkp_MT/00,D1
7876,USA_2019,ESSFxkp_MT,ESSFxkp_MT/00,C6
7877,USA_2019,ESSFxkp_MT,ESSFxkp_MT/00,C5
7878,USA_2019,ESSFxkp_MT,ESSFxkp_MT/00,C4
7879,USA_2019,ESSFxkp_MT,ESSFxkp_MT/00,C3
7880,USA_2019,ESSFxkp_MT,ESSFxkp_MT/00,C2
7881,USA_2019,ESSFxkp_MT,ESSFxkp_MT/00,C1
7882,USA_2019,ESSFxkp_MT,ESSFxkp_MT/00,B6
7883,USA_2019,ESSFxkp_MT,ESSFxkp_MT/00,B5
7884,USA_2019,ESSFxkp_MT,ESSFxkp_MT/00,B4
7885,USA_2019,ESSFxkp_MT,ESSFxkp_MT/00,B3
7886,USA_2019,ESSFxkp_MT,ESSFxkp_MT/00,B2
7887,USA_2019,ESSFxkp_MT,ESSFxkp_MT/00,B1
7888,USA_2019,ESSFxkp_MT,ESSFxkp_MT/00,A2
7889,USA_2019,ESSFxkp_MT,ESSFxkp_MT/00,A1
7890,Add_2021,ESSFxkp_MT,ESSFxkp_MT/Ro,A0
7891,Add_2021,ESSFxkp_MT,ESSFxkp_MT/Ro,B0
7892,USA_2019,ESSFxkp_UT,ESSFxkp_UT/00,E6
7893,USA_2019,ESSFxkp_UT,ESSFxkp_UT/00,E5
7894,USA_2019,ESSFxkp_UT,ESSFxkp_UT/00,D6
7895,USA_2019,ESSFxkp_UT,ESSFxkp_UT/00,D5
7896,USA_2019,ESSFxkp_UT,ESSFxkp_UT/00,D4
7897,USA_2019,ESSFxkp_UT,ESSFxkp_UT/00,D3
7898,USA_2019,ESSFxkp_UT,ESSFxkp_UT/00,D2
7899,USA_2019,ESSFxkp_UT,ESSFxkp_UT/00,D1
7900,USA_2019,ESSFxkp_UT,ESSFxkp_UT/00,C6
7901,USA_2019,ESSFxkp_UT,ESSFxkp_UT/00,C5
7902,USA_2019,ESSFxkp_UT,ESSFxkp_UT/00,C4
7903,USA_2019,ESSFxkp_UT,ESSFxkp_UT/00,C3
7904,USA_2019,ESSFxkp_UT,ESSFxkp_UT/00,C2
7905,USA_2019,ESSFxkp_UT,ESSFxkp_UT/00,C1
7906,USA_2019,ESSFxkp_UT,ESSFxkp_UT/00,B6
7907,USA_2019,ESSFxkp_UT,ESSFxkp_UT/00,B5
7908,USA_2019,ESSFxkp_UT,ESSFxkp_UT/00,B4
7909,USA_2019,ESSFxkp_UT,ESSFxkp_UT/00,B3
7910,USA_2019,ESSFxkp_UT,ESSFxkp_UT/00,B2
7911,USA_2019,ESSFxkp_UT,ESSFxkp_UT/00,B1
7912,USA_2019,ESSFxkp_UT,ESSFxkp_UT/00,A2
7913,USA_2019,ESSFxkp_UT,ESSFxkp_UT/00,A1
7914,Add_2021,ESSFxkp_UT,ESSFxkp_UT/Ro,A0
7915,Add_2021,ESSFxkp_UT,ESSFxkp_UT/Ro,B0
7916,USA_2020,ESSFxkp_WY,ESSFxkp_WY/00,E6
7917,USA_2020,ESSFxkp_WY,ESSFxkp_WY/00,E5
7918,USA_2020,ESSFxkp_WY,ESSFxkp_WY/00,D6
7919,USA_2020,ESSFxkp_WY,ESSFxkp_WY/00,D5
7920,USA_2020,ESSFxkp_WY,ESSFxkp_WY/00,D4
7921,USA_2020,ESSFxkp_WY,ESSFxkp_WY/00,D3
7922,USA_2020,ESSFxkp_WY,ESSFxkp_WY/00,D2
7923,USA_2020,ESSFxkp_WY,ESSFxkp_WY/00,D1
7924,USA_2020,ESSFxkp_WY,ESSFxkp_WY/00,C6
7925,USA_2020,ESSFxkp_WY,ESSFxkp_WY/00,C5
7926,USA_2020,ESSFxkp_WY,ESSFxkp_WY/00,C4
7927,USA_2020,ESSFxkp_WY,ESSFxkp_WY/00,C3
7928,USA_2020,ESSFxkp_WY,ESSFxkp_WY/00,C2
7929,USA_2020,ESSFxkp_WY,ESSFxkp_WY/00,C1
7930,USA_2020,ESSFxkp_WY,ESSFxkp_WY/00,B6
7931,USA_2020,ESSFxkp_WY,ESSFxkp_WY/00,B5
7932,USA_2020,ESSFxkp_WY,ESSFxkp_WY/00,B4
7933,USA_2020,ESSFxkp_WY,ESSFxkp_WY/00,B3
7934,USA_2020,ESSFxkp_WY,ESSFxkp_WY/00,B2
7935,USA_2020,ESSFxkp_WY,ESSFxkp_WY/00,B1
7936,USA_2020,ESSFxkp_WY,ESSFxkp_WY/00,A2
7937,USA_2020,ESSFxkp_WY,ESSFxkp_WY/00,A1
7938,Add_2021,ESSFxkp_WY,ESSFxkp_WY/Ro,A0
7939,Add_2021,ESSFxkp_WY,ESSFxkp_WY/Ro,B0
7940,BECv10,ESSFxv1,ESSFxv1/01,D4
7941,BECv10,ESSFxv1,ESSFxv1/01,D3
7942,BECv10,ESSFxv1,ESSFxv1/01,C4
7943,BECv10,ESSFxv1,ESSFxv1/01,C3
7944,BECv10,ESSFxv1,ESSFxv1/01,B4
7945,BECv10,ESSFxv1,ESSFxv1/02,D2
7946,BECv10,ESSFxv1,ESSFxv1/02,D1
7947,BECv10,ESSFxv1,ESSFxv1/02,D0
7948,BECv10,ESSFxv1,ESSFxv1/02,C2
7949,BECv10,ESSFxv1,ESSFxv1/02,C1
7950,BECv10,ESSFxv1,ESSFxv1/02,C0
7951,BECv10,ESSFxv1,ESSFxv1/02,B2
7952,BECv10,ESSFxv1,ESSFxv1/02,B1
7953,BECv10,ESSFxv1,ESSFxv1/02,B0
7954,BECv10,ESSFxv1,ESSFxv1/02,A1
7955,BECv10,ESSFxv1,ESSFxv1/02,A0
7956,BECv10,ESSFxv1,ESSFxv1/03,B2
7957,BECv10,ESSFxv1,ESSFxv1/03,B1
7958,BECv10,ESSFxv1,ESSFxv1/03,A2
7959,BECv10,ESSFxv1,ESSFxv1/03,A1
7960,BECv10,ESSFxv1,ESSFxv1/04,D3
7961,BECv10,ESSFxv1,ESSFxv1/04,D2
7962,BECv10,ESSFxv1,ESSFxv1/04,C3
7963,BECv10,ESSFxv1,ESSFxv1/04,C2
7964,BECv10,ESSFxv1,ESSFxv1/04,B3
7965,BECv10,ESSFxv1,ESSFxv1/04,B2
7966,BECv10,ESSFxv1,ESSFxv1/05,D3
7967,BECv10,ESSFxv1,ESSFxv1/05,D2
7968,BECv10,ESSFxv1,ESSFxv1/05,C3
7969,BECv10,ESSFxv1,ESSFxv1/05,C2
7970,BECv10,ESSFxv1,ESSFxv1/05,B3
7971,BECv10,ESSFxv1,ESSFxv1/05,B2
7972,BECv10,ESSFxv1,ESSFxv1/06,C4
7973,BECv10,ESSFxv1,ESSFxv1/06,C3
7974,BECv10,ESSFxv1,ESSFxv1/06,B4
7975,BECv10,ESSFxv1,ESSFxv1/06,B3
7976,BECv10,ESSFxv1,ESSFxv1/07,D5
7977,BECv10,ESSFxv1,ESSFxv1/07,D4
7978,BECv10,ESSFxv1,ESSFxv1/07,C6
7979,BECv10,ESSFxv1,ESSFxv1/07,C5
7980,BECv10,ESSFxv1,ESSFxv1/07,C4
7981,BECv10,ESSFxv1,ESSFxv1/07,B6
7982,BECv10,ESSFxv1,ESSFxv1/07,B5
7983,BECv10,ESSFxv1,ESSFxv1/07,B4
7984,BECv10,ESSFxv1,ESSFxv1/08,D7
7985,BECv10,ESSFxv1,ESSFxv1/08,D6
7986,BECv10,ESSFxv1,ESSFxv1/08,C7
7987,BECv10,ESSFxv1,ESSFxv1/08,C6
7988,BECv10,ESSFxv1,ESSFxv1/08,B7
7989,BECv10,ESSFxv1,ESSFxv1/08,B6
7990,BECv10,ESSFxv1,ESSFxv1/09,E7
7991,BECv10,ESSFxv1,ESSFxv1/09,E6
7992,BECv10,ESSFxv1,ESSFxv1/09,D7
7993,BECv10,ESSFxv1,ESSFxv1/09,D6
7994,BECv10,ESSFxv2,ESSFxv2/01,D4
7995,BECv10,ESSFxv2,ESSFxv2/01,D3
7996,BECv10,ESSFxv2,ESSFxv2/01,C4
7997,BECv10,ESSFxv2,ESSFxv2/01,B4
7998,BECv10,ESSFxv2,ESSFxv2/02,C2
7999,BECv10,ESSFxv2,ESSFxv2/02,C1
8000,BECv10,ESSFxv2,ESSFxv2/02,B2
8001,BECv10,ESSFxv2,ESSFxv2/02,B1
8002,BECv10,ESSFxv2,ESSFxv2/02,A2
8003,BECv10,ESSFxv2,ESSFxv2/02,A1
8004,BECv10,ESSFxv2,ESSFxv2/03,D2
8005,BECv10,ESSFxv2,ESSFxv2/03,D1
8006,BECv10,ESSFxv2,ESSFxv2/03,C2
8007,BECv10,ESSFxv2,ESSFxv2/03,C1
8008,BECv10,ESSFxv2,ESSFxv2/04,D3
8009,BECv10,ESSFxv2,ESSFxv2/04,C3
8010,BECv10,ESSFxv2,ESSFxv2/04,B3
8011,BECv10,ESSFxv2,ESSFxv2/05,C4
8012,BECv10,ESSFxv2,ESSFxv2/05,C3
8013,BECv10,ESSFxv2,ESSFxv2/05,B4
8014,BECv10,ESSFxv2,ESSFxv2/05,B3
8015,BECv10,ESSFxv2,ESSFxv2/06,C4
8016,BECv10,ESSFxv2,ESSFxv2/06,C3
8017,BECv10,ESSFxv2,ESSFxv2/06,B4
8018,BECv10,ESSFxv2,ESSFxv2/06,B3
8019,BECv10,ESSFxv2,ESSFxv2/07,D5
8020,BECv10,ESSFxv2,ESSFxv2/07,C5
8021,BECv10,ESSFxv2,ESSFxv2/07,B5
8022,BECv10,ESSFxv2,ESSFxv2/08,D6
8023,BECv10,ESSFxv2,ESSFxv2/08,C6
8024,BECv10,ESSFxv2,ESSFxv2/08,B6
8025,BECv10,ESSFxv2,ESSFxv2/09,C7
8026,BECv10,ESSFxv2,ESSFxv2/09,C6
8027,BECv10,ESSFxv2,ESSFxv2/09,B7
8028,BECv10,ESSFxv2,ESSFxv2/09,B6
8029,BECv10,ESSFxv2,ESSFxv2/09,A7
8030,BECv10,ESSFxv2,ESSFxv2/09,A6
8031,BECv10,ESSFxv2,ESSFxv2/10,E7
8032,BECv10,ESSFxv2,ESSFxv2/10,E6
8033,BECv10,ESSFxv2,ESSFxv2/10,D7
8034,BECv10,ESSFxv2,ESSFxv2/10,D6
8035,BECv10,ESSFxv2,ESSFxv2/10,C7
8036,BECv10,ESSFxv2,ESSFxv2/10,C6
8037,Add_2021,ESSFxv2,ESSFxv2/Ro,A0
8038,Add_2021,ESSFxv2,ESSFxv2/Ro,B0
8039,BECv10,ESSFxvp,ESSFxvp/00,E7
8040,BECv10,ESSFxvp,ESSFxvp/00,E6
8041,BECv10,ESSFxvp,ESSFxvp/00,E5
8042,BECv10,ESSFxvp,ESSFxvp/00,E4
8043,BECv10,ESSFxvp,ESSFxvp/00,E3
8044,BECv10,ESSFxvp,ESSFxvp/00,E2
8045,BECv10,ESSFxvp,ESSFxvp/00,E1
8046,BECv10,ESSFxvp,ESSFxvp/00,E0
8047,BECv10,ESSFxvp,ESSFxvp/00,D7
8048,BECv10,ESSFxvp,ESSFxvp/00,D6
8049,BECv10,ESSFxvp,ESSFxvp/00,D5
8050,BECv10,ESSFxvp,ESSFxvp/00,D4
8051,BECv10,ESSFxvp,ESSFxvp/00,D3
8052,BECv10,ESSFxvp,ESSFxvp/00,D2
8053,BECv10,ESSFxvp,ESSFxvp/00,D1
8054,BECv10,ESSFxvp,ESSFxvp/00,D0
8055,BECv10,ESSFxvp,ESSFxvp/00,C7
8056,BECv10,ESSFxvp,ESSFxvp/00,C6
8057,BECv10,ESSFxvp,ESSFxvp/00,C5
8058,BECv10,ESSFxvp,ESSFxvp/00,C4
8059,BECv10,ESSFxvp,ESSFxvp/00,C3
8060,BECv10,ESSFxvp,ESSFxvp/00,C2
8061,BECv10,ESSFxvp,ESSFxvp/00,C1
8062,BECv10,ESSFxvp,ESSFxvp/00,C0
8063,BECv10,ESSFxvp,ESSFxvp/00,B7
8064,BECv10,ESSFxvp,ESSFxvp/00,B6
8065,BECv10,ESSFxvp,ESSFxvp/00,B5
8066,BECv10,ESSFxvp,ESSFxvp/00,B4
8067,BECv10,ESSFxvp,ESSFxvp/00,B3
8068,BECv10,ESSFxvp,ESSFxvp/00,B2
8069,BECv10,ESSFxvp,ESSFxvp/00,B1
8070,BECv10,ESSFxvp,ESSFxvp/00,B0
8071,BECv10,ESSFxvp,ESSFxvp/00,A7
8072,BECv10,ESSFxvp,ESSFxvp/00,A6
8073,BECv10,ESSFxvp,ESSFxvp/00,A5
8074,BECv10,ESSFxvp,ESSFxvp/00,A4
8075,BECv10,ESSFxvp,ESSFxvp/00,A3
8076,BECv10,ESSFxvp,ESSFxvp/00,A2
8077,BECv10,ESSFxvp,ESSFxvp/00,A1
8078,BECv10,ESSFxvp,ESSFxvp/00,A0
8079,BECv10,ESSFxvw,ESSFxvw/01,D4
8080,BECv10,ESSFxvw,ESSFxvw/01,D3
8081,BECv10,ESSFxvw,ESSFxvw/01,C4
8082,BECv10,ESSFxvw,ESSFxvw/01,C3
8083,BECv10,ESSFxvw,ESSFxvw/01,B4
8084,BECv10,ESSFxvw,ESSFxvw/02,D2
8085,BECv10,ESSFxvw,ESSFxvw/02,D1
8086,BECv10,ESSFxvw,ESSFxvw/02,D0
8087,BECv10,ESSFxvw,ESSFxvw/02,C2
8088,BECv10,ESSFxvw,ESSFxvw/02,C1
8089,BECv10,ESSFxvw,ESSFxvw/02,C0
8090,BECv10,ESSFxvw,ESSFxvw/02,B2
8091,BECv10,ESSFxvw,ESSFxvw/02,B1
8092,BECv10,ESSFxvw,ESSFxvw/02,B0
8093,BECv10,ESSFxvw,ESSFxvw/02,A1
8094,BECv10,ESSFxvw,ESSFxvw/02,A0
8095,BECv10,ESSFxvw,ESSFxvw/03,B2
8096,BECv10,ESSFxvw,ESSFxvw/03,B1
8097,BECv10,ESSFxvw,ESSFxvw/03,A2
8098,BECv10,ESSFxvw,ESSFxvw/03,A1
8099,BECv10,ESSFxvw,ESSFxvw/04,D3
8100,BECv10,ESSFxvw,ESSFxvw/04,D2
8101,BECv10,ESSFxvw,ESSFxvw/04,C3
8102,BECv10,ESSFxvw,ESSFxvw/04,C2
8103,BECv10,ESSFxvw,ESSFxvw/04,B3
8104,BECv10,ESSFxvw,ESSFxvw/04,B2
8105,BECv10,ESSFxvw,ESSFxvw/05,D3
8106,BECv10,ESSFxvw,ESSFxvw/05,D2
8107,BECv10,ESSFxvw,ESSFxvw/05,C3
8108,BECv10,ESSFxvw,ESSFxvw/05,C2
8109,BECv10,ESSFxvw,ESSFxvw/05,B3
8110,BECv10,ESSFxvw,ESSFxvw/05,B2
8111,BECv10,ESSFxvw,ESSFxvw/06,C4
8112,BECv10,ESSFxvw,ESSFxvw/06,C3
8113,BECv10,ESSFxvw,ESSFxvw/06,B4
8114,BECv10,ESSFxvw,ESSFxvw/06,B3
8115,BECv10,ESSFxvw,ESSFxvw/07,D5
8116,BECv10,ESSFxvw,ESSFxvw/07,D4
8117,BECv10,ESSFxvw,ESSFxvw/07,C6
8118,BECv10,ESSFxvw,ESSFxvw/07,C5
8119,BECv10,ESSFxvw,ESSFxvw/07,C4
8120,BECv10,ESSFxvw,ESSFxvw/07,B6
8121,BECv10,ESSFxvw,ESSFxvw/07,B5
8122,BECv10,ESSFxvw,ESSFxvw/07,B4
8123,BECv10,ESSFxvw,ESSFxvw/08,D7
8124,BECv10,ESSFxvw,ESSFxvw/08,D6
8125,BECv10,ESSFxvw,ESSFxvw/08,C7
8126,BECv10,ESSFxvw,ESSFxvw/08,C6
8127,BECv10,ESSFxvw,ESSFxvw/08,B7
8128,BECv10,ESSFxvw,ESSFxvw/08,B6
8129,BECv10,ESSFxvw,ESSFxvw/09,E7
8130,BECv10,ESSFxvw,ESSFxvw/09,E6
8131,BECv10,ESSFxvw,ESSFxvw/09,D7
8132,BECv10,ESSFxvw,ESSFxvw/09,D6
8133,BECv10,ESSFxvw,ESSFxvw/10,E7
8134,BECv10,ESSFxvw,ESSFxvw/10,E6
8135,BECv10,ESSFxvw,ESSFxvw/10,D7
8136,BECv10,ESSFxvw,ESSFxvw/10,D6
8137,BECv10,ESSFxvw,ESSFxvw/10,C7
8138,BECv10,ESSFxvw,ESSFxvw/10,C6
8139,USA_2019,ESSFxw_OR,ESSFxw_OR/101,D4
8140,USA_2019,ESSFxw_OR,ESSFxw_OR/101,D3
8141,USA_2019,ESSFxw_OR,ESSFxw_OR/101,C4
8142,USA_2019,ESSFxw_OR,ESSFxw_OR/101,C3
8143,USA_2019,ESSFxw_OR,ESSFxw_OR/101,B4
8144,USA_2019,ESSFxw_OR,ESSFxw_OR/101,B3
8145,USA_2019,ESSFxw_OR,ESSFxw_OR/102,D1
8146,USA_2019,ESSFxw_OR,ESSFxw_OR/102,C1
8147,USA_2019,ESSFxw_OR,ESSFxw_OR/102,B1
8148,USA_2019,ESSFxw_OR,ESSFxw_OR/102,A1
8149,USA_2019,ESSFxw_OR,ESSFxw_OR/103,D2
8150,USA_2019,ESSFxw_OR,ESSFxw_OR/103,C2
8151,USA_2019,ESSFxw_OR,ESSFxw_OR/103,B2
8152,USA_2019,ESSFxw_OR,ESSFxw_OR/103,A2
8153,USA_2019,ESSFxw_OR,ESSFxw_OR/110,E5
8154,USA_2019,ESSFxw_OR,ESSFxw_OR/110,D5
8155,USA_2019,ESSFxw_OR,ESSFxw_OR/110,C5
8156,USA_2019,ESSFxw_OR,ESSFxw_OR/110,B5
8157,USA_2019,ESSFxw_OR,ESSFxw_OR/111,E6
8158,USA_2019,ESSFxw_OR,ESSFxw_OR/111,D6
8159,USA_2019,ESSFxw_OR,ESSFxw_OR/111,C6
8160,USA_2019,ESSFxw_OR,ESSFxw_OR/111,B6
8161,Add_2021,ESSFxw_OR,ESSFxw_OR/Ro,A0
8162,Add_2021,ESSFxw_OR,ESSFxw_OR/Ro,B0
8163,USA_2019,ESSFxwp_OR,ESSFxwp_OR/00,E7
8164,USA_2019,ESSFxwp_OR,ESSFxwp_OR/00,E6
8165,USA_2019,ESSFxwp_OR,ESSFxwp_OR/00,E5
8166,USA_2019,ESSFxwp_OR,ESSFxwp_OR/00,E4
8167,USA_2019,ESSFxwp_OR,ESSFxwp_OR/00,E3
8168,USA_2019,ESSFxwp_OR,ESSFxwp_OR/00,E2
8169,USA_2019,ESSFxwp_OR,ESSFxwp_OR/00,E1
8170,USA_2019,ESSFxwp_OR,ESSFxwp_OR/00,E0
8171,USA_2019,ESSFxwp_OR,ESSFxwp_OR/00,D7
8172,USA_2019,ESSFxwp_OR,ESSFxwp_OR/00,D6
8173,USA_2019,ESSFxwp_OR,ESSFxwp_OR/00,D5
8174,USA_2019,ESSFxwp_OR,ESSFxwp_OR/00,D4
8175,USA_2019,ESSFxwp_OR,ESSFxwp_OR/00,D3
8176,USA_2019,ESSFxwp_OR,ESSFxwp_OR/00,D2
8177,USA_2019,ESSFxwp_OR,ESSFxwp_OR/00,D1
8178,USA_2019,ESSFxwp_OR,ESSFxwp_OR/00,D0
8179,USA_2019,ESSFxwp_OR,ESSFxwp_OR/00,C7
8180,USA_2019,ESSFxwp_OR,ESSFxwp_OR/00,C6
8181,USA_2019,ESSFxwp_OR,ESSFxwp_OR/00,C5
8182,USA_2019,ESSFxwp_OR,ESSFxwp_OR/00,C4
8183,USA_2019,ESSFxwp_OR,ESSFxwp_OR/00,C3
8184,USA_2019,ESSFxwp_OR,ESSFxwp_OR/00,C2
8185,USA_2019,ESSFxwp_OR,ESSFxwp_OR/00,C1
8186,USA_2019,ESSFxwp_OR,ESSFxwp_OR/00,C0
8187,USA_2019,ESSFxwp_OR,ESSFxwp_OR/00,B7
8188,USA_2019,ESSFxwp_OR,ESSFxwp_OR/00,B6
8189,USA_2019,ESSFxwp_OR,ESSFxwp_OR/00,B5
8190,USA_2019,ESSFxwp_OR,ESSFxwp_OR/00,B4
8191,USA_2019,ESSFxwp_OR,ESSFxwp_OR/00,B3
8192,USA_2019,ESSFxwp_OR,ESSFxwp_OR/00,B2
8193,USA_2019,ESSFxwp_OR,ESSFxwp_OR/00,B1
8194,USA_2019,ESSFxwp_OR,ESSFxwp_OR/00,B0
8195,USA_2019,ESSFxwp_OR,ESSFxwp_OR/00,A7
8196,USA_2019,ESSFxwp_OR,ESSFxwp_OR/00,A6
8197,USA_2019,ESSFxwp_OR,ESSFxwp_OR/00,A5
8198,USA_2019,ESSFxwp_OR,ESSFxwp_OR/00,A4
8199,USA_2019,ESSFxwp_OR,ESSFxwp_OR/00,A3
8200,USA_2019,ESSFxwp_OR,ESSFxwp_OR/00,A2
8201,USA_2019,ESSFxwp_OR,ESSFxwp_OR/00,A1
8202,USA_2019,ESSFxwp_OR,ESSFxwp_OR/00,A0
8203,USA_2020,ESSFxx_WY,ESSFxx_WY/101,D4
8204,USA_2020,ESSFxx_WY,ESSFxx_WY/101,D3
8205,USA_2020,ESSFxx_WY,ESSFxx_WY/101,C4
8206,USA_2020,ESSFxx_WY,ESSFxx_WY/101,C3
8207,USA_2020,ESSFxx_WY,ESSFxx_WY/101,B4
8208,USA_2020,ESSFxx_WY,ESSFxx_WY/101,B3
8209,USA_2020,ESSFxx_WY,ESSFxx_WY/102,D1
8210,USA_2020,ESSFxx_WY,ESSFxx_WY/102,C1
8211,USA_2020,ESSFxx_WY,ESSFxx_WY/102,B1
8212,USA_2020,ESSFxx_WY,ESSFxx_WY/102,A1
8213,USA_2020,ESSFxx_WY,ESSFxx_WY/103,D2
8214,USA_2020,ESSFxx_WY,ESSFxx_WY/103,C2
8215,USA_2020,ESSFxx_WY,ESSFxx_WY/103,B2
8216,USA_2020,ESSFxx_WY,ESSFxx_WY/103,A2
8217,USA_2020,ESSFxx_WY,ESSFxx_WY/110,E5
8218,USA_2020,ESSFxx_WY,ESSFxx_WY/110,D5
8219,USA_2020,ESSFxx_WY,ESSFxx_WY/110,C5
8220,USA_2020,ESSFxx_WY,ESSFxx_WY/110,B5
8221,USA_2020,ESSFxx_WY,ESSFxx_WY/111,E6
8222,USA_2020,ESSFxx_WY,ESSFxx_WY/111,D6
8223,USA_2020,ESSFxx_WY,ESSFxx_WY/111,C6
8224,USA_2020,ESSFxx_WY,ESSFxx_WY/111,B6
8225,Add_2021,ESSFxx_WY,ESSFxx_WY/Ro,A0
8226,Add_2021,ESSFxx_WY,ESSFxx_WY/Ro,B0
8227,USA_2020,ESSFxxp_WY,ESSFxxp_WY/00,E6
8228,USA_2020,ESSFxxp_WY,ESSFxxp_WY/00,E5
8229,USA_2020,ESSFxxp_WY,ESSFxxp_WY/00,D6
8230,USA_2020,ESSFxxp_WY,ESSFxxp_WY/00,D5
8231,USA_2020,ESSFxxp_WY,ESSFxxp_WY/00,D4
8232,USA_2020,ESSFxxp_WY,ESSFxxp_WY/00,D3
8233,USA_2020,ESSFxxp_WY,ESSFxxp_WY/00,D2
8234,USA_2020,ESSFxxp_WY,ESSFxxp_WY/00,D1
8235,USA_2020,ESSFxxp_WY,ESSFxxp_WY/00,C6
8236,USA_2020,ESSFxxp_WY,ESSFxxp_WY/00,C5
8237,USA_2020,ESSFxxp_WY,ESSFxxp_WY/00,C4
8238,USA_2020,ESSFxxp_WY,ESSFxxp_WY/00,C3
8239,USA_2020,ESSFxxp_WY,ESSFxxp_WY/00,C2
8240,USA_2020,ESSFxxp_WY,ESSFxxp_WY/00,C1
8241,USA_2020,ESSFxxp_WY,ESSFxxp_WY/00,B6
8242,USA_2020,ESSFxxp_WY,ESSFxxp_WY/00,B5
8243,USA_2020,ESSFxxp_WY,ESSFxxp_WY/00,B4
8244,USA_2020,ESSFxxp_WY,ESSFxxp_WY/00,B3
8245,USA_2020,ESSFxxp_WY,ESSFxxp_WY/00,B2
8246,USA_2020,ESSFxxp_WY,ESSFxxp_WY/00,B1
8247,USA_2020,ESSFxxp_WY,ESSFxxp_WY/00,A2
8248,USA_2020,ESSFxxp_WY,ESSFxxp_WY/00,A1
8249,Add_2021,ESSFxxp_WY,ESSFxxp_WY/Ro,A0
8250,Add_2021,ESSFxxp_WY,ESSFxxp_WY/Ro,B0
8251,AB_2018,FGff,FGff/00,E7
8252,AB_2018,FGff,FGff/00,E6
8253,AB_2018,FGff,FGff/00,E5
8254,AB_2018,FGff,FGff/00,E4
8255,AB_2018,FGff,FGff/00,E3
8256,AB_2018,FGff,FGff/00,E2
8257,AB_2018,FGff,FGff/00,E1
8258,AB_2018,FGff,FGff/00,E0
8259,AB_2018,FGff,FGff/00,D7
8260,AB_2018,FGff,FGff/00,D6
8261,AB_2018,FGff,FGff/00,D5
8262,AB_2018,FGff,FGff/00,D4
8263,AB_2018,FGff,FGff/00,D3
8264,AB_2018,FGff,FGff/00,D2
8265,AB_2018,FGff,FGff/00,D1
8266,AB_2018,FGff,FGff/00,D0
8267,AB_2018,FGff,FGff/00,C7
8268,AB_2018,FGff,FGff/00,C6
8269,AB_2018,FGff,FGff/00,C5
8270,AB_2018,FGff,FGff/00,C4
8271,AB_2018,FGff,FGff/00,C3
8272,AB_2018,FGff,FGff/00,C2
8273,AB_2018,FGff,FGff/00,C1
8274,AB_2018,FGff,FGff/00,C0
8275,AB_2018,FGff,FGff/00,B7
8276,AB_2018,FGff,FGff/00,B6
8277,AB_2018,FGff,FGff/00,B5
8278,AB_2018,FGff,FGff/00,B4
8279,AB_2018,FGff,FGff/00,B3
8280,AB_2018,FGff,FGff/00,B2
8281,AB_2018,FGff,FGff/00,B1
8282,AB_2018,FGff,FGff/00,B0
8283,AB_2018,FGff,FGff/00,A7
8284,AB_2018,FGff,FGff/00,A6
8285,AB_2018,FGff,FGff/00,A5
8286,AB_2018,FGff,FGff/00,A4
8287,AB_2018,FGff,FGff/00,A3
8288,AB_2018,FGff,FGff/00,A2
8289,AB_2018,FGff,FGff/00,A1
8290,AB_2018,FGff,FGff/00,A0
8291,AB_2018,FGnf,FGnf/00,E7
8292,AB_2018,FGnf,FGnf/00,E6
8293,AB_2018,FGnf,FGnf/00,E5
8294,AB_2018,FGnf,FGnf/00,E4
8295,AB_2018,FGnf,FGnf/00,E3
8296,AB_2018,FGnf,FGnf/00,E2
8297,AB_2018,FGnf,FGnf/00,E1
8298,AB_2018,FGnf,FGnf/00,E0
8299,AB_2018,FGnf,FGnf/00,D7
8300,AB_2018,FGnf,FGnf/00,D6
8301,AB_2018,FGnf,FGnf/00,D5
8302,AB_2018,FGnf,FGnf/00,D4
8303,AB_2018,FGnf,FGnf/00,D3
8304,AB_2018,FGnf,FGnf/00,D2
8305,AB_2018,FGnf,FGnf/00,D1
8306,AB_2018,FGnf,FGnf/00,D0
8307,AB_2018,FGnf,FGnf/00,C7
8308,AB_2018,FGnf,FGnf/00,C6
8309,AB_2018,FGnf,FGnf/00,C5
8310,AB_2018,FGnf,FGnf/00,C4
8311,AB_2018,FGnf,FGnf/00,C3
8312,AB_2018,FGnf,FGnf/00,C2
8313,AB_2018,FGnf,FGnf/00,C1
8314,AB_2018,FGnf,FGnf/00,C0
8315,AB_2018,FGnf,FGnf/00,B7
8316,AB_2018,FGnf,FGnf/00,B6
8317,AB_2018,FGnf,FGnf/00,B5
8318,AB_2018,FGnf,FGnf/00,B4
8319,AB_2018,FGnf,FGnf/00,B3
8320,AB_2018,FGnf,FGnf/00,B2
8321,AB_2018,FGnf,FGnf/00,B1
8322,AB_2018,FGnf,FGnf/00,B0
8323,AB_2018,FGnf,FGnf/00,A7
8324,AB_2018,FGnf,FGnf/00,A6
8325,AB_2018,FGnf,FGnf/00,A5
8326,AB_2018,FGnf,FGnf/00,A4
8327,AB_2018,FGnf,FGnf/00,A3
8328,AB_2018,FGnf,FGnf/00,A2
8329,AB_2018,FGnf,FGnf/00,A1
8330,AB_2018,FGnf,FGnf/00,A0
8331,USA_2019,GBDdw_UT,GBDdw_UT/110,E5
8332,USA_2019,GBDdw_UT,GBDdw_UT/110,D5
8333,USA_2019,GBDdw_UT,GBDdw_UT/110,C5
8334,USA_2019,GBDdw_UT,GBDdw_UT/110,B5
8335,USA_2019,GBDdw_UT,GBDdw_UT/111,E6
8336,USA_2019,GBDdw_UT,GBDdw_UT/111,D6
8337,USA_2019,GBDdw_UT,GBDdw_UT/111,C6
8338,USA_2019,GBDdw_UT,GBDdw_UT/111,B6
8339,USA_2019,GBDdw_UT,GBDdw_UT/Gg,D4
8340,USA_2019,GBDdw_UT,GBDdw_UT/Gg,D3
8341,USA_2019,GBDdw_UT,GBDdw_UT/Gg,D2
8342,USA_2019,GBDdw_UT,GBDdw_UT/Gg,D1
8343,USA_2019,GBDdw_UT,GBDdw_UT/Gg,C4
8344,USA_2019,GBDdw_UT,GBDdw_UT/Gg,C3
8345,USA_2019,GBDdw_UT,GBDdw_UT/Gg,C2
8346,USA_2019,GBDdw_UT,GBDdw_UT/Gg,C1
8347,USA_2019,GBDdw_UT,GBDdw_UT/Gg,B4
8348,USA_2019,GBDdw_UT,GBDdw_UT/Gg,B3
8349,USA_2019,GBDdw_UT,GBDdw_UT/Gg,B2
8350,USA_2019,GBDdw_UT,GBDdw_UT/Gg,B1
8351,USA_2019,GBDdw_UT,GBDdw_UT/Gg,A2
8352,USA_2019,GBDdw_UT,GBDdw_UT/Gg,A1
8353,Add_2021,GBDdw_UT,GBDdw_UT/Ro,A0
8354,Add_2021,GBDdw_UT,GBDdw_UT/Ro,B0
8355,USA_2019,GBDxh_NV,GBDxh_NV/110,E5
8356,USA_2019,GBDxh_NV,GBDxh_NV/110,D5
8357,USA_2019,GBDxh_NV,GBDxh_NV/110,C5
8358,USA_2019,GBDxh_NV,GBDxh_NV/110,B5
8359,USA_2019,GBDxh_NV,GBDxh_NV/111,E6
8360,USA_2019,GBDxh_NV,GBDxh_NV/111,D6
8361,USA_2019,GBDxh_NV,GBDxh_NV/111,C6
8362,USA_2019,GBDxh_NV,GBDxh_NV/111,B6
8363,USA_2019,GBDxh_NV,GBDxh_NV/Gg,D2
8364,USA_2019,GBDxh_NV,GBDxh_NV/Gg,D1
8365,USA_2019,GBDxh_NV,GBDxh_NV/Gg,C2
8366,USA_2019,GBDxh_NV,GBDxh_NV/Gg,C1
8367,USA_2019,GBDxh_NV,GBDxh_NV/Gg,B2
8368,USA_2019,GBDxh_NV,GBDxh_NV/Gg,B1
8369,USA_2019,GBDxh_NV,GBDxh_NV/Gg,A2
8370,USA_2019,GBDxh_NV,GBDxh_NV/Gg,A1
8371,USA_2019,GBDxh_NV,GBDxh_NV/Gs,D4
8372,USA_2019,GBDxh_NV,GBDxh_NV/Gs,D3
8373,USA_2019,GBDxh_NV,GBDxh_NV/Gs,C4
8374,USA_2019,GBDxh_NV,GBDxh_NV/Gs,C3
8375,USA_2019,GBDxh_NV,GBDxh_NV/Gs,B4
8376,USA_2019,GBDxh_NV,GBDxh_NV/Gs,B3
8377,Add_2021,GBDxh_NV,GBDxh_NV/Ro,A0
8378,Add_2021,GBDxh_NV,GBDxh_NV/Ro,B0
8379,USA_2019,GBDxx_UT,GBDxx_UT/110,E5
8380,USA_2019,GBDxx_UT,GBDxx_UT/110,D5
8381,USA_2019,GBDxx_UT,GBDxx_UT/110,C5
8382,USA_2019,GBDxx_UT,GBDxx_UT/110,B5
8383,USA_2019,GBDxx_UT,GBDxx_UT/111,E6
8384,USA_2019,GBDxx_UT,GBDxx_UT/111,D6
8385,USA_2019,GBDxx_UT,GBDxx_UT/111,C6
8386,USA_2019,GBDxx_UT,GBDxx_UT/111,B6
8387,USA_2019,GBDxx_UT,GBDxx_UT/Gg,D2
8388,USA_2019,GBDxx_UT,GBDxx_UT/Gg,D1
8389,USA_2019,GBDxx_UT,GBDxx_UT/Gg,C2
8390,USA_2019,GBDxx_UT,GBDxx_UT/Gg,C1
8391,USA_2019,GBDxx_UT,GBDxx_UT/Gg,B2
8392,USA_2019,GBDxx_UT,GBDxx_UT/Gg,B1
8393,USA_2019,GBDxx_UT,GBDxx_UT/Gg,A2
8394,USA_2019,GBDxx_UT,GBDxx_UT/Gg,A1
8395,USA_2019,GBDxx_UT,GBDxx_UT/Gs,D4
8396,USA_2019,GBDxx_UT,GBDxx_UT/Gs,D3
8397,USA_2019,GBDxx_UT,GBDxx_UT/Gs,C4
8398,USA_2019,GBDxx_UT,GBDxx_UT/Gs,C3
8399,USA_2019,GBDxx_UT,GBDxx_UT/Gs,B4
8400,USA_2019,GBDxx_UT,GBDxx_UT/Gs,B3
8401,Add_2021,GBDxx_UT,GBDxx_UT/Ro,A0
8402,Add_2021,GBDxx_UT,GBDxx_UT/Ro,B0
8403,USA_2019,ICHdh_ID,ICHdh_ID/101,D4
8404,USA_2019,ICHdh_ID,ICHdh_ID/101,D3
8405,USA_2019,ICHdh_ID,ICHdh_ID/101,C4
8406,USA_2019,ICHdh_ID,ICHdh_ID/101,C3
8407,USA_2019,ICHdh_ID,ICHdh_ID/101,B4
8408,USA_2019,ICHdh_ID,ICHdh_ID/101,B3
8409,USA_2019,ICHdh_ID,ICHdh_ID/102,D1
8410,USA_2019,ICHdh_ID,ICHdh_ID/102,C1
8411,USA_2019,ICHdh_ID,ICHdh_ID/102,B1
8412,USA_2019,ICHdh_ID,ICHdh_ID/102,A1
8413,USA_2019,ICHdh_ID,ICHdh_ID/103,D2
8414,USA_2019,ICHdh_ID,ICHdh_ID/103,C2
8415,USA_2019,ICHdh_ID,ICHdh_ID/103,B2
8416,USA_2019,ICHdh_ID,ICHdh_ID/103,A2
8417,USA_2019,ICHdh_ID,ICHdh_ID/110,C5
8418,USA_2019,ICHdh_ID,ICHdh_ID/110,B5
8419,USA_2019,ICHdh_ID,ICHdh_ID/111,C6
8420,USA_2019,ICHdh_ID,ICHdh_ID/111,B6
8421,USA_2019,ICHdh_ID,ICHdh_ID/112,E5
8422,USA_2019,ICHdh_ID,ICHdh_ID/112,D5
8423,USA_2019,ICHdh_ID,ICHdh_ID/113,E6
8424,USA_2019,ICHdh_ID,ICHdh_ID/113,D6
8425,Add_2021,ICHdh_ID,ICHdh_ID/Ro,A0
8426,Add_2021,ICHdh_ID,ICHdh_ID/Ro,B0
8427,BECv10,ICHdk,ICHdk/01,D4
8428,BECv10,ICHdk,ICHdk/01,D3
8429,BECv10,ICHdk,ICHdk/01,C4
8430,BECv10,ICHdk,ICHdk/01,C3
8431,BECv10,ICHdk,ICHdk/01,B4
8432,BECv10,ICHdk,ICHdk/01,B3
8433,BECv10,ICHdk,ICHdk/02,D2
8434,BECv10,ICHdk,ICHdk/02,D1
8435,BECv10,ICHdk,ICHdk/02,C2
8436,BECv10,ICHdk,ICHdk/02,C1
8437,BECv10,ICHdk,ICHdk/02,B2
8438,BECv10,ICHdk,ICHdk/02,B1
8439,BECv10,ICHdk,ICHdk/02,A2
8440,BECv10,ICHdk,ICHdk/02,A1
8441,BECv10,ICHdk,ICHdk/02a,D2
8442,BECv10,ICHdk,ICHdk/02a,D1
8443,BECv10,ICHdk,ICHdk/02a,C2
8444,BECv10,ICHdk,ICHdk/02a,B2
8445,BECv10,ICHdk,ICHdk/02a,A2
8446,BECv10,ICHdk,ICHdk/02b,D1
8447,BECv10,ICHdk,ICHdk/02b,C1
8448,BECv10,ICHdk,ICHdk/02b,B2
8449,BECv10,ICHdk,ICHdk/02b,B1
8450,BECv10,ICHdk,ICHdk/02b,A2
8451,BECv10,ICHdk,ICHdk/02b,A1
8452,BECv10,ICHdk,ICHdk/03,B3
8453,BECv10,ICHdk,ICHdk/03,B2
8454,BECv10,ICHdk,ICHdk/03,A3
8455,BECv10,ICHdk,ICHdk/03,A2
8456,BECv10,ICHdk,ICHdk/04,D3
8457,BECv10,ICHdk,ICHdk/04,C3
8458,BECv10,ICHdk,ICHdk/04,B3
8459,BECv10,ICHdk,ICHdk/05,E5
8460,BECv10,ICHdk,ICHdk/05,D5
8461,BECv10,ICHdk,ICHdk/05,C5
8462,BECv10,ICHdk,ICHdk/06,E5
8463,BECv10,ICHdk,ICHdk/06,D5
8464,BECv10,ICHdk,ICHdk/06,C5
8465,BECv10,ICHdk,ICHdk/07,C5
8466,BECv10,ICHdk,ICHdk/07,B5
8467,BECv10,ICHdk,ICHdk/08,E7
8468,BECv10,ICHdk,ICHdk/08,E6
8469,BECv10,ICHdk,ICHdk/08,E5
8470,BECv10,ICHdk,ICHdk/08,D6
8471,BECv10,ICHdk,ICHdk/08,D5
8472,BECv10,ICHdk,ICHdk/08,C6
8473,BECv10,ICHdk,ICHdk/08,C5
8474,BECv10,ICHdk,ICHdk/09,E7
8475,BECv10,ICHdk,ICHdk/09,D7
8476,BECv10,ICHdk,ICHdk/09,D6
8477,BECv10,ICHdk,ICHdk/09,C7
8478,BECv10,ICHdk,ICHdk/09,C6
8479,BECv10,ICHdk,ICHdk/09,B7
8480,BECv10,ICHdk,ICHdk/09,B6
8481,Add_2021,ICHdk,ICHdk/Ro,A0
8482,Add_2021,ICHdk,ICHdk/Ro,B0
8483,BECv10,ICHdm,ICHdm/101,D4
8484,BECv10,ICHdm,ICHdm/101,C4
8485,BECv10,ICHdm,ICHdm/101,C3
8486,BECv10,ICHdm,ICHdm/101,B4
8487,BECv10,ICHdm,ICHdm/102,B2
8488,BECv10,ICHdm,ICHdm/102,B1
8489,BECv10,ICHdm,ICHdm/102,A2
8490,BECv10,ICHdm,ICHdm/102,A1
8491,BECv10,ICHdm,ICHdm/102a,B1
8492,BECv10,ICHdm,ICHdm/102a,A1
8493,BECv10,ICHdm,ICHdm/102b,B2
8494,BECv10,ICHdm,ICHdm/102b,A2
8495,BECv10,ICHdm,ICHdm/103,C3
8496,BECv10,ICHdm,ICHdm/103,C2
8497,BECv10,ICHdm,ICHdm/103,B3
8498,BECv10,ICHdm,ICHdm/103,B2
8499,BECv10,ICHdm,ICHdm/110,D5
8500,BECv10,ICHdm,ICHdm/110,D4
8501,BECv10,ICHdm,ICHdm/110,C5
8502,BECv10,ICHdm,ICHdm/111,D6
8503,BECv10,ICHdm,ICHdm/111,D5
8504,BECv10,ICHdm,ICHdm/111,C6
8505,BECv10,ICHdm,ICHdm/111,C5
8506,BECv10,ICHdm,ICHdm/112,E7
8507,BECv10,ICHdm,ICHdm/112,E6
8508,BECv10,ICHdm,ICHdm/112,D7
8509,BECv10,ICHdm,ICHdm/112,D6
8510,BECv10,ICHdm,ICHdm/112,C7
8511,BECv10,ICHdm,ICHdm/112,C6
8512,BECv12,ICHdm,ICHdm/Fm01,E5
8513,BECv12,ICHdm,ICHdm/Fm01,E6
8514,BECv12,ICHdm,ICHdm/Fm02,E5
8515,BECv12,ICHdm,ICHdm/Fm02,E6
8516,BECv12,ICHdm,ICHdm/Fm04,E5
8517,BECv12,ICHdm,ICHdm/Fm04,E6
8518,Add_2021,ICHdm,ICHdm/Ro,A0
8519,Add_2021,ICHdm,ICHdm/Ro,B0
8520,USA_2019,ICHdw_ID,ICHdw_ID/101,D4
8521,USA_2019,ICHdw_ID,ICHdw_ID/101,D3
8522,USA_2019,ICHdw_ID,ICHdw_ID/101,C4
8523,USA_2019,ICHdw_ID,ICHdw_ID/101,C3
8524,USA_2019,ICHdw_ID,ICHdw_ID/101,B4
8525,USA_2019,ICHdw_ID,ICHdw_ID/101,B3
8526,USA_2019,ICHdw_ID,ICHdw_ID/102,D1
8527,USA_2019,ICHdw_ID,ICHdw_ID/102,C1
8528,USA_2019,ICHdw_ID,ICHdw_ID/102,B1
8529,USA_2019,ICHdw_ID,ICHdw_ID/102,A1
8530,USA_2019,ICHdw_ID,ICHdw_ID/103,D2
8531,USA_2019,ICHdw_ID,ICHdw_ID/103,C2
8532,USA_2019,ICHdw_ID,ICHdw_ID/103,B2
8533,USA_2019,ICHdw_ID,ICHdw_ID/103,A2
8534,USA_2019,ICHdw_ID,ICHdw_ID/110,C5
8535,USA_2019,ICHdw_ID,ICHdw_ID/110,B5
8536,USA_2019,ICHdw_ID,ICHdw_ID/111,C6
8537,USA_2019,ICHdw_ID,ICHdw_ID/111,B6
8538,USA_2019,ICHdw_ID,ICHdw_ID/112,E5
8539,USA_2019,ICHdw_ID,ICHdw_ID/112,D5
8540,USA_2019,ICHdw_ID,ICHdw_ID/113,E6
8541,USA_2019,ICHdw_ID,ICHdw_ID/113,D6
8542,Add_2021,ICHdw_ID,ICHdw_ID/Ro,A0
8543,Add_2021,ICHdw_ID,ICHdw_ID/Ro,B0
8544,BECv10,ICHdw1,ICHdw1/101,D4
8545,BECv10,ICHdw1,ICHdw1/101,D3
8546,BECv10,ICHdw1,ICHdw1/101,C4
8547,BECv10,ICHdw1,ICHdw1/101,C3
8548,BECv10,ICHdw1,ICHdw1/101,B4
8549,BECv10,ICHdw1,ICHdw1/102,B2
8550,BECv10,ICHdw1,ICHdw1/102,B1
8551,BECv10,ICHdw1,ICHdw1/102,A2
8552,BECv10,ICHdw1,ICHdw1/102,A1
8553,BECv10,ICHdw1,ICHdw1/103,D2
8554,BECv10,ICHdw1,ICHdw1/103,C2
8555,BECv10,ICHdw1,ICHdw1/103,B2
8556,BECv10,ICHdw1,ICHdw1/104,D3
8557,BECv10,ICHdw1,ICHdw1/104,D2
8558,BECv10,ICHdw1,ICHdw1/104,C3
8559,BECv10,ICHdw1,ICHdw1/104,C2
8560,BECv10,ICHdw1,ICHdw1/104,B3
8561,BECv10,ICHdw1,ICHdw1/110,D5
8562,BECv10,ICHdw1,ICHdw1/110,C5
8563,BECv10,ICHdw1,ICHdw1/111,D6
8564,BECv10,ICHdw1,ICHdw1/111,D5
8565,BECv10,ICHdw1,ICHdw1/111,C6
8566,BECv10,ICHdw1,ICHdw1/112,D7
8567,BECv10,ICHdw1,ICHdw1/112,D6
8568,BECv10,ICHdw1,ICHdw1/112,C7
8569,BECv10,ICHdw1,ICHdw1/112,C6
8570,BECv10,ICHdw1,ICHdw1/113,E7
8571,BECv10,ICHdw1,ICHdw1/113,E6
8572,BECv10,ICHdw1,ICHdw1/113,D7
8573,BECv10,ICHdw1,ICHdw1/113,D6
8574,BECv12,ICHdw1,ICHdw1/Fm01,E5
8575,BECv12,ICHdw1,ICHdw1/Fm01,E6
8576,BECv12,ICHdw1,ICHdw1/Fm02,E5
8577,BECv12,ICHdw1,ICHdw1/Fm02,E6
8578,BECv12,ICHdw1,ICHdw1/Fm04,E5
8579,BECv12,ICHdw1,ICHdw1/Fm04,E6
8580,Add_2021,ICHdw1,ICHdw1/Ro,A0
8581,Add_2021,ICHdw1,ICHdw1/Ro,B0
8582,BECv10,ICHdw3,ICHdw3/01,E4
8583,BECv10,ICHdw3,ICHdw3/01,D4
8584,BECv10,ICHdw3,ICHdw3/01,C4
8585,BECv10,ICHdw3,ICHdw3/01,B4
8586,BECv10,ICHdw3,ICHdw3/01,A4
8587,BECv10,ICHdw3,ICHdw3/02,C1
8588,BECv10,ICHdw3,ICHdw3/02,C0
8589,BECv10,ICHdw3,ICHdw3/02,B2
8590,BECv10,ICHdw3,ICHdw3/02,B1
8591,BECv10,ICHdw3,ICHdw3/02,B0
8592,BECv10,ICHdw3,ICHdw3/02,A2
8593,BECv10,ICHdw3,ICHdw3/02,A1
8594,BECv10,ICHdw3,ICHdw3/02,A0
8595,BECv10,ICHdw3,ICHdw3/03,E3
8596,BECv10,ICHdw3,ICHdw3/03,E2
8597,BECv10,ICHdw3,ICHdw3/03,E1
8598,BECv10,ICHdw3,ICHdw3/03,D3
8599,BECv10,ICHdw3,ICHdw3/03,D2
8600,BECv10,ICHdw3,ICHdw3/03,D1
8601,BECv10,ICHdw3,ICHdw3/03,C3
8602,BECv10,ICHdw3,ICHdw3/03,C2
8603,BECv10,ICHdw3,ICHdw3/03,C1
8604,BECv10,ICHdw3,ICHdw3/03,B3
8605,BECv10,ICHdw3,ICHdw3/03,B2
8606,BECv10,ICHdw3,ICHdw3/03,B1
8607,BECv10,ICHdw3,ICHdw3/04,C4
8608,BECv10,ICHdw3,ICHdw3/04,C3
8609,BECv10,ICHdw3,ICHdw3/04,C2
8610,BECv10,ICHdw3,ICHdw3/04,B4
8611,BECv10,ICHdw3,ICHdw3/04,B3
8612,BECv10,ICHdw3,ICHdw3/04,B2
8613,BECv10,ICHdw3,ICHdw3/04,A4
8614,BECv10,ICHdw3,ICHdw3/04,A3
8615,BECv10,ICHdw3,ICHdw3/04,A2
8616,BECv10,ICHdw3,ICHdw3/05,E4
8617,BECv10,ICHdw3,ICHdw3/05,E3
8618,BECv10,ICHdw3,ICHdw3/05,E2
8619,BECv10,ICHdw3,ICHdw3/05,D4
8620,BECv10,ICHdw3,ICHdw3/05,D3
8621,BECv10,ICHdw3,ICHdw3/05,D2
8622,BECv10,ICHdw3,ICHdw3/05,C4
8623,BECv10,ICHdw3,ICHdw3/05,C3
8624,BECv10,ICHdw3,ICHdw3/05,C2
8625,BECv10,ICHdw3,ICHdw3/05,B4
8626,BECv10,ICHdw3,ICHdw3/05,B3
8627,BECv10,ICHdw3,ICHdw3/05,B2
8628,BECv10,ICHdw3,ICHdw3/06,E5
8629,BECv10,ICHdw3,ICHdw3/06,E4
8630,BECv10,ICHdw3,ICHdw3/06,D5
8631,BECv10,ICHdw3,ICHdw3/06,D4
8632,BECv10,ICHdw3,ICHdw3/06,C5
8633,BECv10,ICHdw3,ICHdw3/06,C4
8634,BECv10,ICHdw3,ICHdw3/06,B5
8635,BECv10,ICHdw3,ICHdw3/06,B4
8636,BECv10,ICHdw3,ICHdw3/07,E6
8637,BECv10,ICHdw3,ICHdw3/07,E5
8638,BECv10,ICHdw3,ICHdw3/07,D6
8639,BECv10,ICHdw3,ICHdw3/07,D5
8640,BECv10,ICHdw3,ICHdw3/07,C6
8641,BECv10,ICHdw3,ICHdw3/07,C5
8642,BECv10,ICHdw3,ICHdw3/07,B5
8643,BECv10,ICHdw3,ICHdw3/08,E6
8644,BECv10,ICHdw3,ICHdw3/08,D6
8645,BECv10,ICHdw3,ICHdw3/08,C6
8646,BECv10,ICHdw3,ICHdw3/08,C5
8647,BECv10,ICHdw3,ICHdw3/08,B6
8648,BECv10,ICHdw3,ICHdw3/08,B5
8649,BECv10,ICHdw3,ICHdw3/09,D7
8650,BECv10,ICHdw3,ICHdw3/09,D6
8651,BECv10,ICHdw3,ICHdw3/09,C7
8652,BECv10,ICHdw3,ICHdw3/09,C6
8653,BECv10,ICHdw3,ICHdw3/09,B7
8654,BECv10,ICHdw3,ICHdw3/09,B6
8655,BECv10,ICHdw3,ICHdw3/09,A7
8656,BECv10,ICHdw3,ICHdw3/09,A6
8657,Add_2021,ICHdw3,ICHdw3/Ro,A0
8658,Add_2021,ICHdw3,ICHdw3/Ro,B0
8659,BECv10,ICHdw4,ICHdw4/101,D4
8660,BECv10,ICHdw4,ICHdw4/101,C4
8661,BECv10,ICHdw4,ICHdw4/101,B4
8662,BECv10,ICHdw4,ICHdw4/102,C1
8663,BECv10,ICHdw4,ICHdw4/102,B2
8664,BECv10,ICHdw4,ICHdw4/102,B1
8665,BECv10,ICHdw4,ICHdw4/102,A2
8666,BECv10,ICHdw4,ICHdw4/102,A1
8667,BECv10,ICHdw4,ICHdw4/103,D2
8668,BECv10,ICHdw4,ICHdw4/103,C2
8669,BECv10,ICHdw4,ICHdw4/103,C1
8670,BECv10,ICHdw4,ICHdw4/103,B2
8671,BECv10,ICHdw4,ICHdw4/104,D3
8672,BECv10,ICHdw4,ICHdw4/104,D2
8673,BECv10,ICHdw4,ICHdw4/104,C3
8674,BECv10,ICHdw4,ICHdw4/104,C2
8675,BECv10,ICHdw4,ICHdw4/104,B3
8676,BECv10,ICHdw4,ICHdw4/110,D6
8677,BECv10,ICHdw4,ICHdw4/110,D5
8678,BECv10,ICHdw4,ICHdw4/110,C6
8679,BECv10,ICHdw4,ICHdw4/110,C5
8680,BECv10,ICHdw4,ICHdw4/111,E6
8681,BECv10,ICHdw4,ICHdw4/111,D6
8682,BECv10,ICHdw4,ICHdw4/111,C6
8683,BECv10,ICHdw4,ICHdw4/112,E6
8684,BECv10,ICHdw4,ICHdw4/112,D6
8685,BECv10,ICHdw4,ICHdw4/112,C6
8686,BECv12,ICHdw4,ICHdw4/Fm01,E5
8687,BECv12,ICHdw4,ICHdw4/Fm01,E6
8688,BECv12,ICHdw4,ICHdw4/Fm02,E5
8689,BECv12,ICHdw4,ICHdw4/Fm02,E6
8690,BECv12,ICHdw4,ICHdw4/Fm04,E5
8691,BECv12,ICHdw4,ICHdw4/Fm04,E6
8692,Add_2021,ICHdw4,ICHdw4/Ro,A0
8693,Add_2021,ICHdw4,ICHdw4/Ro,B0
8694,BECv10,ICHmc1,ICHmc1/01,C4
8695,BECv10,ICHmc1,ICHmc1/01,C3
8696,BECv10,ICHmc1,ICHmc1/01,B5
8697,BECv10,ICHmc1,ICHmc1/01,B4
8698,BECv10,ICHmc1,ICHmc1/01,B3
8699,BECv10,ICHmc1,ICHmc1/01a,C4
8700,BECv10,ICHmc1,ICHmc1/01a,B5
8701,BECv10,ICHmc1,ICHmc1/01a,B4
8702,BECv10,ICHmc1,ICHmc1/01b,C3
8703,BECv10,ICHmc1,ICHmc1/01b,B3
8704,BECv10,ICHmc1,ICHmc1/02,C2
8705,BECv10,ICHmc1,ICHmc1/02,C1
8706,BECv10,ICHmc1,ICHmc1/02,B2
8707,BECv10,ICHmc1,ICHmc1/02,B1
8708,BECv10,ICHmc1,ICHmc1/02,A3
8709,BECv10,ICHmc1,ICHmc1/02,A2
8710,BECv10,ICHmc1,ICHmc1/02,A1
8711,BECv10,ICHmc1,ICHmc1/03,E4
8712,BECv10,ICHmc1,ICHmc1/03,D5
8713,BECv10,ICHmc1,ICHmc1/03,D4
8714,BECv10,ICHmc1,ICHmc1/03,C5
8715,BECv10,ICHmc1,ICHmc1/04,E6
8716,BECv10,ICHmc1,ICHmc1/04,E5
8717,BECv10,ICHmc1,ICHmc1/04,D6
8718,BECv10,ICHmc1,ICHmc1/04,D5
8719,BECv10,ICHmc1,ICHmc1/04,C6
8720,BECv10,ICHmc1,ICHmc1/05,E6
8721,BECv10,ICHmc1,ICHmc1/05,E5
8722,BECv10,ICHmc1,ICHmc1/05,E4
8723,BECv10,ICHmc1,ICHmc1/06,E7
8724,BECv10,ICHmc1,ICHmc1/06,E6
8725,BECv10,ICHmc1,ICHmc1/06,D7
8726,BECv10,ICHmc1,ICHmc1/06,D6
8727,BECv10,ICHmc1,ICHmc1/06,C7
8728,BECv10,ICHmc1,ICHmc1/06,C6
8729,Add_2021,ICHmc1,ICHmc1/Ro,A0
8730,Add_2021,ICHmc1,ICHmc1/Ro,B0
8731,BECv10,ICHmc1a,ICHmc1a/01,C4
8732,BECv10,ICHmc1a,ICHmc1a/01,C3
8733,BECv10,ICHmc1a,ICHmc1a/01,C2
8734,BECv10,ICHmc1a,ICHmc1a/01,B4
8735,BECv10,ICHmc1a,ICHmc1a/01,B3
8736,BECv10,ICHmc1a,ICHmc1a/01,B2
8737,BECv10,ICHmc1a,ICHmc1a/01a,C4
8738,BECv10,ICHmc1a,ICHmc1a/01a,B4
8739,BECv10,ICHmc1a,ICHmc1a/01b,C3
8740,BECv10,ICHmc1a,ICHmc1a/01b,C2
8741,BECv10,ICHmc1a,ICHmc1a/01b,B3
8742,BECv10,ICHmc1a,ICHmc1a/01b,B2
8743,BECv10,ICHmc1a,ICHmc1a/02,D5
8744,BECv10,ICHmc1a,ICHmc1a/02,D4
8745,BECv10,ICHmc1a,ICHmc1a/02,C5
8746,BECv10,ICHmc1a,ICHmc1a/03,E6
8747,BECv10,ICHmc1a,ICHmc1a/03,E5
8748,BECv10,ICHmc1a,ICHmc1a/03,D6
8749,Add_2021,ICHmc1a,ICHmc1a/Ro,A0
8750,Add_2021,ICHmc1a,ICHmc1a/Ro,B0
8751,BECv10,ICHmc2,ICHmc2/01,C4
8752,BECv10,ICHmc2,ICHmc2/01,C3
8753,BECv10,ICHmc2,ICHmc2/01,B5
8754,BECv10,ICHmc2,ICHmc2/01,B4
8755,BECv10,ICHmc2,ICHmc2/01,B3
8756,BECv10,ICHmc2,ICHmc2/01a.1,C4
8757,BECv10,ICHmc2,ICHmc2/01a.1,B5
8758,BECv10,ICHmc2,ICHmc2/01a.1,B4
8759,BECv10,ICHmc2,ICHmc2/01a.2,C4
8760,BECv10,ICHmc2,ICHmc2/01a.2,B5
8761,BECv10,ICHmc2,ICHmc2/01a.2,B4
8762,BECv10,ICHmc2,ICHmc2/01b.1,C3
8763,BECv10,ICHmc2,ICHmc2/01b.1,B3
8764,BECv10,ICHmc2,ICHmc2/01b.2,C3
8765,BECv10,ICHmc2,ICHmc2/01b.2,B3
8766,BECv10,ICHmc2,ICHmc2/02,C2
8767,BECv10,ICHmc2,ICHmc2/02,C1
8768,BECv10,ICHmc2,ICHmc2/02,B2
8769,BECv10,ICHmc2,ICHmc2/02,B1
8770,BECv10,ICHmc2,ICHmc2/02,A2
8771,BECv10,ICHmc2,ICHmc2/02,A1
8772,BECv10,ICHmc2,ICHmc2/03,E4
8773,BECv10,ICHmc2,ICHmc2/03,D5
8774,BECv10,ICHmc2,ICHmc2/03,D4
8775,BECv10,ICHmc2,ICHmc2/03,C5
8776,BECv10,ICHmc2,ICHmc2/04,D5
8777,BECv10,ICHmc2,ICHmc2/05,E6
8778,BECv10,ICHmc2,ICHmc2/05,D6
8779,BECv10,ICHmc2,ICHmc2/05,C6
8780,BECv10,ICHmc2,ICHmc2/06,E6
8781,BECv10,ICHmc2,ICHmc2/06,E5
8782,BECv10,ICHmc2,ICHmc2/06,E4
8783,BECv10,ICHmc2,ICHmc2/06a,E6
8784,BECv10,ICHmc2,ICHmc2/06a,E5
8785,BECv10,ICHmc2,ICHmc2/06a,E4
8786,BECv10,ICHmc2,ICHmc2/06b,E6
8787,BECv10,ICHmc2,ICHmc2/06b,E5
8788,BECv10,ICHmc2,ICHmc2/06b,E4
8789,BECv10,ICHmc2,ICHmc2/07,E7
8790,BECv10,ICHmc2,ICHmc2/07,E6
8791,BECv10,ICHmc2,ICHmc2/07,D7
8792,BECv10,ICHmc2,ICHmc2/07,D6
8793,BECv10,ICHmc2,ICHmc2/07,C7
8794,BECv10,ICHmc2,ICHmc2/07,C6
8795,BECv10,ICHmc2,ICHmc2/08,E7
8796,BECv10,ICHmc2,ICHmc2/08,D7
8797,BECv10,ICHmc2,ICHmc2/08,C7
8798,Add_2021,ICHmc2,ICHmc2/Ro,A0
8799,Add_2021,ICHmc2,ICHmc2/Ro,B0
8800,USA_2019,ICHmh_MT,ICHmh_MT/101,D4
8801,USA_2019,ICHmh_MT,ICHmh_MT/101,D3
8802,USA_2019,ICHmh_MT,ICHmh_MT/101,C4
8803,USA_2019,ICHmh_MT,ICHmh_MT/101,C3
8804,USA_2019,ICHmh_MT,ICHmh_MT/101,B4
8805,USA_2019,ICHmh_MT,ICHmh_MT/101,B3
8806,USA_2019,ICHmh_MT,ICHmh_MT/102,D1
8807,USA_2019,ICHmh_MT,ICHmh_MT/102,C1
8808,USA_2019,ICHmh_MT,ICHmh_MT/102,B1
8809,USA_2019,ICHmh_MT,ICHmh_MT/102,A1
8810,USA_2019,ICHmh_MT,ICHmh_MT/103,D2
8811,USA_2019,ICHmh_MT,ICHmh_MT/103,C2
8812,USA_2019,ICHmh_MT,ICHmh_MT/103,B2
8813,USA_2019,ICHmh_MT,ICHmh_MT/103,A2
8814,USA_2019,ICHmh_MT,ICHmh_MT/110,C5
8815,USA_2019,ICHmh_MT,ICHmh_MT/110,B5
8816,USA_2019,ICHmh_MT,ICHmh_MT/111,C6
8817,USA_2019,ICHmh_MT,ICHmh_MT/111,B6
8818,USA_2019,ICHmh_MT,ICHmh_MT/112,E5
8819,USA_2019,ICHmh_MT,ICHmh_MT/112,D5
8820,USA_2019,ICHmh_MT,ICHmh_MT/113,E6
8821,USA_2019,ICHmh_MT,ICHmh_MT/113,D6
8822,Add_2021,ICHmh_MT,ICHmh_MT/Ro,A0
8823,Add_2021,ICHmh_MT,ICHmh_MT/Ro,B0
8824,BECv12,ICHmk1,ICHmk1/101,D4
8825,BECv12,ICHmk1,ICHmk1/101,C4
8826,BECv12,ICHmk1,ICHmk1/101,B4
8827,BECv12,ICHmk1,ICHmk1/102,C1
8828,BECv12,ICHmk1,ICHmk1/102,B1
8829,BECv12,ICHmk1,ICHmk1/102,A2
8830,BECv12,ICHmk1,ICHmk1/102,A1
8831,BECv12,ICHmk1,ICHmk1/103,C2
8832,BECv12,ICHmk1,ICHmk1/103,B2
8833,BECv12,ICHmk1,ICHmk1/104,B3
8834,BECv12,ICHmk1,ICHmk1/104,A3
8835,BECv12,ICHmk1,ICHmk1/105,C3
8836,BECv12,ICHmk1,ICHmk1/105,B3
8837,BECv12,ICHmk1,ICHmk1/110,D5
8838,BECv12,ICHmk1,ICHmk1/110,C5
8839,BECv12,ICHmk1,ICHmk1/111,D6
8840,BECv12,ICHmk1,ICHmk1/111,D5
8841,BECv12,ICHmk1,ICHmk1/111,C6
8842,BECv12,ICHmk1,ICHmk1/111,C5
8843,BECv12,ICHmk1,ICHmk1/112,D7
8844,BECv12,ICHmk1,ICHmk1/112,D6
8845,BECv12,ICHmk1,ICHmk1/112,C7
8846,BECv12,ICHmk1,ICHmk1/112,C6
8847,Add_2021,ICHmk1,ICHmk1/Ro,A0
8848,Add_2021,ICHmk1,ICHmk1/Ro,B0
8849,BECv10,ICHmk2,ICHmk2/01,D5
8850,BECv10,ICHmk2,ICHmk2/01,D4
8851,BECv10,ICHmk2,ICHmk2/01,D3
8852,BECv10,ICHmk2,ICHmk2/01,D2
8853,BECv10,ICHmk2,ICHmk2/01,C5
8854,BECv10,ICHmk2,ICHmk2/01,C4
8855,BECv10,ICHmk2,ICHmk2/01,C3
8856,BECv10,ICHmk2,ICHmk2/01,C2
8857,BECv10,ICHmk2,ICHmk2/01,B5
8858,BECv10,ICHmk2,ICHmk2/01,B4
8859,BECv10,ICHmk2,ICHmk2/01,B3
8860,BECv10,ICHmk2,ICHmk2/01,B2
8861,BECv10,ICHmk2,ICHmk2/01,A5
8862,BECv10,ICHmk2,ICHmk2/01,A4
8863,BECv10,ICHmk2,ICHmk2/01,A3
8864,BECv10,ICHmk2,ICHmk2/02,C1
8865,BECv10,ICHmk2,ICHmk2/02,C0
8866,BECv10,ICHmk2,ICHmk2/02,B2
8867,BECv10,ICHmk2,ICHmk2/02,B1
8868,BECv10,ICHmk2,ICHmk2/02,B0
8869,BECv10,ICHmk2,ICHmk2/02,A2
8870,BECv10,ICHmk2,ICHmk2/02,A1
8871,BECv10,ICHmk2,ICHmk2/02,A0
8872,BECv10,ICHmk2,ICHmk2/03,C2
8873,BECv10,ICHmk2,ICHmk2/03,C1
8874,BECv10,ICHmk2,ICHmk2/03,B3
8875,BECv10,ICHmk2,ICHmk2/03,B2
8876,BECv10,ICHmk2,ICHmk2/03,B1
8877,BECv10,ICHmk2,ICHmk2/03,A3
8878,BECv10,ICHmk2,ICHmk2/03,A2
8879,BECv10,ICHmk2,ICHmk2/04,E4
8880,BECv10,ICHmk2,ICHmk2/04,E3
8881,BECv10,ICHmk2,ICHmk2/04,E2
8882,BECv10,ICHmk2,ICHmk2/04,D4
8883,BECv10,ICHmk2,ICHmk2/04,D3
8884,BECv10,ICHmk2,ICHmk2/04,D2
8885,BECv10,ICHmk2,ICHmk2/04,C4
8886,BECv10,ICHmk2,ICHmk2/04,C3
8887,BECv10,ICHmk2,ICHmk2/04,C2
8888,BECv10,ICHmk2,ICHmk2/05,E6
8889,BECv10,ICHmk2,ICHmk2/05,E5
8890,BECv10,ICHmk2,ICHmk2/05,E4
8891,BECv10,ICHmk2,ICHmk2/05,D6
8892,BECv10,ICHmk2,ICHmk2/05,D5
8893,BECv10,ICHmk2,ICHmk2/05,D4
8894,BECv10,ICHmk2,ICHmk2/05,C6
8895,BECv10,ICHmk2,ICHmk2/05,C5
8896,BECv10,ICHmk2,ICHmk2/05,C4
8897,BECv10,ICHmk2,ICHmk2/05,B6
8898,BECv10,ICHmk2,ICHmk2/05,B5
8899,BECv10,ICHmk2,ICHmk2/05,B4
8900,BECv10,ICHmk2,ICHmk2/06,E7
8901,BECv10,ICHmk2,ICHmk2/06,E6
8902,BECv10,ICHmk2,ICHmk2/06,D7
8903,BECv10,ICHmk2,ICHmk2/06,D6
8904,BECv10,ICHmk2,ICHmk2/06,C7
8905,BECv10,ICHmk2,ICHmk2/06,C6
8906,BECv10,ICHmk2,ICHmk2/06,B7
8907,BECv10,ICHmk2,ICHmk2/06,B6
8908,BECv10,ICHmk3,ICHmk3/01,D4
8909,BECv10,ICHmk3,ICHmk3/01,D3
8910,BECv10,ICHmk3,ICHmk3/01,C4
8911,BECv10,ICHmk3,ICHmk3/01,C3
8912,BECv10,ICHmk3,ICHmk3/01,B4
8913,BECv10,ICHmk3,ICHmk3/01,B3
8914,BECv10,ICHmk3,ICHmk3/02,D2
8915,BECv10,ICHmk3,ICHmk3/02,D1
8916,BECv10,ICHmk3,ICHmk3/02,C2
8917,BECv10,ICHmk3,ICHmk3/02,C1
8918,BECv10,ICHmk3,ICHmk3/02,B2
8919,BECv10,ICHmk3,ICHmk3/02,B1
8920,BECv10,ICHmk3,ICHmk3/03,D3
8921,BECv10,ICHmk3,ICHmk3/03,D2
8922,BECv10,ICHmk3,ICHmk3/03,C3
8923,BECv10,ICHmk3,ICHmk3/03,C2
8924,BECv10,ICHmk3,ICHmk3/03,B3
8925,BECv10,ICHmk3,ICHmk3/03,B2
8926,BECv10,ICHmk3,ICHmk3/04,D5
8927,BECv10,ICHmk3,ICHmk3/04,D4
8928,BECv10,ICHmk3,ICHmk3/04,C5
8929,BECv10,ICHmk3,ICHmk3/05,D5
8930,BECv10,ICHmk3,ICHmk3/05,C5
8931,BECv10,ICHmk3,ICHmk3/05,B5
8932,BECv10,ICHmk3,ICHmk3/06,E6
8933,BECv10,ICHmk3,ICHmk3/06,E5
8934,BECv10,ICHmk3,ICHmk3/06,D6
8935,BECv10,ICHmk3,ICHmk3/06,D5
8936,BECv10,ICHmk3,ICHmk3/07,D6
8937,BECv10,ICHmk3,ICHmk3/07,C6
8938,BECv10,ICHmk3,ICHmk3/07,B6
8939,Add_2021,ICHmk3,ICHmk3/Ro,A0
8940,Add_2021,ICHmk3,ICHmk3/Ro,B0
8941,BECv11,ICHmk4,ICHmk4/101,D4
8942,BECv11,ICHmk4,ICHmk4/101,C4
8943,BECv11,ICHmk4,ICHmk4/101,B4
8944,BECv11,ICHmk4,ICHmk4/102,D1
8945,BECv11,ICHmk4,ICHmk4/102,C2
8946,BECv11,ICHmk4,ICHmk4/102,C1
8947,BECv11,ICHmk4,ICHmk4/102,B2
8948,BECv11,ICHmk4,ICHmk4/102,B1
8949,BECv11,ICHmk4,ICHmk4/102a,D1
8950,BECv11,ICHmk4,ICHmk4/102a,C1
8951,BECv11,ICHmk4,ICHmk4/102a,B1
8952,BECv11,ICHmk4,ICHmk4/102b,C2
8953,BECv11,ICHmk4,ICHmk4/102b,B2
8954,BECv11,ICHmk4,ICHmk4/103,D3
8955,BECv11,ICHmk4,ICHmk4/103,D2
8956,BECv11,ICHmk4,ICHmk4/103,C3
8957,BECv11,ICHmk4,ICHmk4/103,B3
8958,BECv11,ICHmk4,ICHmk4/110,D5
8959,BECv11,ICHmk4,ICHmk4/110,C5
8960,BECv11,ICHmk4,ICHmk4/111,E6
8961,BECv11,ICHmk4,ICHmk4/111,E5
8962,BECv11,ICHmk4,ICHmk4/111,D6
8963,BECv11,ICHmk4,ICHmk4/111,D5
8964,BECv11,ICHmk4,ICHmk4/111,C6
8965,BECv11,ICHmk4,ICHmk4/111,C5
8966,BECv11,ICHmk4,ICHmk4/112,E7
8967,BECv11,ICHmk4,ICHmk4/112,E6
8968,BECv11,ICHmk4,ICHmk4/112,D7
8969,BECv11,ICHmk4,ICHmk4/112,D6
8970,BECv11,ICHmk4,ICHmk4/112,C7
8971,BECv11,ICHmk4,ICHmk4/112,C6
8972,BECv12,ICHmk4,ICHmk4/Fm01,E5
8973,BECv12,ICHmk4,ICHmk4/Fm01,E6
8974,BECv12,ICHmk4,ICHmk4/Fm02,E5
8975,BECv12,ICHmk4,ICHmk4/Fm02,E6
8976,BECv11,ICHmk4,ICHmk4/Ro,D0
8977,BECv11,ICHmk4,ICHmk4/Ro,C0
8978,BECv11,ICHmk4,ICHmk4/Ro,B0
8979,BECv11,ICHmk4,ICHmk4/Ro,A0
8980,BECv11,ICHmk5,ICHmk5/101,D4
8981,BECv11,ICHmk5,ICHmk5/101,C4
8982,BECv11,ICHmk5,ICHmk5/101,B4
8983,BECv11,ICHmk5,ICHmk5/102,D1
8984,BECv11,ICHmk5,ICHmk5/102,C1
8985,BECv11,ICHmk5,ICHmk5/102,B1
8986,BECv11,ICHmk5,ICHmk5/102,A1
8987,BECv11,ICHmk5,ICHmk5/103,D2
8988,BECv11,ICHmk5,ICHmk5/103,C2
8989,BECv11,ICHmk5,ICHmk5/103,B2
8990,BECv11,ICHmk5,ICHmk5/104,D3
8991,BECv11,ICHmk5,ICHmk5/104,C3
8992,BECv11,ICHmk5,ICHmk5/104,B3
8993,BECv11,ICHmk5,ICHmk5/110,D6
8994,BECv11,ICHmk5,ICHmk5/110,D5
8995,BECv11,ICHmk5,ICHmk5/110,C6
8996,BECv11,ICHmk5,ICHmk5/110,C5
8997,BECv11,ICHmk5,ICHmk5/111,D6
8998,BECv11,ICHmk5,ICHmk5/111,D5
8999,BECv11,ICHmk5,ICHmk5/111,C6
9000,BECv11,ICHmk5,ICHmk5/111,C5
9001,BECv11,ICHmk5,ICHmk5/112,E7
9002,BECv11,ICHmk5,ICHmk5/112,E6
9003,BECv11,ICHmk5,ICHmk5/112,D7
9004,BECv11,ICHmk5,ICHmk5/112,D6
9005,BECv11,ICHmk5,ICHmk5/112,C7
9006,BECv11,ICHmk5,ICHmk5/112,C6
9007,Add_2021,ICHmk5,ICHmk5/Ro,A0
9008,Add_2021,ICHmk5,ICHmk5/Ro,B0
9009,BECv10,ICHmm,ICHmm/01,C4
9010,BECv10,ICHmm,ICHmm/01,C3
9011,BECv10,ICHmm,ICHmm/01,B4
9012,BECv10,ICHmm,ICHmm/01,B3
9013,BECv10,ICHmm,ICHmm/02,B1
9014,BECv10,ICHmm,ICHmm/02,A1
9015,BECv10,ICHmm,ICHmm/03,B3
9016,BECv10,ICHmm,ICHmm/03,B2
9017,BECv10,ICHmm,ICHmm/04,D5
9018,BECv10,ICHmm,ICHmm/04,C5
9019,BECv10,ICHmm,ICHmm/04,B5
9020,BECv10,ICHmm,ICHmm/04,D4
9021,BECv10,ICHmm,ICHmm/05,D6
9022,BECv10,ICHmm,ICHmm/05,D5
9023,BECv10,ICHmm,ICHmm/05,C6
9024,BECv10,ICHmm,ICHmm/05,C5
9025,BECv10,ICHmm,ICHmm/05,B6
9026,BECv10,ICHmm,ICHmm/05,B5
9027,BECv10,ICHmm,ICHmm/06,E6
9028,BECv10,ICHmm,ICHmm/06,D6
9029,BECv10,ICHmm,ICHmm/07,B7
9030,BECv10,ICHmm,ICHmm/07,A7
9031,BECv10,ICHmm,ICHmm/08,C7
9032,BECv10,ICHmm,ICHmm/08,B7
9033,Add_2021,ICHmm,ICHmm/Ro,A0
9034,Add_2021,ICHmm,ICHmm/Ro,B0
9035,USA_2019,ICHmw_MT,ICHmw_MT/101,D4
9036,USA_2019,ICHmw_MT,ICHmw_MT/101,D3
9037,USA_2019,ICHmw_MT,ICHmw_MT/101,C4
9038,USA_2019,ICHmw_MT,ICHmw_MT/101,C3
9039,USA_2019,ICHmw_MT,ICHmw_MT/101,B4
9040,USA_2019,ICHmw_MT,ICHmw_MT/101,B3
9041,USA_2019,ICHmw_MT,ICHmw_MT/102,D1
9042,USA_2019,ICHmw_MT,ICHmw_MT/102,C1
9043,USA_2019,ICHmw_MT,ICHmw_MT/102,B1
9044,USA_2019,ICHmw_MT,ICHmw_MT/102,A1
9045,USA_2019,ICHmw_MT,ICHmw_MT/103,D2
9046,USA_2019,ICHmw_MT,ICHmw_MT/103,C2
9047,USA_2019,ICHmw_MT,ICHmw_MT/103,B2
9048,USA_2019,ICHmw_MT,ICHmw_MT/103,A2
9049,USA_2019,ICHmw_MT,ICHmw_MT/110,C5
9050,USA_2019,ICHmw_MT,ICHmw_MT/110,B5
9051,USA_2019,ICHmw_MT,ICHmw_MT/111,C6
9052,USA_2019,ICHmw_MT,ICHmw_MT/111,B6
9053,USA_2019,ICHmw_MT,ICHmw_MT/112,E5
9054,USA_2019,ICHmw_MT,ICHmw_MT/112,D5
9055,USA_2019,ICHmw_MT,ICHmw_MT/113,E6
9056,USA_2019,ICHmw_MT,ICHmw_MT/113,D6
9057,Add_2021,ICHmw_MT,ICHmw_MT/Ro,A0
9058,Add_2021,ICHmw_MT,ICHmw_MT/Ro,B0
9059,BECv10,ICHmw1,ICHmw1/01,E4
9060,BECv10,ICHmw1,ICHmw1/01,E3
9061,BECv10,ICHmw1,ICHmw1/01,D4
9062,BECv10,ICHmw1,ICHmw1/01,D3
9063,BECv10,ICHmw1,ICHmw1/01,C4
9064,BECv10,ICHmw1,ICHmw1/01,C3
9065,BECv10,ICHmw1,ICHmw1/01,B4
9066,BECv10,ICHmw1,ICHmw1/01,B3
9067,BECv10,ICHmw1,ICHmw1/02,E2
9068,BECv10,ICHmw1,ICHmw1/02,E1
9069,BECv10,ICHmw1,ICHmw1/02,D2
9070,BECv10,ICHmw1,ICHmw1/02,D1
9071,BECv10,ICHmw1,ICHmw1/02,C2
9072,BECv10,ICHmw1,ICHmw1/02,C1
9073,BECv10,ICHmw1,ICHmw1/03,C3
9074,BECv10,ICHmw1,ICHmw1/03,C2
9075,BECv10,ICHmw1,ICHmw1/03,B3
9076,BECv10,ICHmw1,ICHmw1/03,B2
9077,BECv10,ICHmw1,ICHmw1/04,E3
9078,BECv10,ICHmw1,ICHmw1/04,E2
9079,BECv10,ICHmw1,ICHmw1/04,D3
9080,BECv10,ICHmw1,ICHmw1/04,D2
9081,BECv10,ICHmw1,ICHmw1/04,C3
9082,BECv10,ICHmw1,ICHmw1/04,C2
9083,BECv10,ICHmw1,ICHmw1/05,D5
9084,BECv10,ICHmw1,ICHmw1/05,D4
9085,BECv10,ICHmw1,ICHmw1/05,C5
9086,BECv10,ICHmw1,ICHmw1/05,C4
9087,BECv10,ICHmw1,ICHmw1/05,B5
9088,BECv10,ICHmw1,ICHmw1/05,B4
9089,BECv10,ICHmw1,ICHmw1/06,E5
9090,BECv10,ICHmw1,ICHmw1/06,E4
9091,BECv10,ICHmw1,ICHmw1/06,D5
9092,BECv10,ICHmw1,ICHmw1/06,D4
9093,BECv10,ICHmw1,ICHmw1/07,E6
9094,BECv10,ICHmw1,ICHmw1/07,E5
9095,BECv10,ICHmw1,ICHmw1/07,D6
9096,BECv10,ICHmw1,ICHmw1/07,D5
9097,BECv10,ICHmw1,ICHmw1/07,C6
9098,Add_2021,ICHmw1,ICHmw1/Ro,A0
9099,Add_2021,ICHmw1,ICHmw1/Ro,B0
9100,BECv10,ICHmw2,ICHmw2/101,D4
9101,BECv10,ICHmw2,ICHmw2/101,C4
9102,BECv10,ICHmw2,ICHmw2/101,C3
9103,BECv10,ICHmw2,ICHmw2/101,B4
9104,BECv10,ICHmw2,ICHmw2/102,C1
9105,BECv10,ICHmw2,ICHmw2/102,B1
9106,BECv10,ICHmw2,ICHmw2/102,A2
9107,BECv10,ICHmw2,ICHmw2/102,A1
9108,BECv10,ICHmw2,ICHmw2/103,C2
9109,BECv10,ICHmw2,ICHmw2/103,C1
9110,BECv10,ICHmw2,ICHmw2/103,B2
9111,BECv10,ICHmw2,ICHmw2/104,C3
9112,BECv10,ICHmw2,ICHmw2/104,C2
9113,BECv10,ICHmw2,ICHmw2/104,B3
9114,BECv10,ICHmw2,ICHmw2/110,D5
9115,BECv10,ICHmw2,ICHmw2/110,D4
9116,BECv10,ICHmw2,ICHmw2/110,C5
9117,BECv10,ICHmw2,ICHmw2/111,E6
9118,BECv10,ICHmw2,ICHmw2/111,E5
9119,BECv10,ICHmw2,ICHmw2/111,D6
9120,BECv10,ICHmw2,ICHmw2/111,D5
9121,BECv10,ICHmw2,ICHmw2/111,C6
9122,BECv10,ICHmw2,ICHmw2/112,E6
9123,BECv10,ICHmw2,ICHmw2/112,E5
9124,BECv10,ICHmw2,ICHmw2/112,D6
9125,BECv10,ICHmw2,ICHmw2/112,D5
9126,BECv10,ICHmw2,ICHmw2/112,C6
9127,BECv10,ICHmw2,ICHmw2/113,D7
9128,BECv10,ICHmw2,ICHmw2/113,D6
9129,BECv10,ICHmw2,ICHmw2/113,C7
9130,BECv10,ICHmw2,ICHmw2/113,C6
9131,BECv10,ICHmw2,ICHmw2/114,E7
9132,BECv10,ICHmw2,ICHmw2/114,E6
9133,BECv10,ICHmw2,ICHmw2/114,D7
9134,BECv10,ICHmw2,ICHmw2/114,D6
9135,BECv12,ICHmw2,ICHmw2/Fm01,E5
9136,BECv12,ICHmw2,ICHmw2/Fm01,E6
9137,BECv12,ICHmw2,ICHmw2/Fm02,E5
9138,BECv12,ICHmw2,ICHmw2/Fm02,E6
9139,BECv12,ICHmw2,ICHmw2/Fm04,E5
9140,BECv12,ICHmw2,ICHmw2/Fm04,E6
9141,Add_2021,ICHmw2,ICHmw2/Ro,A0
9142,Add_2021,ICHmw2,ICHmw2/Ro,B0
9143,BECv10,ICHmw3,ICHmw3/01,E4
9144,BECv10,ICHmw3,ICHmw3/01,D4
9145,BECv10,ICHmw3,ICHmw3/01,C4
9146,BECv10,ICHmw3,ICHmw3/01,B4
9147,BECv10,ICHmw3,ICHmw3/01,A4
9148,BECv10,ICHmw3,ICHmw3/02,C1
9149,BECv10,ICHmw3,ICHmw3/02,C0
9150,BECv10,ICHmw3,ICHmw3/02,B2
9151,BECv10,ICHmw3,ICHmw3/02,B1
9152,BECv10,ICHmw3,ICHmw3/02,B0
9153,BECv10,ICHmw3,ICHmw3/02,A2
9154,BECv10,ICHmw3,ICHmw3/02,A1
9155,BECv10,ICHmw3,ICHmw3/02,A0
9156,BECv10,ICHmw3,ICHmw3/03,E3
9157,BECv10,ICHmw3,ICHmw3/03,E2
9158,BECv10,ICHmw3,ICHmw3/03,E1
9159,BECv10,ICHmw3,ICHmw3/03,D3
9160,BECv10,ICHmw3,ICHmw3/03,D2
9161,BECv10,ICHmw3,ICHmw3/03,D1
9162,BECv10,ICHmw3,ICHmw3/03,C3
9163,BECv10,ICHmw3,ICHmw3/03,C2
9164,BECv10,ICHmw3,ICHmw3/03,C1
9165,BECv10,ICHmw3,ICHmw3/03,B3
9166,BECv10,ICHmw3,ICHmw3/03,B2
9167,BECv10,ICHmw3,ICHmw3/03,B1
9168,BECv10,ICHmw3,ICHmw3/04,C4
9169,BECv10,ICHmw3,ICHmw3/04,C3
9170,BECv10,ICHmw3,ICHmw3/04,C2
9171,BECv10,ICHmw3,ICHmw3/04,B4
9172,BECv10,ICHmw3,ICHmw3/04,B3
9173,BECv10,ICHmw3,ICHmw3/04,B2
9174,BECv10,ICHmw3,ICHmw3/04,A4
9175,BECv10,ICHmw3,ICHmw3/04,A3
9176,BECv10,ICHmw3,ICHmw3/04,A2
9177,BECv10,ICHmw3,ICHmw3/05,E4
9178,BECv10,ICHmw3,ICHmw3/05,E3
9179,BECv10,ICHmw3,ICHmw3/05,E2
9180,BECv10,ICHmw3,ICHmw3/05,D4
9181,BECv10,ICHmw3,ICHmw3/05,D3
9182,BECv10,ICHmw3,ICHmw3/05,D2
9183,BECv10,ICHmw3,ICHmw3/05,C4
9184,BECv10,ICHmw3,ICHmw3/05,C3
9185,BECv10,ICHmw3,ICHmw3/05,C2
9186,BECv10,ICHmw3,ICHmw3/05,B4
9187,BECv10,ICHmw3,ICHmw3/05,B3
9188,BECv10,ICHmw3,ICHmw3/05,B2
9189,BECv10,ICHmw3,ICHmw3/06,E5
9190,BECv10,ICHmw3,ICHmw3/06,E4
9191,BECv10,ICHmw3,ICHmw3/06,D5
9192,BECv10,ICHmw3,ICHmw3/06,D4
9193,BECv10,ICHmw3,ICHmw3/06,C5
9194,BECv10,ICHmw3,ICHmw3/06,C4
9195,BECv10,ICHmw3,ICHmw3/06,B5
9196,BECv10,ICHmw3,ICHmw3/06,B4
9197,BECv10,ICHmw3,ICHmw3/07,E6
9198,BECv10,ICHmw3,ICHmw3/07,E5
9199,BECv10,ICHmw3,ICHmw3/07,D6
9200,BECv10,ICHmw3,ICHmw3/07,D5
9201,BECv10,ICHmw3,ICHmw3/07,C6
9202,BECv10,ICHmw3,ICHmw3/07,C5
9203,BECv10,ICHmw3,ICHmw3/07,B5
9204,BECv10,ICHmw3,ICHmw3/08,E6
9205,BECv10,ICHmw3,ICHmw3/08,D6
9206,BECv10,ICHmw3,ICHmw3/08,C6
9207,BECv10,ICHmw3,ICHmw3/08,C5
9208,BECv10,ICHmw3,ICHmw3/08,B6
9209,BECv10,ICHmw3,ICHmw3/08,B5
9210,BECv10,ICHmw3,ICHmw3/09,D7
9211,BECv10,ICHmw3,ICHmw3/09,D6
9212,BECv10,ICHmw3,ICHmw3/09,C7
9213,BECv10,ICHmw3,ICHmw3/09,C6
9214,BECv10,ICHmw3,ICHmw3/09,B7
9215,BECv10,ICHmw3,ICHmw3/09,B6
9216,BECv10,ICHmw3,ICHmw3/09,A7
9217,BECv10,ICHmw3,ICHmw3/09,A6
9218,BECv10,ICHmw4,ICHmw4/101,D4
9219,BECv10,ICHmw4,ICHmw4/101,D3
9220,BECv10,ICHmw4,ICHmw4/101,C4
9221,BECv10,ICHmw4,ICHmw4/101,C3
9222,BECv10,ICHmw4,ICHmw4/101,B4
9223,BECv10,ICHmw4,ICHmw4/102,B1
9224,BECv10,ICHmw4,ICHmw4/102,A2
9225,BECv10,ICHmw4,ICHmw4/102,A1
9226,BECv10,ICHmw4,ICHmw4/103,C2
9227,BECv10,ICHmw4,ICHmw4/103,B2
9228,BECv10,ICHmw4,ICHmw4/103,A2
9229,BECv10,ICHmw4,ICHmw4/104,D3
9230,BECv10,ICHmw4,ICHmw4/104,C3
9231,BECv10,ICHmw4,ICHmw4/104,C2
9232,BECv10,ICHmw4,ICHmw4/104,B3
9233,BECv10,ICHmw4,ICHmw4/110,D5
9234,BECv10,ICHmw4,ICHmw4/110,D4
9235,BECv10,ICHmw4,ICHmw4/110,C5
9236,BECv10,ICHmw4,ICHmw4/111,D5
9237,BECv10,ICHmw4,ICHmw4/111,D4
9238,BECv10,ICHmw4,ICHmw4/111,C5
9239,BECv10,ICHmw4,ICHmw4/112,D6
9240,BECv10,ICHmw4,ICHmw4/112,D5
9241,BECv10,ICHmw4,ICHmw4/112,C6
9242,BECv10,ICHmw4,ICHmw4/112,C5
9243,BECv10,ICHmw4,ICHmw4/113,D6
9244,BECv10,ICHmw4,ICHmw4/113,D5
9245,BECv10,ICHmw4,ICHmw4/113,C6
9246,BECv10,ICHmw4,ICHmw4/113,C5
9247,BECv10,ICHmw4,ICHmw4/114,E7
9248,BECv10,ICHmw4,ICHmw4/114,E6
9249,BECv10,ICHmw4,ICHmw4/114,D7
9250,BECv10,ICHmw4,ICHmw4/114,D6
9251,BECv10,ICHmw4,ICHmw4/114,C7
9252,BECv10,ICHmw4,ICHmw4/114,C6
9253,BECv12,ICHmw4,ICHmw4/Fm01,E5
9254,BECv12,ICHmw4,ICHmw4/Fm01,E6
9255,BECv12,ICHmw4,ICHmw4/Fm02,E5
9256,BECv12,ICHmw4,ICHmw4/Fm02,E6
9257,BECv12,ICHmw4,ICHmw4/Fm04,E5
9258,BECv12,ICHmw4,ICHmw4/Fm04,E6
9259,Add_2021,ICHmw4,ICHmw4/Ro,A0
9260,Add_2021,ICHmw4,ICHmw4/Ro,B0
9261,BECv12,ICHmw5,ICHmw5/101,D4
9262,BECv12,ICHmw5,ICHmw5/101,C4
9263,BECv12,ICHmw5,ICHmw5/101,B4
9264,BECv12,ICHmw5,ICHmw5/102,C1
9265,BECv12,ICHmw5,ICHmw5/102,B1
9266,BECv12,ICHmw5,ICHmw5/102,A2
9267,BECv12,ICHmw5,ICHmw5/102,A1
9268,BECv12,ICHmw5,ICHmw5/103,C2
9269,BECv12,ICHmw5,ICHmw5/103,B2
9270,BECv12,ICHmw5,ICHmw5/104,C3
9271,BECv12,ICHmw5,ICHmw5/104,C2
9272,BECv12,ICHmw5,ICHmw5/104,B3
9273,BECv12,ICHmw5,ICHmw5/110,D5
9274,BECv12,ICHmw5,ICHmw5/110,D4
9275,BECv12,ICHmw5,ICHmw5/110,C5
9276,BECv12,ICHmw5,ICHmw5/111,D6
9277,BECv12,ICHmw5,ICHmw5/111,D5
9278,BECv12,ICHmw5,ICHmw5/111,C6
9279,BECv12,ICHmw5,ICHmw5/112,D6
9280,BECv12,ICHmw5,ICHmw5/112,D5
9281,BECv12,ICHmw5,ICHmw5/112,C6
9282,BECv12,ICHmw5,ICHmw5/113,E6
9283,BECv12,ICHmw5,ICHmw5/113,D6
9284,BECv12,ICHmw5,ICHmw5/113,E7
9285,BECv12,ICHmw5,ICHmw5/113,D7
9286,BECv12,ICHmw5,ICHmw5/Fm01,E5
9287,BECv12,ICHmw5,ICHmw5/Fm01,E6
9288,BECv12,ICHmw5,ICHmw5/Fm02,E5
9289,BECv12,ICHmw5,ICHmw5/Fm02,E6
9290,Add_2021,ICHmw5,ICHmw5/Ro,A0
9291,Add_2021,ICHmw5,ICHmw5/Ro,B0
9292,Add_2021,ICHmw5,ICHmw5/Ro,C0
9293,BECv10,ICHvc,ICHvc/01,D4
9294,BECv10,ICHvc,ICHvc/01,C5
9295,BECv10,ICHvc,ICHvc/01,C4
9296,BECv10,ICHvc,ICHvc/01,B5
9297,BECv10,ICHvc,ICHvc/01,B4
9298,BECv10,ICHvc,ICHvc/01.1,D4
9299,BECv10,ICHvc,ICHvc/01.1,C5
9300,BECv10,ICHvc,ICHvc/01.1,C4
9301,BECv10,ICHvc,ICHvc/01.1,B5
9302,BECv10,ICHvc,ICHvc/01.1,B4
9303,BECv10,ICHvc,ICHvc/01.2,D4
9304,BECv10,ICHvc,ICHvc/01.2,C5
9305,BECv10,ICHvc,ICHvc/01.2,C4
9306,BECv10,ICHvc,ICHvc/01.2,B5
9307,BECv10,ICHvc,ICHvc/01.2,B4
9308,BECv10,ICHvc,ICHvc/02,C3
9309,BECv10,ICHvc,ICHvc/02,C2
9310,BECv10,ICHvc,ICHvc/02,C1
9311,BECv10,ICHvc,ICHvc/02,B3
9312,BECv10,ICHvc,ICHvc/02,B2
9313,BECv10,ICHvc,ICHvc/02,B1
9314,BECv10,ICHvc,ICHvc/02,A4
9315,BECv10,ICHvc,ICHvc/02,A3
9316,BECv10,ICHvc,ICHvc/02,A2
9317,BECv10,ICHvc,ICHvc/02,A1
9318,BECv10,ICHvc,ICHvc/02.1,C3
9319,BECv10,ICHvc,ICHvc/02.1,C2
9320,BECv10,ICHvc,ICHvc/02.1,C1
9321,BECv10,ICHvc,ICHvc/02.1,B3
9322,BECv10,ICHvc,ICHvc/02.1,B2
9323,BECv10,ICHvc,ICHvc/02.1,B1
9324,BECv10,ICHvc,ICHvc/02.1,A4
9325,BECv10,ICHvc,ICHvc/02.1,A3
9326,BECv10,ICHvc,ICHvc/02.1,A2
9327,BECv10,ICHvc,ICHvc/02.1,A1
9328,BECv10,ICHvc,ICHvc/02.2,C3
9329,BECv10,ICHvc,ICHvc/02.2,C2
9330,BECv10,ICHvc,ICHvc/02.2,C1
9331,BECv10,ICHvc,ICHvc/02.2,B3
9332,BECv10,ICHvc,ICHvc/02.2,B2
9333,BECv10,ICHvc,ICHvc/02.2,B1
9334,BECv10,ICHvc,ICHvc/02.2,A4
9335,BECv10,ICHvc,ICHvc/02.2,A3
9336,BECv10,ICHvc,ICHvc/02.2,A2
9337,BECv10,ICHvc,ICHvc/02.2,A1
9338,BECv10,ICHvc,ICHvc/03,E5
9339,BECv10,ICHvc,ICHvc/03,E4
9340,BECv10,ICHvc,ICHvc/03,D5
9341,BECv10,ICHvc,ICHvc/03,D4
9342,BECv10,ICHvc,ICHvc/03,C5
9343,BECv10,ICHvc,ICHvc/03a,E5
9344,BECv10,ICHvc,ICHvc/03a,E4
9345,BECv10,ICHvc,ICHvc/03a,D5
9346,BECv10,ICHvc,ICHvc/03a,D4
9347,BECv10,ICHvc,ICHvc/03b,D5
9348,BECv10,ICHvc,ICHvc/03b,D4
9349,BECv10,ICHvc,ICHvc/03b,C5
9350,BECv10,ICHvc,ICHvc/04,E6
9351,BECv10,ICHvc,ICHvc/04,E5
9352,BECv10,ICHvc,ICHvc/04,E4
9353,BECv10,ICHvc,ICHvc/04,D6
9354,BECv10,ICHvc,ICHvc/05,E6
9355,BECv10,ICHvc,ICHvc/05,E5
9356,BECv10,ICHvc,ICHvc/05,E4
9357,BECv10,ICHvc,ICHvc/05,D6
9358,BECv10,ICHvc,ICHvc/06,E7
9359,BECv10,ICHvc,ICHvc/06,E6
9360,BECv10,ICHvc,ICHvc/06,D7
9361,BECv10,ICHvc,ICHvc/06,D6
9362,BECv10,ICHvc,ICHvc/06,C7
9363,BECv10,ICHvc,ICHvc/06,C6
9364,Add_2021,ICHvc,ICHvc/Ro,A0
9365,Add_2021,ICHvc,ICHvc/Ro,B0
9366,BECv10,ICHvk1,ICHvk1/01,E5
9367,BECv10,ICHvk1,ICHvk1/01,E4
9368,BECv10,ICHvk1,ICHvk1/01,E3
9369,BECv10,ICHvk1,ICHvk1/01,D5
9370,BECv10,ICHvk1,ICHvk1/01,D4
9371,BECv10,ICHvk1,ICHvk1/01,D3
9372,BECv10,ICHvk1,ICHvk1/01,C5
9373,BECv10,ICHvk1,ICHvk1/01,C4
9374,BECv10,ICHvk1,ICHvk1/01,C3
9375,BECv10,ICHvk1,ICHvk1/01,B5
9376,BECv10,ICHvk1,ICHvk1/01,B4
9377,BECv10,ICHvk1,ICHvk1/01,B3
9378,BECv10,ICHvk1,ICHvk1/01,A5
9379,BECv10,ICHvk1,ICHvk1/01,A4
9380,BECv10,ICHvk1,ICHvk1/01,A3
9381,BECv10,ICHvk1,ICHvk1/02,D2
9382,BECv10,ICHvk1,ICHvk1/02,D1
9383,BECv10,ICHvk1,ICHvk1/02,D0
9384,BECv10,ICHvk1,ICHvk1/02,C2
9385,BECv10,ICHvk1,ICHvk1/02,C1
9386,BECv10,ICHvk1,ICHvk1/02,C0
9387,BECv10,ICHvk1,ICHvk1/02,B2
9388,BECv10,ICHvk1,ICHvk1/02,B1
9389,BECv10,ICHvk1,ICHvk1/02,B0
9390,BECv10,ICHvk1,ICHvk1/02,A2
9391,BECv10,ICHvk1,ICHvk1/02,A1
9392,BECv10,ICHvk1,ICHvk1/02,A0
9393,BECv10,ICHvk1,ICHvk1/03,D3
9394,BECv10,ICHvk1,ICHvk1/03,D2
9395,BECv10,ICHvk1,ICHvk1/03,C3
9396,BECv10,ICHvk1,ICHvk1/03,C2
9397,BECv10,ICHvk1,ICHvk1/03,B3
9398,BECv10,ICHvk1,ICHvk1/03,B2
9399,BECv10,ICHvk1,ICHvk1/03,A3
9400,BECv10,ICHvk1,ICHvk1/03,A2
9401,BECv10,ICHvk1,ICHvk1/04,D4
9402,BECv10,ICHvk1,ICHvk1/04,D3
9403,BECv10,ICHvk1,ICHvk1/04,C4
9404,BECv10,ICHvk1,ICHvk1/04,C3
9405,BECv10,ICHvk1,ICHvk1/04,B4
9406,BECv10,ICHvk1,ICHvk1/04,B3
9407,BECv10,ICHvk1,ICHvk1/04,A4
9408,BECv10,ICHvk1,ICHvk1/04,A3
9409,BECv10,ICHvk1,ICHvk1/05,E6
9410,BECv10,ICHvk1,ICHvk1/05,E5
9411,BECv10,ICHvk1,ICHvk1/05,D6
9412,BECv10,ICHvk1,ICHvk1/05,D5
9413,BECv10,ICHvk1,ICHvk1/05,C6
9414,BECv10,ICHvk1,ICHvk1/05,C5
9415,BECv10,ICHvk1,ICHvk1/05,B6
9416,BECv10,ICHvk1,ICHvk1/05,B5
9417,BECv10,ICHvk1,ICHvk1/05,A6
9418,BECv10,ICHvk1,ICHvk1/05,A5
9419,BECv10,ICHvk1,ICHvk1/06,E7
9420,BECv10,ICHvk1,ICHvk1/06,E6
9421,BECv10,ICHvk1,ICHvk1/06,D7
9422,BECv10,ICHvk1,ICHvk1/06,D6
9423,BECv10,ICHvk1,ICHvk1/06,C7
9424,BECv10,ICHvk1,ICHvk1/06,C6
9425,BECv10,ICHvk1,ICHvk1/06,B7
9426,BECv10,ICHvk1,ICHvk1/06,B6
9427,BECv10,ICHvk2,ICHvk2/01,D5
9428,BECv10,ICHvk2,ICHvk2/01,D4
9429,BECv10,ICHvk2,ICHvk2/01,C5
9430,BECv10,ICHvk2,ICHvk2/01,C4
9431,BECv10,ICHvk2,ICHvk2/01,B4
9432,BECv10,ICHvk2,ICHvk2/02,B1
9433,BECv10,ICHvk2,ICHvk2/02,A1
9434,BECv10,ICHvk2,ICHvk2/03,C2
9435,BECv10,ICHvk2,ICHvk2/03,C1
9436,BECv10,ICHvk2,ICHvk2/03,B2
9437,BECv10,ICHvk2,ICHvk2/03,B1
9438,BECv10,ICHvk2,ICHvk2/04,D3
9439,BECv10,ICHvk2,ICHvk2/04,C3
9440,BECv10,ICHvk2,ICHvk2/04,C2
9441,BECv10,ICHvk2,ICHvk2/04,B4
9442,BECv10,ICHvk2,ICHvk2/04,B3
9443,BECv10,ICHvk2,ICHvk2/05,D6
9444,BECv10,ICHvk2,ICHvk2/05,D5
9445,BECv10,ICHvk2,ICHvk2/05,C6
9446,BECv10,ICHvk2,ICHvk2/05,C5
9447,BECv10,ICHvk2,ICHvk2/06,D7
9448,BECv10,ICHvk2,ICHvk2/06,D6
9449,BECv10,ICHvk2,ICHvk2/07,C7
9450,BECv10,ICHvk2,ICHvk2/07,B7
9451,BECv10,ICHvk2,ICHvk2/07,A7
9452,Add_2021,ICHvk2,ICHvk2/Ro,A0
9453,Add_2021,ICHvk2,ICHvk2/Ro,B0
9454,BECv10,ICHwc,ICHwc/01,D4
9455,BECv10,ICHwc,ICHwc/01,C4
9456,BECv10,ICHwc,ICHwc/02,C1
9457,BECv10,ICHwc,ICHwc/02,B2
9458,BECv10,ICHwc,ICHwc/02,B1
9459,BECv10,ICHwc,ICHwc/02,A2
9460,BECv10,ICHwc,ICHwc/02,A1
9461,BECv10,ICHwc,ICHwc/03,C3
9462,BECv10,ICHwc,ICHwc/03,C2
9463,BECv10,ICHwc,ICHwc/03,B4
9464,BECv10,ICHwc,ICHwc/03,B3
9465,BECv10,ICHwc,ICHwc/04,E4
9466,BECv10,ICHwc,ICHwc/04,D5
9467,BECv10,ICHwc,ICHwc/04,D4
9468,BECv10,ICHwc,ICHwc/04,C5
9469,BECv10,ICHwc,ICHwc/05,E5
9470,BECv10,ICHwc,ICHwc/05,D5
9471,BECv10,ICHwc,ICHwc/05,C5
9472,BECv10,ICHwc,ICHwc/06,E6
9473,BECv10,ICHwc,ICHwc/06,E5
9474,BECv10,ICHwc,ICHwc/06,E4
9475,BECv10,ICHwc,ICHwc/07,B7
9476,BECv10,ICHwc,ICHwc/07,B6
9477,BECv10,ICHwc,ICHwc/07,B5
9478,BECv10,ICHwc,ICHwc/07,A6
9479,BECv10,ICHwc,ICHwc/07,A5
9480,BECv10,ICHwc,ICHwc/08,E7
9481,BECv10,ICHwc,ICHwc/08,E6
9482,BECv10,ICHwc,ICHwc/08,D7
9483,BECv10,ICHwc,ICHwc/08,D6
9484,BECv10,ICHwc,ICHwc/08,C7
9485,BECv10,ICHwc,ICHwc/08,C6
9486,Add_2021,ICHwc,ICHwc/Ro,A0
9487,Add_2021,ICHwc,ICHwc/Ro,B0
9488,BECv10,ICHwk1,ICHwk1/01,D4
9489,BECv10,ICHwk1,ICHwk1/01,D3
9490,BECv10,ICHwk1,ICHwk1/01,C4
9491,BECv10,ICHwk1,ICHwk1/01,C3
9492,BECv10,ICHwk1,ICHwk1/01,B4
9493,BECv10,ICHwk1,ICHwk1/01,B3
9494,BECv10,ICHwk1,ICHwk1/01,A4
9495,BECv10,ICHwk1,ICHwk1/01,A3
9496,BECv10,ICHwk1,ICHwk1/02,B2
9497,BECv10,ICHwk1,ICHwk1/02,B1
9498,BECv10,ICHwk1,ICHwk1/02,A2
9499,BECv10,ICHwk1,ICHwk1/02,A1
9500,BECv10,ICHwk1,ICHwk1/03,D2
9501,BECv10,ICHwk1,ICHwk1/03,D1
9502,BECv10,ICHwk1,ICHwk1/03,C2
9503,BECv10,ICHwk1,ICHwk1/03,C1
9504,BECv10,ICHwk1,ICHwk1/03,B2
9505,BECv10,ICHwk1,ICHwk1/03,B1
9506,BECv10,ICHwk1,ICHwk1/04,D3
9507,BECv10,ICHwk1,ICHwk1/04,D2
9508,BECv10,ICHwk1,ICHwk1/04,C3
9509,BECv10,ICHwk1,ICHwk1/04,C2
9510,BECv10,ICHwk1,ICHwk1/04,B3
9511,BECv10,ICHwk1,ICHwk1/04,B2
9512,BECv10,ICHwk1,ICHwk1/04,A3
9513,BECv10,ICHwk1,ICHwk1/04,A2
9514,BECv10,ICHwk1,ICHwk1/05,E6
9515,BECv10,ICHwk1,ICHwk1/05,E5
9516,BECv10,ICHwk1,ICHwk1/05,D6
9517,BECv10,ICHwk1,ICHwk1/05,D5
9518,BECv10,ICHwk1,ICHwk1/05,C6
9519,BECv10,ICHwk1,ICHwk1/05,C5
9520,BECv10,ICHwk1,ICHwk1/05,B6
9521,BECv10,ICHwk1,ICHwk1/05,B5
9522,BECv10,ICHwk1,ICHwk1/06,E6
9523,BECv10,ICHwk1,ICHwk1/06,E5
9524,BECv10,ICHwk1,ICHwk1/06,D6
9525,BECv10,ICHwk1,ICHwk1/06,D5
9526,BECv10,ICHwk1,ICHwk1/06,C6
9527,BECv10,ICHwk1,ICHwk1/06,C5
9528,BECv10,ICHwk1,ICHwk1/06,B6
9529,BECv10,ICHwk1,ICHwk1/06,B5
9530,BECv10,ICHwk1,ICHwk1/07,E7
9531,BECv10,ICHwk1,ICHwk1/07,E6
9532,BECv10,ICHwk1,ICHwk1/07,D7
9533,BECv10,ICHwk1,ICHwk1/07,D6
9534,BECv10,ICHwk1,ICHwk1/07,C7
9535,BECv10,ICHwk1,ICHwk1/07,C6
9536,BECv10,ICHwk1,ICHwk1/07,B7
9537,BECv10,ICHwk1,ICHwk1/07,B6
9538,BECv10,ICHwk1,ICHwk1/08,D7
9539,BECv10,ICHwk1,ICHwk1/08,C7
9540,BECv10,ICHwk1,ICHwk1/08,B7
9541,BECv10,ICHwk1,ICHwk1/08,B6
9542,BECv10,ICHwk1,ICHwk1/08,A7
9543,BECv10,ICHwk1,ICHwk1/08,A6
9544,Add_2021,ICHwk1,ICHwk1/Ro,A0
9545,Add_2021,ICHwk1,ICHwk1/Ro,B0
9546,BECv10,ICHwk2,ICHwk2/01,D5
9547,BECv10,ICHwk2,ICHwk2/01,D4
9548,BECv10,ICHwk2,ICHwk2/01,D3
9549,BECv10,ICHwk2,ICHwk2/01,C5
9550,BECv10,ICHwk2,ICHwk2/01,C4
9551,BECv10,ICHwk2,ICHwk2/01,B5
9552,BECv10,ICHwk2,ICHwk2/01,B4
9553,BECv10,ICHwk2,ICHwk2/01a,D4
9554,BECv10,ICHwk2,ICHwk2/01a,D3
9555,BECv10,ICHwk2,ICHwk2/01a,C4
9556,BECv10,ICHwk2,ICHwk2/01a,B4
9557,BECv10,ICHwk2,ICHwk2/01b,D5
9558,BECv10,ICHwk2,ICHwk2/01b,C5
9559,BECv10,ICHwk2,ICHwk2/01b,B5
9560,BECv10,ICHwk2,ICHwk2/02,B2
9561,BECv10,ICHwk2,ICHwk2/02,B1
9562,BECv10,ICHwk2,ICHwk2/02,A2
9563,BECv10,ICHwk2,ICHwk2/02,A1
9564,BECv10,ICHwk2,ICHwk2/03,D2
9565,BECv10,ICHwk2,ICHwk2/03,D1
9566,BECv10,ICHwk2,ICHwk2/03,C2
9567,BECv10,ICHwk2,ICHwk2/03,C1
9568,BECv10,ICHwk2,ICHwk2/04,D3
9569,BECv10,ICHwk2,ICHwk2/04,C3
9570,BECv10,ICHwk2,ICHwk2/04,B4
9571,BECv10,ICHwk2,ICHwk2/04,B3
9572,BECv10,ICHwk2,ICHwk2/04,B2
9573,BECv10,ICHwk2,ICHwk2/04,A3
9574,BECv10,ICHwk2,ICHwk2/04,A2
9575,BECv10,ICHwk2,ICHwk2/05,D5
9576,BECv10,ICHwk2,ICHwk2/05,C5
9577,BECv10,ICHwk2,ICHwk2/05,B5
9578,BECv10,ICHwk2,ICHwk2/06,D5
9579,BECv10,ICHwk2,ICHwk2/06,C5
9580,BECv10,ICHwk2,ICHwk2/06,B5
9581,BECv10,ICHwk2,ICHwk2/07,E5
9582,BECv10,ICHwk2,ICHwk2/07,D5
9583,BECv10,ICHwk2,ICHwk2/08,E7
9584,BECv10,ICHwk2,ICHwk2/08,E6
9585,BECv10,ICHwk2,ICHwk2/08,D7
9586,BECv10,ICHwk2,ICHwk2/08,D6
9587,BECv10,ICHwk2,ICHwk2/08,C7
9588,BECv10,ICHwk2,ICHwk2/08,C6
9589,Add_2021,ICHwk2,ICHwk2/Ro,A0
9590,Add_2021,ICHwk2,ICHwk2/Ro,B0
9591,BECv10,ICHwk3,ICHwk3/01,D5
9592,BECv10,ICHwk3,ICHwk3/01,D4
9593,BECv10,ICHwk3,ICHwk3/01,C5
9594,BECv10,ICHwk3,ICHwk3/01,C4
9595,BECv10,ICHwk3,ICHwk3/01,C3
9596,BECv10,ICHwk3,ICHwk3/01,B5
9597,BECv10,ICHwk3,ICHwk3/01,B4
9598,BECv10,ICHwk3,ICHwk3/01,B3
9599,BECv10,ICHwk3,ICHwk3/02,B1
9600,BECv10,ICHwk3,ICHwk3/02,A1
9601,BECv10,ICHwk3,ICHwk3/03,C2
9602,BECv10,ICHwk3,ICHwk3/03,B2
9603,BECv10,ICHwk3,ICHwk3/04,D3
9604,BECv10,ICHwk3,ICHwk3/04,D2
9605,BECv10,ICHwk3,ICHwk3/04,C3
9606,BECv10,ICHwk3,ICHwk3/04,C2
9607,BECv10,ICHwk3,ICHwk3/05,D5
9608,BECv10,ICHwk3,ICHwk3/05,C5
9609,BECv10,ICHwk3,ICHwk3/05,B5
9610,BECv10,ICHwk3,ICHwk3/06,E6
9611,BECv10,ICHwk3,ICHwk3/06,D6
9612,BECv10,ICHwk3,ICHwk3/06,C6
9613,BECv10,ICHwk3,ICHwk3/06,B6
9614,BECv10,ICHwk3,ICHwk3/07,C6
9615,BECv10,ICHwk3,ICHwk3/07,B6
9616,BECv10,ICHwk3,ICHwk3/08,C7
9617,BECv10,ICHwk3,ICHwk3/08,B7
9618,BECv10,ICHwk3,ICHwk3/08,A7
9619,BECv10,ICHwk3,ICHwk3/09,E7
9620,BECv10,ICHwk3,ICHwk3/09,D7
9621,Add_2021,ICHwk3,ICHwk3/Ro,A0
9622,Add_2021,ICHwk3,ICHwk3/Ro,B0
9623,BECv10,ICHwk4,ICHwk4/01,D5
9624,BECv10,ICHwk4,ICHwk4/01,D4
9625,BECv10,ICHwk4,ICHwk4/01,D3
9626,BECv10,ICHwk4,ICHwk4/01,C5
9627,BECv10,ICHwk4,ICHwk4/01,C4
9628,BECv10,ICHwk4,ICHwk4/01,B4
9629,BECv10,ICHwk4,ICHwk4/01a,D4
9630,BECv10,ICHwk4,ICHwk4/01a,D3
9631,BECv10,ICHwk4,ICHwk4/01a,C4
9632,BECv10,ICHwk4,ICHwk4/01a,B4
9633,BECv10,ICHwk4,ICHwk4/01b,D5
9634,BECv10,ICHwk4,ICHwk4/01b,C5
9635,BECv10,ICHwk4,ICHwk4/02,B2
9636,BECv10,ICHwk4,ICHwk4/02,B1
9637,BECv10,ICHwk4,ICHwk4/02,A2
9638,BECv10,ICHwk4,ICHwk4/02,A1
9639,BECv10,ICHwk4,ICHwk4/03,D2
9640,BECv10,ICHwk4,ICHwk4/03,D1
9641,BECv10,ICHwk4,ICHwk4/03,C2
9642,BECv10,ICHwk4,ICHwk4/03,C1
9643,BECv10,ICHwk4,ICHwk4/04,B3
9644,BECv10,ICHwk4,ICHwk4/04,B2
9645,BECv10,ICHwk4,ICHwk4/04,A3
9646,BECv10,ICHwk4,ICHwk4/04,A2
9647,BECv10,ICHwk4,ICHwk4/05,D3
9648,BECv10,ICHwk4,ICHwk4/05,C3
9649,BECv10,ICHwk4,ICHwk4/05,B4
9650,BECv10,ICHwk4,ICHwk4/05,B3
9651,BECv10,ICHwk4,ICHwk4/05,B2
9652,BECv10,ICHwk4,ICHwk4/06,C5
9653,BECv10,ICHwk4,ICHwk4/06,B5
9654,BECv10,ICHwk4,ICHwk4/07,E5
9655,BECv10,ICHwk4,ICHwk4/07,D5
9656,BECv10,ICHwk4,ICHwk4/07,C5
9657,BECv10,ICHwk4,ICHwk4/08,E7
9658,BECv10,ICHwk4,ICHwk4/08,E6
9659,BECv10,ICHwk4,ICHwk4/08,D7
9660,BECv10,ICHwk4,ICHwk4/08,D6
9661,BECv10,ICHwk4,ICHwk4/08,C7
9662,BECv10,ICHwk4,ICHwk4/08,C6
9663,Add_2021,ICHwk4,ICHwk4/Ro,A0
9664,Add_2021,ICHwk4,ICHwk4/Ro,B0
9665,USA_2023,ICHxh_ID,ICHxh_ID/101,D4
9666,USA_2023,ICHxh_ID,ICHxh_ID/101,D3
9667,USA_2023,ICHxh_ID,ICHxh_ID/101,C4
9668,USA_2023,ICHxh_ID,ICHxh_ID/101,C3
9669,USA_2023,ICHxh_ID,ICHxh_ID/101,B4
9670,USA_2023,ICHxh_ID,ICHxh_ID/101,B3
9671,USA_2023,ICHxh_ID,ICHxh_ID/102,D1
9672,USA_2023,ICHxh_ID,ICHxh_ID/102,C1
9673,USA_2023,ICHxh_ID,ICHxh_ID/102,B1
9674,USA_2023,ICHxh_ID,ICHxh_ID/102,A1
9675,USA_2023,ICHxh_ID,ICHxh_ID/103,D2
9676,USA_2023,ICHxh_ID,ICHxh_ID/103,C2
9677,USA_2023,ICHxh_ID,ICHxh_ID/103,B2
9678,USA_2023,ICHxh_ID,ICHxh_ID/103,A2
9679,USA_2023,ICHxh_ID,ICHxh_ID/110,C5
9680,USA_2023,ICHxh_ID,ICHxh_ID/110,B5
9681,USA_2023,ICHxh_ID,ICHxh_ID/111,C6
9682,USA_2023,ICHxh_ID,ICHxh_ID/111,B6
9683,USA_2023,ICHxh_ID,ICHxh_ID/112,E5
9684,USA_2023,ICHxh_ID,ICHxh_ID/112,D5
9685,USA_2023,ICHxh_ID,ICHxh_ID/113,E6
9686,USA_2023,ICHxh_ID,ICHxh_ID/113,D6
9687,USA_2023,ICHxh_ID,ICHxh_ID/Ro,A0
9688,USA_2023,ICHxh_ID,ICHxh_ID/Ro,B0
9689,BECv12,ICHxm1,ICHxm1/101,B4
9690,BECv12,ICHxm1,ICHxm1/101,C4
9691,BECv12,ICHxm1,ICHxm1/102,A1
9692,BECv12,ICHxm1,ICHxm1/102,B1
9693,BECv12,ICHxm1,ICHxm1/102,C1
9694,BECv12,ICHxm1,ICHxm1/103,B2
9695,BECv12,ICHxm1,ICHxm1/103,C2
9696,BECv12,ICHxm1,ICHxm1/104,B3
9697,BECv12,ICHxm1,ICHxm1/104,C3
9698,BECv12,ICHxm1,ICHxm1/104.1,B3
9699,BECv12,ICHxm1,ICHxm1/104.1,C3
9700,BECv12,ICHxm1,ICHxm1/104.2,B3
9701,BECv12,ICHxm1,ICHxm1/104.2,C3
9702,BECv12,ICHxm1,ICHxm1/110,C5
9703,BECv12,ICHxm1,ICHxm1/110,D5
9704,BECv12,ICHxm1,ICHxm1/110,B5
9705,BECv12,ICHxm1,ICHxm1/110,D4
9706,BECv12,ICHxm1,ICHxm1/111,C5
9707,BECv12,ICHxm1,ICHxm1/111,C6
9708,BECv12,ICHxm1,ICHxm1/111,D5
9709,BECv12,ICHxm1,ICHxm1/111,D6
9710,BECv12,ICHxm1,ICHxm1/112,B6
9711,BECv12,ICHxm1,ICHxm1/112,B7
9712,BECv12,ICHxm1,ICHxm1/112,C6
9713,BECv12,ICHxm1,ICHxm1/112,C7
9714,BECv12,ICHxm1,ICHxm1/112,D6
9715,BECv12,ICHxm1,ICHxm1/112,D7
9716,Add_2021,ICHxm1,ICHxm1/Ro,A0
9717,Add_2021,ICHxm1,ICHxm1/Ro,B0
9718,BECv10,ICHxw,ICHxw/101,D4
9719,BECv10,ICHxw,ICHxw/101,C4
9720,BECv10,ICHxw,ICHxw/101,B4
9721,BECv10,ICHxw,ICHxw/102,B1
9722,BECv10,ICHxw,ICHxw/102,A1
9723,BECv10,ICHxw,ICHxw/103,C2
9724,BECv10,ICHxw,ICHxw/103,B2
9725,BECv10,ICHxw,ICHxw/104,C3
9726,BECv10,ICHxw,ICHxw/104,C2
9727,BECv10,ICHxw,ICHxw/104,B3
9728,BECv10,ICHxw,ICHxw/110,D5
9729,BECv10,ICHxw,ICHxw/110,D4
9730,BECv10,ICHxw,ICHxw/110,C5
9731,BECv10,ICHxw,ICHxw/111,D6
9732,BECv10,ICHxw,ICHxw/111,D5
9733,BECv10,ICHxw,ICHxw/111,C6
9734,BECv10,ICHxw,ICHxw/111,C5
9735,BECv10,ICHxw,ICHxw/112,D7
9736,BECv10,ICHxw,ICHxw/112,D6
9737,BECv10,ICHxw,ICHxw/112,C7
9738,BECv10,ICHxw,ICHxw/112,C6
9739,BECv10,ICHxw,ICHxw/113,E7
9740,BECv10,ICHxw,ICHxw/113,E6
9741,BECv10,ICHxw,ICHxw/113,D7
9742,BECv10,ICHxw,ICHxw/113,D6
9743,BECv12,ICHxw,ICHxw/Fm01,E5
9744,BECv12,ICHxw,ICHxw/Fm01,E6
9745,Add_2021,ICHxw,ICHxw/Ro,A0
9746,Add_2021,ICHxw,ICHxw/Ro,B0
9747,USA_2024,ICHxw_ID,ICHxw_ID/101,D4
9748,USA_2024,ICHxw_ID,ICHxw_ID/101,D3
9749,USA_2024,ICHxw_ID,ICHxw_ID/101,C4
9750,USA_2024,ICHxw_ID,ICHxw_ID/101,C3
9751,USA_2024,ICHxw_ID,ICHxw_ID/101,B4
9752,USA_2024,ICHxw_ID,ICHxw_ID/101,B3
9753,USA_2024,ICHxw_ID,ICHxw_ID/102,D1
9754,USA_2024,ICHxw_ID,ICHxw_ID/102,C1
9755,USA_2024,ICHxw_ID,ICHxw_ID/102,B1
9756,USA_2024,ICHxw_ID,ICHxw_ID/102,A1
9757,USA_2024,ICHxw_ID,ICHxw_ID/103,D2
9758,USA_2024,ICHxw_ID,ICHxw_ID/103,C2
9759,USA_2024,ICHxw_ID,ICHxw_ID/103,B2
9760,USA_2024,ICHxw_ID,ICHxw_ID/103,A2
9761,USA_2024,ICHxw_ID,ICHxw_ID/110,C5
9762,USA_2024,ICHxw_ID,ICHxw_ID/110,B5
9763,USA_2024,ICHxw_ID,ICHxw_ID/111,C6
9764,USA_2024,ICHxw_ID,ICHxw_ID/111,B6
9765,USA_2024,ICHxw_ID,ICHxw_ID/112,E5
9766,USA_2024,ICHxw_ID,ICHxw_ID/112,D5
9767,USA_2024,ICHxw_ID,ICHxw_ID/113,E6
9768,USA_2024,ICHxw_ID,ICHxw_ID/113,D6
9769,USA_2024,ICHxw_ID,ICHxw_ID/Ro,A0
9770,USA_2024,ICHxw_ID,ICHxw_ID/Ro,B0
9771,USA_2019,ICHxw_WA,ICHxw_WA/101,D4
9772,USA_2019,ICHxw_WA,ICHxw_WA/101,D3
9773,USA_2019,ICHxw_WA,ICHxw_WA/101,C4
9774,USA_2019,ICHxw_WA,ICHxw_WA/101,C3
9775,USA_2019,ICHxw_WA,ICHxw_WA/101,B4
9776,USA_2019,ICHxw_WA,ICHxw_WA/101,B3
9777,USA_2019,ICHxw_WA,ICHxw_WA/102,D1
9778,USA_2019,ICHxw_WA,ICHxw_WA/102,C1
9779,USA_2019,ICHxw_WA,ICHxw_WA/102,B1
9780,USA_2019,ICHxw_WA,ICHxw_WA/102,A1
9781,USA_2019,ICHxw_WA,ICHxw_WA/103,D2
9782,USA_2019,ICHxw_WA,ICHxw_WA/103,C2
9783,USA_2019,ICHxw_WA,ICHxw_WA/103,B2
9784,USA_2019,ICHxw_WA,ICHxw_WA/103,A2
9785,USA_2019,ICHxw_WA,ICHxw_WA/110,C5
9786,USA_2019,ICHxw_WA,ICHxw_WA/110,B5
9787,USA_2019,ICHxw_WA,ICHxw_WA/111,C6
9788,USA_2019,ICHxw_WA,ICHxw_WA/111,B6
9789,USA_2019,ICHxw_WA,ICHxw_WA/112,E5
9790,USA_2019,ICHxw_WA,ICHxw_WA/112,D5
9791,USA_2019,ICHxw_WA,ICHxw_WA/113,E6
9792,USA_2019,ICHxw_WA,ICHxw_WA/113,D6
9793,Add_2021,ICHxw_WA,ICHxw_WA/Ro,A0
9794,Add_2021,ICHxw_WA,ICHxw_WA/Ro,B0
9795,BECv10,ICHxwa,ICHxwa/101,D4
9796,BECv10,ICHxwa,ICHxwa/101,C4
9797,BECv10,ICHxwa,ICHxwa/101,B4
9798,BECv10,ICHxwa,ICHxwa/102,B1
9799,BECv10,ICHxwa,ICHxwa/102,A1
9800,BECv10,ICHxwa,ICHxwa/103,C2
9801,BECv10,ICHxwa,ICHxwa/103,B2
9802,BECv10,ICHxwa,ICHxwa/104,C3
9803,BECv10,ICHxwa,ICHxwa/104,C2
9804,BECv10,ICHxwa,ICHxwa/104,B3
9805,BECv10,ICHxwa,ICHxwa/110,D5
9806,BECv10,ICHxwa,ICHxwa/110,D4
9807,BECv10,ICHxwa,ICHxwa/110,C5
9808,BECv10,ICHxwa,ICHxwa/111,D6
9809,BECv10,ICHxwa,ICHxwa/111,D5
9810,BECv10,ICHxwa,ICHxwa/111,C6
9811,BECv10,ICHxwa,ICHxwa/111,C5
9812,BECv10,ICHxwa,ICHxwa/112,D7
9813,BECv10,ICHxwa,ICHxwa/112,D6
9814,BECv10,ICHxwa,ICHxwa/112,C7
9815,BECv10,ICHxwa,ICHxwa/112,C6
9816,BECv10,ICHxwa,ICHxwa/113,E7
9817,BECv10,ICHxwa,ICHxwa/113,E6
9818,BECv10,ICHxwa,ICHxwa/113,D7
9819,BECv10,ICHxwa,ICHxwa/113,D6
9820,BECv12,ICHxwa,ICHxwa/Fm01,E5
9821,BECv12,ICHxwa,ICHxwa/Fm01,E6
9822,Add_2021,ICHxwa,ICHxwa/Ro,A0
9823,Add_2021,ICHxwa,ICHxwa/Ro,B0
9824,BECv10,IDFdc,IDFdc/01,D4
9825,BECv10,IDFdc,IDFdc/01,D3
9826,BECv10,IDFdc,IDFdc/01,C4
9827,BECv10,IDFdc,IDFdc/01,C3
9828,BECv10,IDFdc,IDFdc/01,B4
9829,BECv10,IDFdc,IDFdc/01,B3
9830,BECv10,IDFdc,IDFdc/01,A4
9831,BECv10,IDFdc,IDFdc/01,A3
9832,BECv10,IDFdc,IDFdc/02,D2
9833,BECv10,IDFdc,IDFdc/02,D1
9834,BECv10,IDFdc,IDFdc/02,D0
9835,BECv10,IDFdc,IDFdc/02,C2
9836,BECv10,IDFdc,IDFdc/02,C1
9837,BECv10,IDFdc,IDFdc/02,C0
9838,BECv10,IDFdc,IDFdc/02,B2
9839,BECv10,IDFdc,IDFdc/02,B1
9840,BECv10,IDFdc,IDFdc/02,B0
9841,BECv10,IDFdc,IDFdc/02,A2
9842,BECv10,IDFdc,IDFdc/02,A1
9843,BECv10,IDFdc,IDFdc/02,A0
9844,BECv10,IDFdc,IDFdc/03,D4
9845,BECv10,IDFdc,IDFdc/03,D3
9846,BECv10,IDFdc,IDFdc/03,D2
9847,BECv10,IDFdc,IDFdc/03,C4
9848,BECv10,IDFdc,IDFdc/03,C3
9849,BECv10,IDFdc,IDFdc/03,C2
9850,BECv10,IDFdc,IDFdc/03,B3
9851,BECv10,IDFdc,IDFdc/03,B2
9852,BECv10,IDFdc,IDFdc/03,A3
9853,BECv10,IDFdc,IDFdc/03,A2
9854,BECv10,IDFdc,IDFdc/04,E5
9855,BECv10,IDFdc,IDFdc/04,E4
9856,BECv10,IDFdc,IDFdc/04,D5
9857,BECv10,IDFdc,IDFdc/04,D4
9858,BECv10,IDFdc,IDFdc/04,C5
9859,BECv10,IDFdc,IDFdc/04,C4
9860,BECv10,IDFdc,IDFdc/04,B5
9861,BECv10,IDFdc,IDFdc/04,B4
9862,BECv10,IDFdc,IDFdc/04,A5
9863,BECv10,IDFdc,IDFdc/04,A4
9864,BECv10,IDFdc,IDFdc/05,E6
9865,BECv10,IDFdc,IDFdc/05,E5
9866,BECv10,IDFdc,IDFdc/05,D6
9867,BECv10,IDFdc,IDFdc/05,D5
9868,BECv10,IDFdc,IDFdc/05,C6
9869,BECv10,IDFdc,IDFdc/05,C5
9870,BECv10,IDFdc,IDFdc/05,B5
9871,BECv10,IDFdc,IDFdc/06,E7
9872,BECv10,IDFdc,IDFdc/06,E6
9873,BECv10,IDFdc,IDFdc/06,D6
9874,BECv10,IDFdc,IDFdc/06,C6
9875,BECv10,IDFdc,IDFdc/06,C5
9876,BECv10,IDFdc,IDFdc/06,B6
9877,BECv10,IDFdc,IDFdc/06,B5
9878,BECv10,IDFdc,IDFdc/07,E7
9879,BECv10,IDFdc,IDFdc/07,D7
9880,BECv10,IDFdc,IDFdc/07,D6
9881,BECv10,IDFdc,IDFdc/07,C7
9882,BECv10,IDFdc,IDFdc/07,C6
9883,BECv10,IDFdc,IDFdc/07,B7
9884,BECv10,IDFdc,IDFdc/07,B6
9885,BECv10,IDFdc,IDFdc/08,E7
9886,BECv10,IDFdc,IDFdc/08,D7
9887,BECv10,IDFdc,IDFdc/08,C7
9888,BECv10,IDFdc,IDFdc/08,B7
9889,BECv10,IDFdc,IDFdc/Gg,D1
9890,BECv10,IDFdc,IDFdc/Gg,C1
9891,BECv12,IDFdh,IDFdh/101,D4
9892,BECv12,IDFdh,IDFdh/101,C4
9893,BECv12,IDFdh,IDFdh/101,B4
9894,BECv12,IDFdh,IDFdh/102,C1
9895,BECv12,IDFdh,IDFdh/102,B1
9896,BECv12,IDFdh,IDFdh/102,A1
9897,BECv12,IDFdh,IDFdh/103,D2
9898,BECv12,IDFdh,IDFdh/103,C2
9899,BECv12,IDFdh,IDFdh/103,B2
9900,BECv12,IDFdh,IDFdh/104,D3
9901,BECv12,IDFdh,IDFdh/104,C3
9902,BECv12,IDFdh,IDFdh/104,B3
9903,BECv12,IDFdh,IDFdh/110,D5
9904,BECv12,IDFdh,IDFdh/110,C5
9905,BECv12,IDFdh,IDFdh/111,D6
9906,BECv12,IDFdh,IDFdh/111,D5
9907,BECv12,IDFdh,IDFdh/111,C6
9908,BECv12,IDFdh,IDFdh/111,C5
9909,BECv12,IDFdh,IDFdh/Fm01,E6
9910,BECv12,IDFdh,IDFdh/Fm01,E5
9911,BECv12,IDFdh,IDFdh/Fm05,E6
9912,BECv12,IDFdh,IDFdh/Fm05,E5
9913,Add_2021,IDFdh,IDFdh/Ro,A0
9914,Add_2021,IDFdh,IDFdh/Ro,B0
9915,USA_2019,IDFdh_MT,IDFdh_MT/101,D4
9916,USA_2019,IDFdh_MT,IDFdh_MT/101,D3
9917,USA_2019,IDFdh_MT,IDFdh_MT/101,C4
9918,USA_2019,IDFdh_MT,IDFdh_MT/101,C3
9919,USA_2019,IDFdh_MT,IDFdh_MT/101,B4
9920,USA_2019,IDFdh_MT,IDFdh_MT/101,B3
9921,USA_2019,IDFdh_MT,IDFdh_MT/102,D1
9922,USA_2019,IDFdh_MT,IDFdh_MT/102,C1
9923,USA_2019,IDFdh_MT,IDFdh_MT/102,B1
9924,USA_2019,IDFdh_MT,IDFdh_MT/102,A1
9925,USA_2019,IDFdh_MT,IDFdh_MT/103,D2
9926,USA_2019,IDFdh_MT,IDFdh_MT/103,C2
9927,USA_2019,IDFdh_MT,IDFdh_MT/103,B2
9928,USA_2019,IDFdh_MT,IDFdh_MT/103,A2
9929,USA_2019,IDFdh_MT,IDFdh_MT/110,C5
9930,USA_2019,IDFdh_MT,IDFdh_MT/110,B5
9931,USA_2019,IDFdh_MT,IDFdh_MT/111,C6
9932,USA_2019,IDFdh_MT,IDFdh_MT/111,B6
9933,USA_2019,IDFdh_MT,IDFdh_MT/112,E5
9934,USA_2019,IDFdh_MT,IDFdh_MT/112,D5
9935,USA_2019,IDFdh_MT,IDFdh_MT/113,E6
9936,USA_2019,IDFdh_MT,IDFdh_MT/113,D6
9937,Add_2021,IDFdh_MT,IDFdh_MT/Ro,A0
9938,Add_2021,IDFdh_MT,IDFdh_MT/Ro,B0
9939,USA_2019,IDFdh_UT,IDFdh_UT/101,D4
9940,USA_2019,IDFdh_UT,IDFdh_UT/101,D3
9941,USA_2019,IDFdh_UT,IDFdh_UT/101,C4
9942,USA_2019,IDFdh_UT,IDFdh_UT/101,C3
9943,USA_2019,IDFdh_UT,IDFdh_UT/101,B4
9944,USA_2019,IDFdh_UT,IDFdh_UT/101,B3
9945,USA_2019,IDFdh_UT,IDFdh_UT/102,D2
9946,USA_2019,IDFdh_UT,IDFdh_UT/102,C2
9947,USA_2019,IDFdh_UT,IDFdh_UT/102,B2
9948,USA_2019,IDFdh_UT,IDFdh_UT/102,A2
9949,USA_2019,IDFdh_UT,IDFdh_UT/110,C5
9950,USA_2019,IDFdh_UT,IDFdh_UT/110,B5
9951,USA_2019,IDFdh_UT,IDFdh_UT/111,C6
9952,USA_2019,IDFdh_UT,IDFdh_UT/111,B6
9953,USA_2019,IDFdh_UT,IDFdh_UT/112,E5
9954,USA_2019,IDFdh_UT,IDFdh_UT/112,D5
9955,USA_2019,IDFdh_UT,IDFdh_UT/113,E6
9956,USA_2019,IDFdh_UT,IDFdh_UT/113,D6
9957,USA_2019,IDFdh_UT,IDFdh_UT/Gg,D1
9958,USA_2019,IDFdh_UT,IDFdh_UT/Gg,C1
9959,USA_2019,IDFdh_UT,IDFdh_UT/Gg,B1
9960,USA_2019,IDFdh_UT,IDFdh_UT/Gg,A1
9961,Add_2021,IDFdh_UT,IDFdh_UT/Ro,A0
9962,Add_2021,IDFdh_UT,IDFdh_UT/Ro,B0
9963,USA_2019,IDFdh_WA,IDFdh_WA/101,D4
9964,USA_2019,IDFdh_WA,IDFdh_WA/101,D3
9965,USA_2019,IDFdh_WA,IDFdh_WA/101,C4
9966,USA_2019,IDFdh_WA,IDFdh_WA/101,C3
9967,USA_2019,IDFdh_WA,IDFdh_WA/101,B4
9968,USA_2019,IDFdh_WA,IDFdh_WA/101,B3
9969,USA_2019,IDFdh_WA,IDFdh_WA/101,A4
9970,USA_2019,IDFdh_WA,IDFdh_WA/101,A3
9971,USA_2019,IDFdh_WA,IDFdh_WA/102,D1
9972,USA_2019,IDFdh_WA,IDFdh_WA/102,C1
9973,USA_2019,IDFdh_WA,IDFdh_WA/102,B1
9974,USA_2019,IDFdh_WA,IDFdh_WA/102,A1
9975,USA_2019,IDFdh_WA,IDFdh_WA/103,D2
9976,USA_2019,IDFdh_WA,IDFdh_WA/103,C2
9977,USA_2019,IDFdh_WA,IDFdh_WA/103,B2
9978,USA_2019,IDFdh_WA,IDFdh_WA/103,A2
9979,USA_2019,IDFdh_WA,IDFdh_WA/110,C5
9980,USA_2019,IDFdh_WA,IDFdh_WA/110,B5
9981,USA_2019,IDFdh_WA,IDFdh_WA/111,C6
9982,USA_2019,IDFdh_WA,IDFdh_WA/111,B6
9983,USA_2019,IDFdh_WA,IDFdh_WA/112,E5
9984,USA_2019,IDFdh_WA,IDFdh_WA/112,D5
9985,USA_2019,IDFdh_WA,IDFdh_WA/113,E6
9986,USA_2019,IDFdh_WA,IDFdh_WA/113,D6
9987,Add_2021,IDFdh_WA,IDFdh_WA/Ro,A0
9988,Add_2021,IDFdh_WA,IDFdh_WA/Ro,B0
9989,USA_2019,IDFdk_MT,IDFdk_MT/101,D4
9990,USA_2019,IDFdk_MT,IDFdk_MT/101,D3
9991,USA_2019,IDFdk_MT,IDFdk_MT/101,C4
9992,USA_2019,IDFdk_MT,IDFdk_MT/101,C3
9993,USA_2019,IDFdk_MT,IDFdk_MT/101,B4
9994,USA_2019,IDFdk_MT,IDFdk_MT/101,B3
9995,USA_2019,IDFdk_MT,IDFdk_MT/102,D1
9996,USA_2019,IDFdk_MT,IDFdk_MT/102,C1
9997,USA_2019,IDFdk_MT,IDFdk_MT/102,B1
9998,USA_2019,IDFdk_MT,IDFdk_MT/102,A1
9999,USA_2019,IDFdk_MT,IDFdk_MT/103,D2
10000,USA_2019,IDFdk_MT,IDFdk_MT/103,C2
10001,USA_2019,IDFdk_MT,IDFdk_MT/103,B2
10002,USA_2019,IDFdk_MT,IDFdk_MT/103,A2
10003,USA_2019,IDFdk_MT,IDFdk_MT/110,C5
10004,USA_2019,IDFdk_MT,IDFdk_MT/110,B5
10005,USA_2019,IDFdk_MT,IDFdk_MT/111,C6
10006,USA_2019,IDFdk_MT,IDFdk_MT/111,B6
10007,USA_2019,IDFdk_MT,IDFdk_MT/112,E5
10008,USA_2019,IDFdk_MT,IDFdk_MT/112,D5
10009,USA_2019,IDFdk_MT,IDFdk_MT/113,E6
10010,USA_2019,IDFdk_MT,IDFdk_MT/113,D6
10011,Add_2021,IDFdk_MT,IDFdk_MT/Ro,A0
10012,Add_2021,IDFdk_MT,IDFdk_MT/Ro,B0
10013,USA_2019,IDFdk_WA,IDFdk_WA/101,D4
10014,USA_2019,IDFdk_WA,IDFdk_WA/101,D3
10015,USA_2019,IDFdk_WA,IDFdk_WA/101,C4
10016,USA_2019,IDFdk_WA,IDFdk_WA/101,C3
10017,USA_2019,IDFdk_WA,IDFdk_WA/101,B4
10018,USA_2019,IDFdk_WA,IDFdk_WA/101,B3
10019,USA_2019,IDFdk_WA,IDFdk_WA/102,D1
10020,USA_2019,IDFdk_WA,IDFdk_WA/102,C1
10021,USA_2019,IDFdk_WA,IDFdk_WA/102,B1
10022,USA_2019,IDFdk_WA,IDFdk_WA/102,A1
10023,USA_2019,IDFdk_WA,IDFdk_WA/103,D2
10024,USA_2019,IDFdk_WA,IDFdk_WA/103,C2
10025,USA_2019,IDFdk_WA,IDFdk_WA/103,B2
10026,USA_2019,IDFdk_WA,IDFdk_WA/103,A2
10027,USA_2019,IDFdk_WA,IDFdk_WA/110,C5
10028,USA_2019,IDFdk_WA,IDFdk_WA/110,B5
10029,USA_2019,IDFdk_WA,IDFdk_WA/111,C6
10030,USA_2019,IDFdk_WA,IDFdk_WA/111,B6
10031,USA_2019,IDFdk_WA,IDFdk_WA/112,E5
10032,USA_2019,IDFdk_WA,IDFdk_WA/112,D5
10033,USA_2019,IDFdk_WA,IDFdk_WA/113,E6
10034,USA_2019,IDFdk_WA,IDFdk_WA/113,D6
10035,Add_2021,IDFdk_WA,IDFdk_WA/Ro,A0
10036,Add_2021,IDFdk_WA,IDFdk_WA/Ro,B0
10037,BECv12,IDFdk1,IDFdk1/101,D4
10038,BECv12,IDFdk1,IDFdk1/101,D3
10039,BECv12,IDFdk1,IDFdk1/101,C4
10040,BECv12,IDFdk1,IDFdk1/101,C3
10041,BECv12,IDFdk1,IDFdk1/101,B4
10042,BECv12,IDFdk1,IDFdk1/101,B3
10043,BECv12,IDFdk1,IDFdk1/102,C1
10044,BECv12,IDFdk1,IDFdk1/102,C0
10045,BECv12,IDFdk1,IDFdk1/102,B1
10046,BECv12,IDFdk1,IDFdk1/102,A1
10047,BECv12,IDFdk1,IDFdk1/103,D2
10048,BECv12,IDFdk1,IDFdk1/103,C2
10049,BECv12,IDFdk1,IDFdk1/103,B2
10050,BECv12,IDFdk1,IDFdk1/104,D3
10051,BECv12,IDFdk1,IDFdk1/104,D2
10052,BECv12,IDFdk1,IDFdk1/104,C3
10053,BECv12,IDFdk1,IDFdk1/104,C2
10054,BECv12,IDFdk1,IDFdk1/104,B3
10055,BECv12,IDFdk1,IDFdk1/104,B2
10056,BECv12,IDFdk1,IDFdk1/105,D4
10057,BECv12,IDFdk1,IDFdk1/105,D3
10058,BECv12,IDFdk1,IDFdk1/105,C4
10059,BECv12,IDFdk1,IDFdk1/105,C3
10060,BECv12,IDFdk1,IDFdk1/105,B4
10061,BECv12,IDFdk1,IDFdk1/105,B3
10062,BECv12,IDFdk1,IDFdk1/110,E5
10063,BECv12,IDFdk1,IDFdk1/110,D5
10064,BECv12,IDFdk1,IDFdk1/111,D5
10065,BECv12,IDFdk1,IDFdk1/111,C5
10066,BECv12,IDFdk1,IDFdk1/Fm02,E7
10067,BECv12,IDFdk1,IDFdk1/Fm02,E6
10068,BECv12,IDFdk1,IDFdk1/Fm02,D7
10069,BECv12,IDFdk1,IDFdk1/Fm02,D6
10070,BECv12,IDFdk1,IDFdk1/Fm02,C7
10071,BECv12,IDFdk1,IDFdk1/Fm02,C6
10072,BECv12,IDFdk1,IDFdk1/Fm05,E7
10073,BECv12,IDFdk1,IDFdk1/Fm05,E6
10074,BECv12,IDFdk1,IDFdk1/Fm05,D7
10075,BECv12,IDFdk1,IDFdk1/Fm05,D6
10076,BECv12,IDFdk1,IDFdk1/Fm05,C7
10077,BECv12,IDFdk1,IDFdk1/Fm05,C6
10078,BECv10,IDFdk1,IDFdk1/Gg1,C1
10079,BECv10,IDFdk1,IDFdk1/Gg1,B1
10080,BECv10,IDFdk1,IDFdk1/Gg2,E4
10081,BECv10,IDFdk1,IDFdk1/Gg2,E3
10082,BECv10,IDFdk1,IDFdk1/Gg2,D4
10083,BECv10,IDFdk1,IDFdk1/Gg2,D3
10084,BECv10,IDFdk1,IDFdk1/Gg2,C4
10085,BECv10,IDFdk1,IDFdk1/Gg2,C3
10086,BECv10,IDFdk1,IDFdk1/Gg2,C2
10087,BECv10,IDFdk1,IDFdk1/Gg2,B3
10088,BECv10,IDFdk1,IDFdk1/Gg2,B2
10089,Add_2021,IDFdk1,IDFdk1/Ro,A0
10090,Add_2021,IDFdk1,IDFdk1/Ro,B0
10091,BECv12,IDFdk2,IDFdk2/101,D4
10092,BECv12,IDFdk2,IDFdk2/101,D3
10093,BECv12,IDFdk2,IDFdk2/101,C4
10094,BECv12,IDFdk2,IDFdk2/101,C3
10095,BECv12,IDFdk2,IDFdk2/101,B4
10096,BECv12,IDFdk2,IDFdk2/101,B3
10097,BECv12,IDFdk2,IDFdk2/102,C1
10098,BECv12,IDFdk2,IDFdk2/102,B1
10099,BECv12,IDFdk2,IDFdk2/102,A1
10100,BECv12,IDFdk2,IDFdk2/103,D2
10101,BECv12,IDFdk2,IDFdk2/103,D1
10102,BECv12,IDFdk2,IDFdk2/103,C2
10103,BECv12,IDFdk2,IDFdk2/103,C1
10104,BECv12,IDFdk2,IDFdk2/103,B2
10105,BECv12,IDFdk2,IDFdk2/104,D3
10106,BECv12,IDFdk2,IDFdk2/104,D2
10107,BECv12,IDFdk2,IDFdk2/104,C3
10108,BECv12,IDFdk2,IDFdk2/104,C2
10109,BECv12,IDFdk2,IDFdk2/104,B3
10110,BECv12,IDFdk2,IDFdk2/104,B2
10111,BECv12,IDFdk2,IDFdk2/105,D4
10112,BECv12,IDFdk2,IDFdk2/105,D3
10113,BECv12,IDFdk2,IDFdk2/105,C4
10114,BECv12,IDFdk2,IDFdk2/105,C3
10115,BECv12,IDFdk2,IDFdk2/105,B4
10116,BECv12,IDFdk2,IDFdk2/105,B3
10117,BECv12,IDFdk2,IDFdk2/110,D5
10118,BECv12,IDFdk2,IDFdk2/110,C5
10119,BECv12,IDFdk2,IDFdk2/111,E7
10120,BECv12,IDFdk2,IDFdk2/111,D7
10121,BECv12,IDFdk2,IDFdk2/111,C7
10122,BECv12,IDFdk2,IDFdk2/111,C6
10123,BECv12,IDFdk2,IDFdk2/Fm02,E6
10124,BECv12,IDFdk2,IDFdk2/Fm02,E5
10125,BECv12,IDFdk2,IDFdk2/Fm02,D6
10126,BECv10,IDFdk2,IDFdk2/Gg,D1
10127,BECv10,IDFdk2,IDFdk2/Gg,C1
10128,BECv10,IDFdk2,IDFdk2/Gg,B1
10129,BECv10,IDFdk3,IDFdk3/01,D4
10130,BECv10,IDFdk3,IDFdk3/01,C4
10131,BECv10,IDFdk3,IDFdk3/01,B4
10132,BECv10,IDFdk3,IDFdk3/02,B1
10133,BECv10,IDFdk3,IDFdk3/02,A1
10134,BECv10,IDFdk3,IDFdk3/03,D1
10135,BECv10,IDFdk3,IDFdk3/03,C1
10136,BECv10,IDFdk3,IDFdk3/04,D2
10137,BECv10,IDFdk3,IDFdk3/04,C2
10138,BECv10,IDFdk3,IDFdk3/05,C3
10139,BECv10,IDFdk3,IDFdk3/05,C2
10140,BECv10,IDFdk3,IDFdk3/05,B3
10141,BECv10,IDFdk3,IDFdk3/05,B2
10142,BECv10,IDFdk3,IDFdk3/05,A3
10143,BECv10,IDFdk3,IDFdk3/05,A2
10144,BECv10,IDFdk3,IDFdk3/06,D3
10145,BECv10,IDFdk3,IDFdk3/06,C3
10146,BECv10,IDFdk3,IDFdk3/07,D5
10147,BECv10,IDFdk3,IDFdk3/07,C5
10148,BECv10,IDFdk3,IDFdk3/08,E5
10149,BECv10,IDFdk3,IDFdk3/08,D5
10150,BECv10,IDFdk3,IDFdk3/09,E7
10151,BECv10,IDFdk3,IDFdk3/09,E6
10152,BECv10,IDFdk3,IDFdk3/09,D7
10153,BECv10,IDFdk3,IDFdk3/09,D6
10154,BECv10,IDFdk3,IDFdk3/09,C7
10155,BECv10,IDFdk3,IDFdk3/09,C6
10156,BECv10,IDFdk3,IDFdk3/09,B7
10157,BECv10,IDFdk3,IDFdk3/09,B6
10158,Add_2021,IDFdk3,IDFdk3/Ro,A0
10159,Add_2021,IDFdk3,IDFdk3/Ro,B0
10160,BECv10,IDFdk4,IDFdk4/01,D4
10161,BECv10,IDFdk4,IDFdk4/01,D3
10162,BECv10,IDFdk4,IDFdk4/01,C4
10163,BECv10,IDFdk4,IDFdk4/01,B4
10164,BECv10,IDFdk4,IDFdk4/02,D1
10165,BECv10,IDFdk4,IDFdk4/02,C1
10166,BECv10,IDFdk4,IDFdk4/02,B1
10167,BECv10,IDFdk4,IDFdk4/02,A1
10168,BECv10,IDFdk4,IDFdk4/03,B2
10169,BECv10,IDFdk4,IDFdk4/03,B1
10170,BECv10,IDFdk4,IDFdk4/03,A2
10171,BECv10,IDFdk4,IDFdk4/03,A1
10172,BECv10,IDFdk4,IDFdk4/04,D2
10173,BECv10,IDFdk4,IDFdk4/04,D1
10174,BECv10,IDFdk4,IDFdk4/04,C2
10175,BECv10,IDFdk4,IDFdk4/04,C1
10176,BECv10,IDFdk4,IDFdk4/05,D3
10177,BECv10,IDFdk4,IDFdk4/05,D2
10178,BECv10,IDFdk4,IDFdk4/05,C3
10179,BECv10,IDFdk4,IDFdk4/05,C2
10180,BECv10,IDFdk4,IDFdk4/06,B3
10181,BECv10,IDFdk4,IDFdk4/06,A3
10182,BECv10,IDFdk4,IDFdk4/07,C3
10183,BECv10,IDFdk4,IDFdk4/07,B3
10184,BECv10,IDFdk4,IDFdk4/08,C5
10185,BECv10,IDFdk4,IDFdk4/08,B5
10186,BECv10,IDFdk4,IDFdk4/09,E5
10187,BECv10,IDFdk4,IDFdk4/09,D5
10188,BECv10,IDFdk4,IDFdk4/09,C5
10189,BECv10,IDFdk4,IDFdk4/10,E7
10190,BECv10,IDFdk4,IDFdk4/10,E6
10191,BECv10,IDFdk4,IDFdk4/10,D7
10192,BECv10,IDFdk4,IDFdk4/10,D6
10193,BECv10,IDFdk4,IDFdk4/10,C7
10194,BECv10,IDFdk4,IDFdk4/10,C6
10195,BECv10,IDFdk4,IDFdk4/10,B7
10196,BECv10,IDFdk4,IDFdk4/10,B6
10197,Add_2021,IDFdk4,IDFdk4/Ro,A0
10198,Add_2021,IDFdk4,IDFdk4/Ro,B0
10199,BECv11,IDFdk5,IDFdk5/101,C4
10200,BECv11,IDFdk5,IDFdk5/101,D3
10201,BECv11,IDFdk5,IDFdk5/101,D4
10202,BECv11,IDFdk5,IDFdk5/101,B4
10203,BECv11,IDFdk5,IDFdk5/102,A1
10204,BECv11,IDFdk5,IDFdk5/102,B1
10205,BECv11,IDFdk5,IDFdk5/102,C1
10206,BECv11,IDFdk5,IDFdk5/103,B2
10207,BECv11,IDFdk5,IDFdk5/103,C2
10208,BECv11,IDFdk5,IDFdk5/103,D2
10209,BECv11,IDFdk5,IDFdk5/104,B3
10210,BECv11,IDFdk5,IDFdk5/104,C3
10211,BECv11,IDFdk5,IDFdk5/104,D3
10212,BECv11,IDFdk5,IDFdk5/110,C5
10213,BECv11,IDFdk5,IDFdk5/110,C6
10214,BECv11,IDFdk5,IDFdk5/110,D5
10215,BECv11,IDFdk5,IDFdk5/110,D6
10216,BECv11,IDFdk5,IDFdk5/111,C6
10217,BECv11,IDFdk5,IDFdk5/111,C7
10218,BECv11,IDFdk5,IDFdk5/111,D6
10219,BECv11,IDFdk5,IDFdk5/111,D7
10220,BECv11,IDFdk5,IDFdk5/111,E7
10221,BECv12,IDFdk5,IDFdk5/Fm01,E6
10222,BECv12,IDFdk5,IDFdk5/Fm01,E5
10223,BECv12,IDFdk5,IDFdk5/Fm02,E6
10224,BECv12,IDFdk5,IDFdk5/Fm02,E5
10225,BECv12,IDFdk5,IDFdk5/Fm07,E6
10226,BECv12,IDFdk5,IDFdk5/Fm07,E5
10227,BECv11,IDFdk5,IDFdk5/Ro,A0
10228,BECv11,IDFdk5,IDFdk5/Ro,B0
10229,BECv11,IDFdk5,IDFdk5/Ro,C0
10230,USA_2020,IDFdkx_MT,IDFdkx_MT/101,D4
10231,USA_2020,IDFdkx_MT,IDFdkx_MT/101,D3
10232,USA_2020,IDFdkx_MT,IDFdkx_MT/101,C4
10233,USA_2020,IDFdkx_MT,IDFdkx_MT/101,C3
10234,USA_2020,IDFdkx_MT,IDFdkx_MT/101,B4
10235,USA_2020,IDFdkx_MT,IDFdkx_MT/101,B3
10236,USA_2020,IDFdkx_MT,IDFdkx_MT/102,D1
10237,USA_2020,IDFdkx_MT,IDFdkx_MT/102,C1
10238,USA_2020,IDFdkx_MT,IDFdkx_MT/102,B1
10239,USA_2020,IDFdkx_MT,IDFdkx_MT/102,A1
10240,USA_2020,IDFdkx_MT,IDFdkx_MT/103,D2
10241,USA_2020,IDFdkx_MT,IDFdkx_MT/103,C2
10242,USA_2020,IDFdkx_MT,IDFdkx_MT/103,B2
10243,USA_2020,IDFdkx_MT,IDFdkx_MT/103,A2
10244,USA_2020,IDFdkx_MT,IDFdkx_MT/110,C5
10245,USA_2020,IDFdkx_MT,IDFdkx_MT/110,B5
10246,USA_2020,IDFdkx_MT,IDFdkx_MT/111,C6
10247,USA_2020,IDFdkx_MT,IDFdkx_MT/111,B6
10248,USA_2020,IDFdkx_MT,IDFdkx_MT/112,E5
10249,USA_2020,IDFdkx_MT,IDFdkx_MT/112,D5
10250,USA_2020,IDFdkx_MT,IDFdkx_MT/113,E6
10251,USA_2020,IDFdkx_MT,IDFdkx_MT/113,D6
10252,Add_2021,IDFdkx_MT,IDFdkx_MT/Ro,A0
10253,Add_2021,IDFdkx_MT,IDFdkx_MT/Ro,B0
10254,USA_2019,IDFdm_MT,IDFdm_MT/101,D4
10255,USA_2019,IDFdm_MT,IDFdm_MT/101,D3
10256,USA_2019,IDFdm_MT,IDFdm_MT/101,C4
10257,USA_2019,IDFdm_MT,IDFdm_MT/101,C3
10258,USA_2019,IDFdm_MT,IDFdm_MT/101,B4
10259,USA_2019,IDFdm_MT,IDFdm_MT/101,B3
10260,USA_2019,IDFdm_MT,IDFdm_MT/102,D1
10261,USA_2019,IDFdm_MT,IDFdm_MT/102,C1
10262,USA_2019,IDFdm_MT,IDFdm_MT/102,B1
10263,USA_2019,IDFdm_MT,IDFdm_MT/102,A1
10264,USA_2019,IDFdm_MT,IDFdm_MT/103,D2
10265,USA_2019,IDFdm_MT,IDFdm_MT/103,C2
10266,USA_2019,IDFdm_MT,IDFdm_MT/103,B2
10267,USA_2019,IDFdm_MT,IDFdm_MT/103,A2
10268,USA_2019,IDFdm_MT,IDFdm_MT/110,C5
10269,USA_2019,IDFdm_MT,IDFdm_MT/110,B5
10270,USA_2019,IDFdm_MT,IDFdm_MT/111,C6
10271,USA_2019,IDFdm_MT,IDFdm_MT/111,B6
10272,USA_2019,IDFdm_MT,IDFdm_MT/112,E5
10273,USA_2019,IDFdm_MT,IDFdm_MT/112,D5
10274,USA_2019,IDFdm_MT,IDFdm_MT/113,E6
10275,USA_2019,IDFdm_MT,IDFdm_MT/113,D6
10276,Add_2021,IDFdm_MT,IDFdm_MT/Ro,A0
10277,Add_2021,IDFdm_MT,IDFdm_MT/Ro,B0
10278,USA_2019,IDFdm_WA,IDFdm_WA/101,D4
10279,USA_2019,IDFdm_WA,IDFdm_WA/101,D3
10280,USA_2019,IDFdm_WA,IDFdm_WA/101,C4
10281,USA_2019,IDFdm_WA,IDFdm_WA/101,C3
10282,USA_2019,IDFdm_WA,IDFdm_WA/101,B4
10283,USA_2019,IDFdm_WA,IDFdm_WA/101,B3
10284,USA_2019,IDFdm_WA,IDFdm_WA/101,A4
10285,USA_2019,IDFdm_WA,IDFdm_WA/101,A3
10286,USA_2019,IDFdm_WA,IDFdm_WA/102,D1
10287,USA_2019,IDFdm_WA,IDFdm_WA/102,C1
10288,USA_2019,IDFdm_WA,IDFdm_WA/102,B1
10289,USA_2019,IDFdm_WA,IDFdm_WA/102,A1
10290,USA_2019,IDFdm_WA,IDFdm_WA/103,D2
10291,USA_2019,IDFdm_WA,IDFdm_WA/103,C2
10292,USA_2019,IDFdm_WA,IDFdm_WA/103,B2
10293,USA_2019,IDFdm_WA,IDFdm_WA/103,A2
10294,USA_2019,IDFdm_WA,IDFdm_WA/110,C5
10295,USA_2019,IDFdm_WA,IDFdm_WA/110,B5
10296,USA_2019,IDFdm_WA,IDFdm_WA/111,C6
10297,USA_2019,IDFdm_WA,IDFdm_WA/111,B6
10298,USA_2019,IDFdm_WA,IDFdm_WA/112,E5
10299,USA_2019,IDFdm_WA,IDFdm_WA/112,D5
10300,USA_2019,IDFdm_WA,IDFdm_WA/113,E6
10301,USA_2019,IDFdm_WA,IDFdm_WA/113,D6
10302,Add_2021,IDFdm_WA,IDFdm_WA/Ro,A0
10303,Add_2021,IDFdm_WA,IDFdm_WA/Ro,B0
10304,BECv12,IDFdm1,IDFdm1/101,D4
10305,BECv12,IDFdm1,IDFdm1/101,D3
10306,BECv12,IDFdm1,IDFdm1/101,C4
10307,BECv12,IDFdm1,IDFdm1/101,B4
10308,BECv12,IDFdm1,IDFdm1/102,B1
10309,BECv12,IDFdm1,IDFdm1/102,A1
10310,BECv12,IDFdm1,IDFdm1/103,D2
10311,BECv12,IDFdm1,IDFdm1/103,C2
10312,BECv12,IDFdm1,IDFdm1/103,B2
10313,BECv12,IDFdm1,IDFdm1/104,D3
10314,BECv12,IDFdm1,IDFdm1/104,D2
10315,BECv12,IDFdm1,IDFdm1/104,C3
10316,BECv12,IDFdm1,IDFdm1/104,B3
10317,BECv12,IDFdm1,IDFdm1/110,D5
10318,BECv12,IDFdm1,IDFdm1/110,C5
10319,BECv12,IDFdm1,IDFdm1/110.1,D5
10320,BECv12,IDFdm1,IDFdm1/110.1,C5
10321,BECv12,IDFdm1,IDFdm1/110.2,D5
10322,BECv12,IDFdm1,IDFdm1/110.2,C5
10323,BECv12,IDFdm1,IDFdm1/111,E6
10324,BECv12,IDFdm1,IDFdm1/111,D6
10325,BECv12,IDFdm1,IDFdm1/111,D5
10326,BECv12,IDFdm1,IDFdm1/111,C6
10327,BECv12,IDFdm1,IDFdm1/111,C5
10328,BECv12,IDFdm1,IDFdm1/112,E7
10329,BECv12,IDFdm1,IDFdm1/112,E6
10330,BECv12,IDFdm1,IDFdm1/112,D7
10331,BECv12,IDFdm1,IDFdm1/112,D6
10332,BECv12,IDFdm1,IDFdm1/112,C7
10333,BECv12,IDFdm1,IDFdm1/112,C6
10334,BECv12,IDFdm1,IDFdm1/Fm01,E5
10335,BECv12,IDFdm1,IDFdm1/Fm01,E6
10336,BECv12,IDFdm1,IDFdm1/Fm05,E5
10337,BECv12,IDFdm1,IDFdm1/Fm05,E6
10338,Add_2021,IDFdm1,IDFdm1/Ro,A0
10339,Add_2021,IDFdm1,IDFdm1/Ro,B0
10340,BECv11,IDFdm2,IDFdm2/101,C4
10341,BECv11,IDFdm2,IDFdm2/101,D3
10342,BECv11,IDFdm2,IDFdm2/101,D4
10343,BECv11,IDFdm2,IDFdm2/101,B4
10344,BECv11,IDFdm2,IDFdm2/102,B1
10345,BECv11,IDFdm2,IDFdm2/102,C1
10346,BECv11,IDFdm2,IDFdm2/103,B2
10347,BECv11,IDFdm2,IDFdm2/103,C2
10348,BECv11,IDFdm2,IDFdm2/103,D2
10349,BECv11,IDFdm2,IDFdm2/104,B3
10350,BECv11,IDFdm2,IDFdm2/104,C3
10351,BECv11,IDFdm2,IDFdm2/104,D2
10352,BECv11,IDFdm2,IDFdm2/104,D3
10353,BECv11,IDFdm2,IDFdm2/110,C5
10354,BECv11,IDFdm2,IDFdm2/110,D4
10355,BECv11,IDFdm2,IDFdm2/110,D5
10356,BECv11,IDFdm2,IDFdm2/110,E5
10357,BECv11,IDFdm2,IDFdm2/111,C5
10358,BECv11,IDFdm2,IDFdm2/111,C6
10359,BECv11,IDFdm2,IDFdm2/111,D5
10360,BECv11,IDFdm2,IDFdm2/111,D6
10361,BECv11,IDFdm2,IDFdm2/111,E5
10362,BECv11,IDFdm2,IDFdm2/111,E6
10363,BECv11,IDFdm2,IDFdm2/112,C6
10364,BECv11,IDFdm2,IDFdm2/112,C7
10365,BECv11,IDFdm2,IDFdm2/112,D6
10366,BECv11,IDFdm2,IDFdm2/112,D7
10367,BECv11,IDFdm2,IDFdm2/112,E6
10368,BECv11,IDFdm2,IDFdm2/112,E7
10369,BECv11,IDFdm2,IDFdm2/112a,C6
10370,BECv11,IDFdm2,IDFdm2/112a,D6
10371,BECv11,IDFdm2,IDFdm2/112a,E6
10372,BECv11,IDFdm2,IDFdm2/112a,E7
10373,BECv11,IDFdm2,IDFdm2/112b,C7
10374,BECv11,IDFdm2,IDFdm2/112b,D7
10375,BECv11,IDFdm2,IDFdm2/Ro,A0
10376,BECv11,IDFdm2,IDFdm2/Ro,B0
10377,BECv11,IDFdm2,IDFdm2/Ro,C0
10378,BECv13,IDFdw,IDFdw/101,B4
10379,BECv13,IDFdw,IDFdw/101,C4
10380,BECv13,IDFdw,IDFdw/101,D4
10381,BECv13,IDFdw,IDFdw/101,D3
10382,BECv13,IDFdw,IDFdw/101,C3
10383,BECv13,IDFdw,IDFdw/101,B3
10384,BECv13,IDFdw,IDFdw/102,A1
10385,BECv13,IDFdw,IDFdw/102,B1
10386,BECv13,IDFdw,IDFdw/102,C1
10387,BECv13,IDFdw,IDFdw/102,D1
10388,BECv13,IDFdw,IDFdw/103,A2
10389,BECv13,IDFdw,IDFdw/103,B2
10390,BECv13,IDFdw,IDFdw/103,A3
10391,BECv13,IDFdw,IDFdw/103,B3
10392,BECv13,IDFdw,IDFdw/104,B2
10393,BECv13,IDFdw,IDFdw/104,C2
10394,BECv13,IDFdw,IDFdw/104,D2
10395,BECv13,IDFdw,IDFdw/104,B3
10396,BECv13,IDFdw,IDFdw/104,C3
10397,BECv13,IDFdw,IDFdw/104,D3
10398,BECv13,IDFdw,IDFdw/105,B3
10399,BECv13,IDFdw,IDFdw/105,B4
10400,BECv13,IDFdw,IDFdw/105,C4
10401,BECv13,IDFdw,IDFdw/105,D4
10402,BECv13,IDFdw,IDFdw/105,D3
10403,BECv13,IDFdw,IDFdw/105,C3
10404,BECv13,IDFdw,IDFdw/110,B5
10405,BECv13,IDFdw,IDFdw/110,C5
10406,BECv13,IDFdw,IDFdw/110,D5
10407,BECv13,IDFdw,IDFdw/111,B6
10408,BECv13,IDFdw,IDFdw/111,C6
10409,BECv13,IDFdw,IDFdw/111,D6
10410,BECv13,IDFdw,IDFdw/111,C5
10411,BECv13,IDFdw,IDFdw/111,D5
10412,BECv13,IDFdw,IDFdw/111,E5
10413,BECv13,IDFdw,IDFdw/112,E6
10414,BECv13,IDFdw,IDFdw/112,D6
10415,BECv13,IDFdw,IDFdw/113,B7
10416,BECv13,IDFdw,IDFdw/113,C7
10417,BECv13,IDFdw,IDFdw/113,D7
10418,BECv13,IDFdw,IDFdw/113,E7
10419,BECv13,IDFdw,IDFdw/113,E6
10420,BECv13,IDFdw,IDFdw/113,D6
10421,BECv13,IDFdw,IDFdw/113,C6
10422,BECv13,IDFdw,IDFdw/113,B6
10423,BECv13,IDFdw,IDFdw/Fm02,B6
10424,BECv13,IDFdw,IDFdw/Fm02,C6
10425,BECv13,IDFdw,IDFdw/Fm02,D6
10426,BECv13,IDFdw,IDFdw/Fm02,C5
10427,BECv13,IDFdw,IDFdw/Fm02,D5
10428,BECv13,IDFdw,IDFdw/Fm02,E5
10429,USA_2019,IDFdx_MT,IDFdx_MT/101,D4
10430,USA_2019,IDFdx_MT,IDFdx_MT/101,D3
10431,USA_2019,IDFdx_MT,IDFdx_MT/101,C4
10432,USA_2019,IDFdx_MT,IDFdx_MT/101,C3
10433,USA_2019,IDFdx_MT,IDFdx_MT/101,B4
10434,USA_2019,IDFdx_MT,IDFdx_MT/101,B3
10435,USA_2019,IDFdx_MT,IDFdx_MT/102,D2
10436,USA_2019,IDFdx_MT,IDFdx_MT/102,C2
10437,USA_2019,IDFdx_MT,IDFdx_MT/102,B2
10438,USA_2019,IDFdx_MT,IDFdx_MT/102,A2
10439,USA_2019,IDFdx_MT,IDFdx_MT/110,C5
10440,USA_2019,IDFdx_MT,IDFdx_MT/110,B5
10441,USA_2019,IDFdx_MT,IDFdx_MT/111,C6
10442,USA_2019,IDFdx_MT,IDFdx_MT/111,B6
10443,USA_2019,IDFdx_MT,IDFdx_MT/112,E5
10444,USA_2019,IDFdx_MT,IDFdx_MT/112,D5
10445,USA_2019,IDFdx_MT,IDFdx_MT/113,E6
10446,USA_2019,IDFdx_MT,IDFdx_MT/113,D6
10447,USA_2019,IDFdx_MT,IDFdx_MT/Gg,D1
10448,USA_2019,IDFdx_MT,IDFdx_MT/Gg,C1
10449,USA_2019,IDFdx_MT,IDFdx_MT/Gg,B1
10450,USA_2019,IDFdx_MT,IDFdx_MT/Gg,A1
10451,Add_2021,IDFdx_MT,IDFdx_MT/Ro,A0
10452,Add_2021,IDFdx_MT,IDFdx_MT/Ro,B0
10453,USA_2020,IDFdxx_WY,IDFdxx_WY/101,D4
10454,USA_2020,IDFdxx_WY,IDFdxx_WY/101,D3
10455,USA_2020,IDFdxx_WY,IDFdxx_WY/101,C4
10456,USA_2020,IDFdxx_WY,IDFdxx_WY/101,C3
10457,USA_2020,IDFdxx_WY,IDFdxx_WY/101,B4
10458,USA_2020,IDFdxx_WY,IDFdxx_WY/101,B3
10459,USA_2020,IDFdxx_WY,IDFdxx_WY/102,D2
10460,USA_2020,IDFdxx_WY,IDFdxx_WY/102,C2
10461,USA_2020,IDFdxx_WY,IDFdxx_WY/102,B2
10462,USA_2020,IDFdxx_WY,IDFdxx_WY/102,A2
10463,USA_2020,IDFdxx_WY,IDFdxx_WY/110,C5
10464,USA_2020,IDFdxx_WY,IDFdxx_WY/110,B5
10465,USA_2020,IDFdxx_WY,IDFdxx_WY/111,C6
10466,USA_2020,IDFdxx_WY,IDFdxx_WY/111,B6
10467,USA_2020,IDFdxx_WY,IDFdxx_WY/112,E5
10468,USA_2020,IDFdxx_WY,IDFdxx_WY/112,D5
10469,USA_2020,IDFdxx_WY,IDFdxx_WY/113,E6
10470,USA_2020,IDFdxx_WY,IDFdxx_WY/113,D6
10471,USA_2020,IDFdxx_WY,IDFdxx_WY/Gg,D1
10472,USA_2020,IDFdxx_WY,IDFdxx_WY/Gg,C1
10473,USA_2020,IDFdxx_WY,IDFdxx_WY/Gg,B1
10474,USA_2020,IDFdxx_WY,IDFdxx_WY/Gg,A1
10475,Add_2021,IDFdxx_WY,IDFdxx_WY/Ro,A0
10476,Add_2021,IDFdxx_WY,IDFdxx_WY/Ro,B0
10477,BECv10,IDFmw2,IDFmw2/01,D5
10478,BECv10,IDFmw2,IDFmw2/01,D4
10479,BECv10,IDFmw2,IDFmw2/01,D3
10480,BECv10,IDFmw2,IDFmw2/01,C5
10481,BECv10,IDFmw2,IDFmw2/01,C4
10482,BECv10,IDFmw2,IDFmw2/01,C3
10483,BECv10,IDFmw2,IDFmw2/01,B5
10484,BECv10,IDFmw2,IDFmw2/01,B4
10485,BECv10,IDFmw2,IDFmw2/01,B3
10486,BECv10,IDFmw2,IDFmw2/01,A5
10487,BECv10,IDFmw2,IDFmw2/01,A4
10488,BECv10,IDFmw2,IDFmw2/01,A3
10489,BECv10,IDFmw2,IDFmw2/02,C1
10490,BECv10,IDFmw2,IDFmw2/02,C0
10491,BECv10,IDFmw2,IDFmw2/02,B2
10492,BECv10,IDFmw2,IDFmw2/02,B1
10493,BECv10,IDFmw2,IDFmw2/02,B0
10494,BECv10,IDFmw2,IDFmw2/02,A2
10495,BECv10,IDFmw2,IDFmw2/02,A1
10496,BECv10,IDFmw2,IDFmw2/02,A0
10497,BECv10,IDFmw2,IDFmw2/03,D3
10498,BECv10,IDFmw2,IDFmw2/03,D2
10499,BECv10,IDFmw2,IDFmw2/03,D1
10500,BECv10,IDFmw2,IDFmw2/03,C3
10501,BECv10,IDFmw2,IDFmw2/03,C2
10502,BECv10,IDFmw2,IDFmw2/03,C1
10503,BECv10,IDFmw2,IDFmw2/03,B3
10504,BECv10,IDFmw2,IDFmw2/03,B2
10505,BECv10,IDFmw2,IDFmw2/03,B1
10506,BECv10,IDFmw2,IDFmw2/03,A3
10507,BECv10,IDFmw2,IDFmw2/03,A2
10508,BECv10,IDFmw2,IDFmw2/04,E6
10509,BECv10,IDFmw2,IDFmw2/04,E5
10510,BECv10,IDFmw2,IDFmw2/04,E4
10511,BECv10,IDFmw2,IDFmw2/04,D6
10512,BECv10,IDFmw2,IDFmw2/04,D5
10513,BECv10,IDFmw2,IDFmw2/04,D4
10514,BECv10,IDFmw2,IDFmw2/04,C6
10515,BECv10,IDFmw2,IDFmw2/04,C5
10516,BECv10,IDFmw2,IDFmw2/04,C4
10517,BECv10,IDFmw2,IDFmw2/04,B6
10518,BECv10,IDFmw2,IDFmw2/04,B5
10519,BECv10,IDFmw2,IDFmw2/04,B4
10520,BECv10,IDFmw2,IDFmw2/05,D7
10521,BECv10,IDFmw2,IDFmw2/05,D6
10522,BECv10,IDFmw2,IDFmw2/05,C7
10523,BECv10,IDFmw2,IDFmw2/05,C6
10524,BECv10,IDFmw2,IDFmw2/05,B7
10525,BECv10,IDFmw2,IDFmw2/05,B6
10526,BECv13,IDFww,IDFww/101,A3
10527,BECv13,IDFww,IDFww/101,A4
10528,BECv13,IDFww,IDFww/101,B3
10529,BECv13,IDFww,IDFww/101,B4
10530,BECv13,IDFww,IDFww/101,C4
10531,BECv13,IDFww,IDFww/101,D4
10532,BECv13,IDFww,IDFww/101,C3
10533,BECv13,IDFww,IDFww/101,D3
10534,BECv13,IDFww,IDFww/101.1,A3
10535,BECv13,IDFww,IDFww/101.1,A4
10536,BECv13,IDFww,IDFww/101.1,B4
10537,BECv13,IDFww,IDFww/101.1,D3
10538,BECv13,IDFww,IDFww/101.1,D4
10539,BECv13,IDFww,IDFww/101.1,C4
10540,BECv13,IDFww,IDFww/101.1,C3
10541,BECv13,IDFww,IDFww/101.1,B3
10542,BECv13,IDFww,IDFww/101.2,A3
10543,BECv13,IDFww,IDFww/101.2,A4
10544,BECv13,IDFww,IDFww/101.2,B3
10545,BECv13,IDFww,IDFww/101.2,B4
10546,BECv13,IDFww,IDFww/101.2,C3
10547,BECv13,IDFww,IDFww/101.2,C4
10548,BECv13,IDFww,IDFww/101.2,D3
10549,BECv13,IDFww,IDFww/101.2,D4
10550,BECv13,IDFww,IDFww/102,A1
10551,BECv13,IDFww,IDFww/102,A0
10552,BECv13,IDFww,IDFww/102,B0
10553,BECv13,IDFww,IDFww/102,B1
10554,BECv13,IDFww,IDFww/102,C0
10555,BECv13,IDFww,IDFww/102,C1
10556,BECv13,IDFww,IDFww/103,A2
10557,BECv13,IDFww,IDFww/103,B2
10558,BECv13,IDFww,IDFww/104,C2
10559,BECv13,IDFww,IDFww/104,D2
10560,BECv13,IDFww,IDFww/104,C3
10561,BECv13,IDFww,IDFww/104,D3
10562,BECv13,IDFww,IDFww/110,B5
10563,BECv13,IDFww,IDFww/110,B6
10564,BECv13,IDFww,IDFww/110,C5
10565,BECv13,IDFww,IDFww/110,D5
10566,BECv13,IDFww,IDFww/110,D6
10567,BECv13,IDFww,IDFww/110,C6
10568,BECv13,IDFww,IDFww/111,D5
10569,BECv13,IDFww,IDFww/111,E5
10570,BECv13,IDFww,IDFww/111,E6
10571,BECv13,IDFww,IDFww/111,D6
10572,BECv13,IDFww,IDFww/112,E6
10573,BECv13,IDFww,IDFww/112,D6
10574,BECv13,IDFww,IDFww/112,D5
10575,BECv13,IDFww,IDFww/112,E5
10576,BECv13,IDFww,IDFww/Fl,E5
10577,BECv13,IDFww,IDFww/Fl,D5
10578,BECv13,IDFww,IDFww/Fl,D6
10579,BECv13,IDFww,IDFww/Fl,E6
10580,BECv13,IDFww,IDFww/Fm01,D5
10581,BECv13,IDFww,IDFww/Fm01,E5
10582,BECv13,IDFww,IDFww/Fm01,E6
10583,BECv13,IDFww,IDFww/Fm01,D6
10584,BECv13,IDFww,IDFww/Fm02,D5
10585,BECv13,IDFww,IDFww/Fm02,E5
10586,BECv13,IDFww,IDFww/Fm02,E6
10587,BECv13,IDFww,IDFww/Fm02,D6
10588,BECv13,IDFww,IDFww/Ro,A0
10589,BECv13,IDFww,IDFww/Ro,B0
10590,BECv13,IDFww,IDFww/Ro,C0
10591,BECv13,IDFww,IDFww/Wb,A7
10592,BECv13,IDFww,IDFww/Wb,B7
10593,BECv13,IDFww,IDFww/Ws,E7
10594,BECv13,IDFww,IDFww/Ws,D7
10595,BECv13,IDFww,IDFww/Ws,C7
10596,BECv10,IDFxc,IDFxc/01,D5
10597,BECv10,IDFxc,IDFxc/01,D4
10598,BECv10,IDFxc,IDFxc/01,D3
10599,BECv10,IDFxc,IDFxc/01,D2
10600,BECv10,IDFxc,IDFxc/01,C5
10601,BECv10,IDFxc,IDFxc/01,C4
10602,BECv10,IDFxc,IDFxc/01,C3
10603,BECv10,IDFxc,IDFxc/01,B5
10604,BECv10,IDFxc,IDFxc/01,B4
10605,BECv10,IDFxc,IDFxc/01,B3
10606,BECv10,IDFxc,IDFxc/01,A5
10607,BECv10,IDFxc,IDFxc/01,A4
10608,BECv10,IDFxc,IDFxc/01,A3
10609,BECv10,IDFxc,IDFxc/02,C1
10610,BECv10,IDFxc,IDFxc/02,C0
10611,BECv10,IDFxc,IDFxc/02,B2
10612,BECv10,IDFxc,IDFxc/02,B1
10613,BECv10,IDFxc,IDFxc/02,B0
10614,BECv10,IDFxc,IDFxc/02,A2
10615,BECv10,IDFxc,IDFxc/02,A1
10616,BECv10,IDFxc,IDFxc/02,A0
10617,BECv10,IDFxc,IDFxc/03,D2
10618,BECv10,IDFxc,IDFxc/03,D1
10619,BECv10,IDFxc,IDFxc/03,C2
10620,BECv10,IDFxc,IDFxc/03,C1
10621,BECv10,IDFxc,IDFxc/03,B3
10622,BECv10,IDFxc,IDFxc/03,B2
10623,BECv10,IDFxc,IDFxc/03,B1
10624,BECv10,IDFxc,IDFxc/03,A3
10625,BECv10,IDFxc,IDFxc/03,A2
10626,BECv10,IDFxc,IDFxc/04,D3
10627,BECv10,IDFxc,IDFxc/04,D2
10628,BECv10,IDFxc,IDFxc/04,C3
10629,BECv10,IDFxc,IDFxc/04,C2
10630,BECv10,IDFxc,IDFxc/04,B3
10631,BECv10,IDFxc,IDFxc/04,B2
10632,BECv10,IDFxc,IDFxc/04,A3
10633,BECv10,IDFxc,IDFxc/04,A2
10634,BECv10,IDFxc,IDFxc/05,C4
10635,BECv10,IDFxc,IDFxc/05,C3
10636,BECv10,IDFxc,IDFxc/05,B4
10637,BECv10,IDFxc,IDFxc/05,B3
10638,BECv10,IDFxc,IDFxc/05,A4
10639,BECv10,IDFxc,IDFxc/05,A3
10640,BECv10,IDFxc,IDFxc/06,E5
10641,BECv10,IDFxc,IDFxc/06,E4
10642,BECv10,IDFxc,IDFxc/06,E3
10643,BECv10,IDFxc,IDFxc/06,D5
10644,BECv10,IDFxc,IDFxc/06,D4
10645,BECv10,IDFxc,IDFxc/06,D3
10646,BECv10,IDFxc,IDFxc/06,C5
10647,BECv10,IDFxc,IDFxc/06,C4
10648,BECv10,IDFxc,IDFxc/06,B5
10649,BECv10,IDFxc,IDFxc/06,B4
10650,BECv10,IDFxc,IDFxc/07,E6
10651,BECv10,IDFxc,IDFxc/07,E5
10652,BECv10,IDFxc,IDFxc/07,D6
10653,BECv10,IDFxc,IDFxc/07,D5
10654,BECv10,IDFxc,IDFxc/07,C6
10655,BECv10,IDFxc,IDFxc/07,C5
10656,BECv10,IDFxc,IDFxc/08,E6
10657,BECv10,IDFxc,IDFxc/08,D6
10658,BECv10,IDFxc,IDFxc/08,C6
10659,BECv10,IDFxc,IDFxc/08,C5
10660,USA_2019,IDFxh_ID,IDFxh_ID/101,D4
10661,USA_2019,IDFxh_ID,IDFxh_ID/101,D3
10662,USA_2019,IDFxh_ID,IDFxh_ID/101,C4
10663,USA_2019,IDFxh_ID,IDFxh_ID/101,C3
10664,USA_2019,IDFxh_ID,IDFxh_ID/101,B4
10665,USA_2019,IDFxh_ID,IDFxh_ID/101,B3
10666,USA_2019,IDFxh_ID,IDFxh_ID/102,D2
10667,USA_2019,IDFxh_ID,IDFxh_ID/102,C2
10668,USA_2019,IDFxh_ID,IDFxh_ID/102,B2
10669,USA_2019,IDFxh_ID,IDFxh_ID/102,A2
10670,USA_2019,IDFxh_ID,IDFxh_ID/110,C5
10671,USA_2019,IDFxh_ID,IDFxh_ID/110,B5
10672,USA_2019,IDFxh_ID,IDFxh_ID/111,C6
10673,USA_2019,IDFxh_ID,IDFxh_ID/111,B6
10674,USA_2019,IDFxh_ID,IDFxh_ID/112,E5
10675,USA_2019,IDFxh_ID,IDFxh_ID/112,D5
10676,USA_2019,IDFxh_ID,IDFxh_ID/113,E6
10677,USA_2019,IDFxh_ID,IDFxh_ID/113,D6
10678,USA_2019,IDFxh_ID,IDFxh_ID/Gg,D1
10679,USA_2019,IDFxh_ID,IDFxh_ID/Gg,C1
10680,USA_2019,IDFxh_ID,IDFxh_ID/Gg,B1
10681,USA_2019,IDFxh_ID,IDFxh_ID/Gg,A1
10682,Add_2021,IDFxh_ID,IDFxh_ID/Ro,A0
10683,Add_2021,IDFxh_ID,IDFxh_ID/Ro,B0
10684,USA_2023,IDFxh_OR,IDFxh_OR/101,D4
10685,USA_2023,IDFxh_OR,IDFxh_OR/101,D3
10686,USA_2023,IDFxh_OR,IDFxh_OR/101,C4
10687,USA_2023,IDFxh_OR,IDFxh_OR/101,C3
10688,USA_2023,IDFxh_OR,IDFxh_OR/101,B4
10689,USA_2023,IDFxh_OR,IDFxh_OR/101,B3
10690,USA_2023,IDFxh_OR,IDFxh_OR/102,D1
10691,USA_2023,IDFxh_OR,IDFxh_OR/102,C1
10692,USA_2023,IDFxh_OR,IDFxh_OR/102,B1
10693,USA_2023,IDFxh_OR,IDFxh_OR/102,A1
10694,USA_2023,IDFxh_OR,IDFxh_OR/103,D2
10695,USA_2023,IDFxh_OR,IDFxh_OR/103,C2
10696,USA_2023,IDFxh_OR,IDFxh_OR/103,B2
10697,USA_2023,IDFxh_OR,IDFxh_OR/103,A2
10698,USA_2023,IDFxh_OR,IDFxh_OR/110,C5
10699,USA_2023,IDFxh_OR,IDFxh_OR/110,B5
10700,USA_2023,IDFxh_OR,IDFxh_OR/111,C6
10701,USA_2023,IDFxh_OR,IDFxh_OR/111,B6
10702,USA_2023,IDFxh_OR,IDFxh_OR/112,E5
10703,USA_2023,IDFxh_OR,IDFxh_OR/112,D5
10704,USA_2023,IDFxh_OR,IDFxh_OR/113,E6
10705,USA_2023,IDFxh_OR,IDFxh_OR/113,D6
10706,USA_2023,IDFxh_OR,IDFxh_OR/Ro,A0
10707,USA_2023,IDFxh_OR,IDFxh_OR/Ro,B0
10708,USA_2019,IDFxh_WA,IDFxh_WA/101,D4
10709,USA_2019,IDFxh_WA,IDFxh_WA/101,D3
10710,USA_2019,IDFxh_WA,IDFxh_WA/101,C4
10711,USA_2019,IDFxh_WA,IDFxh_WA/101,C3
10712,USA_2019,IDFxh_WA,IDFxh_WA/101,B4
10713,USA_2019,IDFxh_WA,IDFxh_WA/101,B3
10714,USA_2019,IDFxh_WA,IDFxh_WA/102,D1
10715,USA_2019,IDFxh_WA,IDFxh_WA/102,C1
10716,USA_2019,IDFxh_WA,IDFxh_WA/102,B1
10717,USA_2019,IDFxh_WA,IDFxh_WA/102,A1
10718,USA_2019,IDFxh_WA,IDFxh_WA/103,D2
10719,USA_2019,IDFxh_WA,IDFxh_WA/103,C2
10720,USA_2019,IDFxh_WA,IDFxh_WA/103,B2
10721,USA_2019,IDFxh_WA,IDFxh_WA/103,A2
10722,USA_2019,IDFxh_WA,IDFxh_WA/110,C5
10723,USA_2019,IDFxh_WA,IDFxh_WA/110,B5
10724,USA_2019,IDFxh_WA,IDFxh_WA/111,C6
10725,USA_2019,IDFxh_WA,IDFxh_WA/111,B6
10726,USA_2019,IDFxh_WA,IDFxh_WA/112,E5
10727,USA_2019,IDFxh_WA,IDFxh_WA/112,D5
10728,USA_2019,IDFxh_WA,IDFxh_WA/113,E6
10729,USA_2019,IDFxh_WA,IDFxh_WA/113,D6
10730,Add_2021,IDFxh_WA,IDFxh_WA/Ro,A0
10731,Add_2021,IDFxh_WA,IDFxh_WA/Ro,B0
10732,BECv12,IDFxh1,IDFxh1/101,D4
10733,BECv12,IDFxh1,IDFxh1/101,D3
10734,BECv12,IDFxh1,IDFxh1/101,C4
10735,BECv12,IDFxh1,IDFxh1/101,B4
10736,BECv12,IDFxh1,IDFxh1/102,C1
10737,BECv12,IDFxh1,IDFxh1/102,C0
10738,BECv12,IDFxh1,IDFxh1/102,B1
10739,BECv12,IDFxh1,IDFxh1/102,B0
10740,BECv12,IDFxh1,IDFxh1/102,A1
10741,BECv12,IDFxh1,IDFxh1/102,A0
10742,BECv12,IDFxh1,IDFxh1/103,C2
10743,BECv12,IDFxh1,IDFxh1/103,C1
10744,BECv12,IDFxh1,IDFxh1/103,B2
10745,BECv12,IDFxh1,IDFxh1/103,B1
10746,BECv12,IDFxh1,IDFxh1/103,A2
10747,BECv12,IDFxh1,IDFxh1/103,A1
10748,BECv12,IDFxh1,IDFxh1/104,C2
10749,BECv12,IDFxh1,IDFxh1/104,B3
10750,BECv12,IDFxh1,IDFxh1/104,B2
10751,BECv12,IDFxh1,IDFxh1/105,C3
10752,BECv12,IDFxh1,IDFxh1/105,B3
10753,BECv12,IDFxh1,IDFxh1/106,C3
10754,BECv12,IDFxh1,IDFxh1/106,B3
10755,BECv12,IDFxh1,IDFxh1/110,D5
10756,BECv12,IDFxh1,IDFxh1/110,D4
10757,BECv12,IDFxh1,IDFxh1/110,C5
10758,BECv12,IDFxh1,IDFxh1/110,C4
10759,BECv12,IDFxh1,IDFxh1/111,E6
10760,BECv12,IDFxh1,IDFxh1/111,E5
10761,BECv12,IDFxh1,IDFxh1/111,D6
10762,BECv12,IDFxh1,IDFxh1/111,D5
10763,BECv12,IDFxh1,IDFxh1/111,C6
10764,BECv12,IDFxh1,IDFxh1/111,C5
10765,BECv12,IDFxh1,IDFxh1/111.1,E6
10766,BECv12,IDFxh1,IDFxh1/111.1,E5
10767,BECv12,IDFxh1,IDFxh1/111.1,D6
10768,BECv12,IDFxh1,IDFxh1/111.1,D5
10769,BECv12,IDFxh1,IDFxh1/111.1,C6
10770,BECv12,IDFxh1,IDFxh1/111.1,C5
10771,BECv12,IDFxh1,IDFxh1/111.2,E6
10772,BECv12,IDFxh1,IDFxh1/111.2,E5
10773,BECv12,IDFxh1,IDFxh1/111.2,D6
10774,BECv12,IDFxh1,IDFxh1/111.2,D5
10775,BECv12,IDFxh1,IDFxh1/111.2,C6
10776,BECv12,IDFxh1,IDFxh1/111.2,C5
10777,BECv12,IDFxh1,IDFxh1/112,E7
10778,BECv12,IDFxh1,IDFxh1/112,E6
10779,BECv12,IDFxh1,IDFxh1/112,D7
10780,BECv12,IDFxh1,IDFxh1/112,D6
10781,BECv12,IDFxh1,IDFxh1/112,C7
10782,BECv12,IDFxh1,IDFxh1/112,C6
10783,BECv12,IDFxh1,IDFxh1/Fm01,E6
10784,BECv12,IDFxh1,IDFxh1/Fm01,E5
10785,BECv12,IDFxh1,IDFxh1/Fm01,D6
10786,BECv12,IDFxh1,IDFxh1/Fm01,D5
10787,BECv12,IDFxh1,IDFxh1/Fm01,C6
10788,BECv12,IDFxh1,IDFxh1/Fm01,C5
10789,BECv12,IDFxh1,IDFxh1/Fm05,E6
10790,BECv12,IDFxh1,IDFxh1/Fm05,E5
10791,BECv12,IDFxh1,IDFxh1/Fm05,D6
10792,BECv12,IDFxh1,IDFxh1/Fm05,D5
10793,BECv12,IDFxh1,IDFxh1/Fm05,C6
10794,BECv12,IDFxh1,IDFxh1/Fm05,C5
10795,BECv10,IDFxh1,IDFxh1/Gg,D2
10796,BECv10,IDFxh1,IDFxh1/Gg,D1
10797,BECv10,IDFxh1,IDFxh1/Gg,C2
10798,BECv10,IDFxh1,IDFxh1/Gg,C1
10799,BECv10,IDFxh1,IDFxh1/Gg,B2
10800,BECv10,IDFxh1,IDFxh1/Gg,B1
10801,BECv10,IDFxh1,IDFxh1/Gg,A2
10802,BECv10,IDFxh1,IDFxh1/Gg,A1
10803,BECv12,IDFxh2,IDFxh2/101,D4
10804,BECv12,IDFxh2,IDFxh2/101,D3
10805,BECv12,IDFxh2,IDFxh2/101,C4
10806,BECv12,IDFxh2,IDFxh2/101,C3
10807,BECv12,IDFxh2,IDFxh2/101,B4
10808,BECv12,IDFxh2,IDFxh2/101,B3
10809,BECv12,IDFxh2,IDFxh2/102,C1
10810,BECv12,IDFxh2,IDFxh2/102,C0
10811,BECv12,IDFxh2,IDFxh2/102,B1
10812,BECv12,IDFxh2,IDFxh2/102,B0
10813,BECv12,IDFxh2,IDFxh2/102,A1
10814,BECv12,IDFxh2,IDFxh2/102,A0
10815,BECv12,IDFxh2,IDFxh2/103,C3
10816,BECv12,IDFxh2,IDFxh2/103,C2
10817,BECv12,IDFxh2,IDFxh2/103,B3
10818,BECv12,IDFxh2,IDFxh2/103,B2
10819,BECv12,IDFxh2,IDFxh2/103,A3
10820,BECv12,IDFxh2,IDFxh2/103,A2
10821,BECv12,IDFxh2,IDFxh2/104,D4
10822,BECv12,IDFxh2,IDFxh2/104,D3
10823,BECv12,IDFxh2,IDFxh2/104,C4
10824,BECv12,IDFxh2,IDFxh2/104,C3
10825,BECv12,IDFxh2,IDFxh2/104,B4
10826,BECv12,IDFxh2,IDFxh2/104,B3
10827,BECv12,IDFxh2,IDFxh2/110,D4
10828,BECv12,IDFxh2,IDFxh2/110,C5
10829,BECv12,IDFxh2,IDFxh2/110,C4
10830,BECv12,IDFxh2,IDFxh2/111,D4
10831,BECv12,IDFxh2,IDFxh2/111,C5
10832,BECv12,IDFxh2,IDFxh2/111,C4
10833,BECv12,IDFxh2,IDFxh2/112,E5
10834,BECv12,IDFxh2,IDFxh2/112,D5
10835,BECv12,IDFxh2,IDFxh2/113,E6
10836,BECv12,IDFxh2,IDFxh2/113,E5
10837,BECv12,IDFxh2,IDFxh2/113,D6
10838,BECv12,IDFxh2,IDFxh2/113,D5
10839,BECv12,IDFxh2,IDFxh2/113,C6
10840,BECv12,IDFxh2,IDFxh2/113,C5
10841,BECv12,IDFxh2,IDFxh2/Fm01,E6
10842,BECv12,IDFxh2,IDFxh2/Fm01,E5
10843,BECv12,IDFxh2,IDFxh2/Fm01,D6
10844,BECv12,IDFxh2,IDFxh2/Fm01,D5
10845,BECv12,IDFxh2,IDFxh2/Fm01,C6
10846,BECv12,IDFxh2,IDFxh2/Fm01,C5
10847,BECv12,IDFxh2,IDFxh2/Fm02,E6
10848,BECv12,IDFxh2,IDFxh2/Fm02,E5
10849,BECv12,IDFxh2,IDFxh2/Fm02,D6
10850,BECv12,IDFxh2,IDFxh2/Fm02,D5
10851,BECv12,IDFxh2,IDFxh2/Fm02,C6
10852,BECv12,IDFxh2,IDFxh2/Fm02,C5
10853,BECv12,IDFxh2,IDFxh2/Fm05,E6
10854,BECv12,IDFxh2,IDFxh2/Fm05,E5
10855,BECv12,IDFxh2,IDFxh2/Fm05,D6
10856,BECv12,IDFxh2,IDFxh2/Fm05,D5
10857,BECv12,IDFxh2,IDFxh2/Fm05,C6
10858,BECv12,IDFxh2,IDFxh2/Fm05,C5
10859,BECv11,IDFxk,IDFxk/101,D4
10860,BECv11,IDFxk,IDFxk/101,C4
10861,BECv11,IDFxk,IDFxk/101,B4
10862,BECv11,IDFxk,IDFxk/102,D2
10863,BECv11,IDFxk,IDFxk/102,D1
10864,BECv11,IDFxk,IDFxk/102,C2
10865,BECv11,IDFxk,IDFxk/102,C1
10866,BECv11,IDFxk,IDFxk/102,B2
10867,BECv11,IDFxk,IDFxk/102,B1
10868,BECv11,IDFxk,IDFxk/102a,D1
10869,BECv11,IDFxk,IDFxk/102a,C1
10870,BECv11,IDFxk,IDFxk/102a,B1
10871,BECv11,IDFxk,IDFxk/102b,D2
10872,BECv11,IDFxk,IDFxk/102b,C2
10873,BECv11,IDFxk,IDFxk/102b,B2
10874,BECv11,IDFxk,IDFxk/103,D3
10875,BECv11,IDFxk,IDFxk/103,D2
10876,BECv11,IDFxk,IDFxk/103,C3
10877,BECv11,IDFxk,IDFxk/103,B3
10878,BECv11,IDFxk,IDFxk/110,D4
10879,BECv11,IDFxk,IDFxk/110,C4
10880,BECv11,IDFxk,IDFxk/111,D5
10881,BECv11,IDFxk,IDFxk/111,C5
10882,BECv11,IDFxk,IDFxk/112,E6
10883,BECv11,IDFxk,IDFxk/112,E5
10884,BECv11,IDFxk,IDFxk/112,D6
10885,BECv11,IDFxk,IDFxk/112,D5
10886,BECv11,IDFxk,IDFxk/112,C6
10887,BECv11,IDFxk,IDFxk/113,E6
10888,BECv11,IDFxk,IDFxk/113,D7
10889,BECv11,IDFxk,IDFxk/113,D6
10890,BECv11,IDFxk,IDFxk/113,C7
10891,BECv11,IDFxk,IDFxk/113,C6
10892,BECv12,IDFxk,IDFxk/Fm01,E6
10893,BECv12,IDFxk,IDFxk/Fm01,E5
10894,BECv12,IDFxk,IDFxk/Fm02,E6
10895,BECv12,IDFxk,IDFxk/Fm02,E5
10896,BECv12,IDFxk,IDFxk/Fm07,E6
10897,BECv12,IDFxk,IDFxk/Fm07,E5
10898,BECv11,IDFxk,IDFxk/Ro,D0
10899,BECv11,IDFxk,IDFxk/Ro,C0
10900,BECv11,IDFxk,IDFxk/Ro,B0
10901,BECv11,IDFxk,IDFxk/Ro,A0
10902,BECv10,IDFxm,IDFxm/01,D4
10903,BECv10,IDFxm,IDFxm/01,D3
10904,BECv10,IDFxm,IDFxm/01,C4
10905,BECv10,IDFxm,IDFxm/01,C3
10906,BECv10,IDFxm,IDFxm/01,B4
10907,BECv10,IDFxm,IDFxm/01,B3
10908,BECv10,IDFxm,IDFxm/01a,D4
10909,BECv10,IDFxm,IDFxm/01a,D3
10910,BECv10,IDFxm,IDFxm/01a,C4
10911,BECv10,IDFxm,IDFxm/01a,C3
10912,BECv10,IDFxm,IDFxm/01a,B4
10913,BECv10,IDFxm,IDFxm/01a,B3
10914,BECv10,IDFxm,IDFxm/01b,D4
10915,BECv10,IDFxm,IDFxm/01b,D3
10916,BECv10,IDFxm,IDFxm/01b,C4
10917,BECv10,IDFxm,IDFxm/01b,C3
10918,BECv10,IDFxm,IDFxm/01b,B4
10919,BECv10,IDFxm,IDFxm/01b,B3
10920,BECv10,IDFxm,IDFxm/02,D2
10921,BECv10,IDFxm,IDFxm/02,D1
10922,BECv10,IDFxm,IDFxm/02,C2
10923,BECv10,IDFxm,IDFxm/02,C1
10924,BECv10,IDFxm,IDFxm/02,B2
10925,BECv10,IDFxm,IDFxm/02,B1
10926,BECv10,IDFxm,IDFxm/02,A2
10927,BECv10,IDFxm,IDFxm/02,A1
10928,BECv10,IDFxm,IDFxm/02a,D2
10929,BECv10,IDFxm,IDFxm/02a,D1
10930,BECv10,IDFxm,IDFxm/02a,C2
10931,BECv10,IDFxm,IDFxm/02a,C1
10932,BECv10,IDFxm,IDFxm/02a,B2
10933,BECv10,IDFxm,IDFxm/02a,A2
10934,BECv10,IDFxm,IDFxm/02b,D1
10935,BECv10,IDFxm,IDFxm/02b,C1
10936,BECv10,IDFxm,IDFxm/02b,B2
10937,BECv10,IDFxm,IDFxm/02b,B1
10938,BECv10,IDFxm,IDFxm/02b,A2
10939,BECv10,IDFxm,IDFxm/02b,A1
10940,BECv10,IDFxm,IDFxm/03,B3
10941,BECv10,IDFxm,IDFxm/03,B2
10942,BECv10,IDFxm,IDFxm/03,A3
10943,BECv10,IDFxm,IDFxm/03,A2
10944,BECv10,IDFxm,IDFxm/04,D3
10945,BECv10,IDFxm,IDFxm/04,D2
10946,BECv10,IDFxm,IDFxm/04,C3
10947,BECv10,IDFxm,IDFxm/04,C2
10948,BECv10,IDFxm,IDFxm/04,B3
10949,BECv10,IDFxm,IDFxm/04,B2
10950,BECv10,IDFxm,IDFxm/05,D4
10951,BECv10,IDFxm,IDFxm/05,D3
10952,BECv10,IDFxm,IDFxm/05,C4
10953,BECv10,IDFxm,IDFxm/05,C3
10954,BECv10,IDFxm,IDFxm/05,B4
10955,BECv10,IDFxm,IDFxm/05,B3
10956,BECv10,IDFxm,IDFxm/06,D5
10957,BECv10,IDFxm,IDFxm/06,C5
10958,BECv10,IDFxm,IDFxm/06,B5
10959,BECv10,IDFxm,IDFxm/07,E5
10960,BECv10,IDFxm,IDFxm/07,D5
10961,BECv10,IDFxm,IDFxm/07,C5
10962,BECv10,IDFxm,IDFxm/08,E6
10963,BECv10,IDFxm,IDFxm/08,E5
10964,BECv10,IDFxm,IDFxm/08,D6
10965,BECv10,IDFxm,IDFxm/08,D5
10966,BECv10,IDFxm,IDFxm/08,C6
10967,BECv10,IDFxm,IDFxm/08,C5
10968,BECv10,IDFxm,IDFxm/08,B6
10969,BECv10,IDFxm,IDFxm/08,B5
10970,BECv10,IDFxm,IDFxm/09,E7
10971,BECv10,IDFxm,IDFxm/09,E6
10972,BECv10,IDFxm,IDFxm/09,D7
10973,BECv10,IDFxm,IDFxm/09,D6
10974,BECv10,IDFxm,IDFxm/09,C7
10975,BECv10,IDFxm,IDFxm/09,C6
10976,BECv10,IDFxm,IDFxm/09,B7
10977,BECv10,IDFxm,IDFxm/09,B6
10978,BECv10,IDFxm,IDFxm/10,D5
10979,BECv10,IDFxm,IDFxm/10,C6
10980,BECv10,IDFxm,IDFxm/10,C5
10981,BECv10,IDFxm,IDFxm/Gg,D5
10982,BECv10,IDFxm,IDFxm/Gg,D4
10983,BECv10,IDFxm,IDFxm/Gg,D3
10984,BECv10,IDFxm,IDFxm/Gg,D2
10985,BECv10,IDFxm,IDFxm/Gg,C6
10986,BECv10,IDFxm,IDFxm/Gg,C5
10987,BECv10,IDFxm,IDFxm/Gg,C4
10988,BECv10,IDFxm,IDFxm/Gg,C3
10989,BECv10,IDFxm,IDFxm/Gg,C2
10990,Add_2021,IDFxm,IDFxm/Ro,A0
10991,Add_2021,IDFxm,IDFxm/Ro,B0
10992,USA_2019,IDFxm_CO,IDFxm_CO/101,D4
10993,USA_2019,IDFxm_CO,IDFxm_CO/101,D3
10994,USA_2019,IDFxm_CO,IDFxm_CO/101,C4
10995,USA_2019,IDFxm_CO,IDFxm_CO/101,C3
10996,USA_2019,IDFxm_CO,IDFxm_CO/101,B4
10997,USA_2019,IDFxm_CO,IDFxm_CO/101,B3
10998,USA_2019,IDFxm_CO,IDFxm_CO/102,D2
10999,USA_2019,IDFxm_CO,IDFxm_CO/102,C2
11000,USA_2019,IDFxm_CO,IDFxm_CO/102,B2
11001,USA_2019,IDFxm_CO,IDFxm_CO/102,A2
11002,USA_2019,IDFxm_CO,IDFxm_CO/110,C5
11003,USA_2019,IDFxm_CO,IDFxm_CO/110,B5
11004,USA_2019,IDFxm_CO,IDFxm_CO/111,C6
11005,USA_2019,IDFxm_CO,IDFxm_CO/111,B6
11006,USA_2019,IDFxm_CO,IDFxm_CO/112,E5
11007,USA_2019,IDFxm_CO,IDFxm_CO/112,D5
11008,USA_2019,IDFxm_CO,IDFxm_CO/113,E6
11009,USA_2019,IDFxm_CO,IDFxm_CO/113,D6
11010,USA_2019,IDFxm_CO,IDFxm_CO/Gg,D1
11011,USA_2019,IDFxm_CO,IDFxm_CO/Gg,C1
11012,USA_2019,IDFxm_CO,IDFxm_CO/Gg,B1
11013,USA_2019,IDFxm_CO,IDFxm_CO/Gg,A1
11014,Add_2021,IDFxm_CO,IDFxm_CO/Ro,A0
11015,Add_2021,IDFxm_CO,IDFxm_CO/Ro,B0
11016,BECv10,IDFxw,IDFxw/01,D4
11017,BECv10,IDFxw,IDFxw/01,D3
11018,BECv10,IDFxw,IDFxw/01,C4
11019,BECv10,IDFxw,IDFxw/01,C3
11020,BECv10,IDFxw,IDFxw/01,B4
11021,BECv10,IDFxw,IDFxw/01,B3
11022,BECv10,IDFxw,IDFxw/02,D1
11023,BECv10,IDFxw,IDFxw/02,C1
11024,BECv10,IDFxw,IDFxw/02,B1
11025,BECv10,IDFxw,IDFxw/03,D2
11026,BECv10,IDFxw,IDFxw/03,C2
11027,BECv10,IDFxw,IDFxw/03,B2
11028,BECv10,IDFxw,IDFxw/04,D3
11029,BECv10,IDFxw,IDFxw/04,D2
11030,BECv10,IDFxw,IDFxw/04,C3
11031,BECv10,IDFxw,IDFxw/04,C2
11032,BECv10,IDFxw,IDFxw/04,B3
11033,BECv10,IDFxw,IDFxw/04,B2
11034,BECv10,IDFxw,IDFxw/05,D3
11035,BECv10,IDFxw,IDFxw/05,C3
11036,BECv10,IDFxw,IDFxw/05,B3
11037,BECv10,IDFxw,IDFxw/06,E5
11038,BECv10,IDFxw,IDFxw/06,D5
11039,BECv10,IDFxw,IDFxw/06,C5
11040,BECv10,IDFxw,IDFxw/07,E6
11041,BECv10,IDFxw,IDFxw/07,D6
11042,BECv10,IDFxw,IDFxw/07,C6
11043,Add_2021,IDFxw,IDFxw/Ro,A0
11044,Add_2021,IDFxw,IDFxw/Ro,B0
11045,USA_2019,IDFxx_MT,IDFxx_MT/101,D4
11046,USA_2019,IDFxx_MT,IDFxx_MT/101,D3
11047,USA_2019,IDFxx_MT,IDFxx_MT/101,C4
11048,USA_2019,IDFxx_MT,IDFxx_MT/101,C3
11049,USA_2019,IDFxx_MT,IDFxx_MT/101,B4
11050,USA_2019,IDFxx_MT,IDFxx_MT/101,B3
11051,USA_2019,IDFxx_MT,IDFxx_MT/101,A4
11052,USA_2019,IDFxx_MT,IDFxx_MT/101,A3
11053,USA_2019,IDFxx_MT,IDFxx_MT/110,C5
11054,USA_2019,IDFxx_MT,IDFxx_MT/110,B5
11055,USA_2019,IDFxx_MT,IDFxx_MT/111,C6
11056,USA_2019,IDFxx_MT,IDFxx_MT/111,B6
11057,USA_2019,IDFxx_MT,IDFxx_MT/112,E5
11058,USA_2019,IDFxx_MT,IDFxx_MT/112,D5
11059,USA_2019,IDFxx_MT,IDFxx_MT/113,E6
11060,USA_2019,IDFxx_MT,IDFxx_MT/113,D6
11061,USA_2019,IDFxx_MT,IDFxx_MT/Gg,D2
11062,USA_2019,IDFxx_MT,IDFxx_MT/Gg,D1
11063,USA_2019,IDFxx_MT,IDFxx_MT/Gg,C2
11064,USA_2019,IDFxx_MT,IDFxx_MT/Gg,C1
11065,USA_2019,IDFxx_MT,IDFxx_MT/Gg,B2
11066,USA_2019,IDFxx_MT,IDFxx_MT/Gg,B1
11067,USA_2019,IDFxx_MT,IDFxx_MT/Gg,A2
11068,USA_2019,IDFxx_MT,IDFxx_MT/Gg,A1
11069,Add_2021,IDFxx_MT,IDFxx_MT/Ro,A0
11070,Add_2021,IDFxx_MT,IDFxx_MT/Ro,B0
11071,USA_2019,IDFxx_WA,IDFxx_WA/101,D4
11072,USA_2019,IDFxx_WA,IDFxx_WA/101,D3
11073,USA_2019,IDFxx_WA,IDFxx_WA/101,C4
11074,USA_2019,IDFxx_WA,IDFxx_WA/101,C3
11075,USA_2019,IDFxx_WA,IDFxx_WA/101,B4
11076,USA_2019,IDFxx_WA,IDFxx_WA/101,B3
11077,USA_2019,IDFxx_WA,IDFxx_WA/102,D1
11078,USA_2019,IDFxx_WA,IDFxx_WA/102,C1
11079,USA_2019,IDFxx_WA,IDFxx_WA/102,B1
11080,USA_2019,IDFxx_WA,IDFxx_WA/102,A1
11081,USA_2019,IDFxx_WA,IDFxx_WA/103,D2
11082,USA_2019,IDFxx_WA,IDFxx_WA/103,C2
11083,USA_2019,IDFxx_WA,IDFxx_WA/103,B2
11084,USA_2019,IDFxx_WA,IDFxx_WA/103,A2
11085,USA_2019,IDFxx_WA,IDFxx_WA/110,C5
11086,USA_2019,IDFxx_WA,IDFxx_WA/110,B5
11087,USA_2019,IDFxx_WA,IDFxx_WA/111,C6
11088,USA_2019,IDFxx_WA,IDFxx_WA/111,B6
11089,USA_2019,IDFxx_WA,IDFxx_WA/112,E5
11090,USA_2019,IDFxx_WA,IDFxx_WA/112,D5
11091,USA_2019,IDFxx_WA,IDFxx_WA/113,E6
11092,USA_2019,IDFxx_WA,IDFxx_WA/113,D6
11093,Add_2021,IDFxx_WA,IDFxx_WA/Ro,A0
11094,Add_2021,IDFxx_WA,IDFxx_WA/Ro,B0
11095,BECv12,IDFxx1,IDFxx1/101,D4
11096,BECv12,IDFxx1,IDFxx1/101,C4
11097,BECv12,IDFxx1,IDFxx1/101,B4
11098,BECv12,IDFxx1,IDFxx1/102,C1
11099,BECv12,IDFxx1,IDFxx1/102,B1
11100,BECv12,IDFxx1,IDFxx1/102,A1
11101,BECv12,IDFxx1,IDFxx1/103,D2
11102,BECv12,IDFxx1,IDFxx1/103,C2
11103,BECv12,IDFxx1,IDFxx1/103,B2
11104,BECv12,IDFxx1,IDFxx1/104,D3
11105,BECv12,IDFxx1,IDFxx1/104,C3
11106,BECv12,IDFxx1,IDFxx1/104,B3
11107,BECv12,IDFxx1,IDFxx1/110,D5
11108,BECv12,IDFxx1,IDFxx1/110,D4
11109,BECv12,IDFxx1,IDFxx1/110,C5
11110,BECv12,IDFxx1,IDFxx1/111,D6
11111,BECv12,IDFxx1,IDFxx1/111,D5
11112,BECv12,IDFxx1,IDFxx1/111,C6
11113,BECv12,IDFxx1,IDFxx1/111,C5
11114,Add_2021,IDFxx1,IDFxx1/Ro,A0
11115,Add_2021,IDFxx1,IDFxx1/Ro,B0
11116,BECv11,IDFxx2,IDFxx2/101,D4
11117,BECv11,IDFxx2,IDFxx2/101,C4
11118,BECv11,IDFxx2,IDFxx2/101,B4
11119,BECv11,IDFxx2,IDFxx2/102,C1
11120,BECv11,IDFxx2,IDFxx2/102,B1
11121,BECv11,IDFxx2,IDFxx2/102,A1
11122,BECv11,IDFxx2,IDFxx2/103,D2
11123,BECv11,IDFxx2,IDFxx2/103,C2
11124,BECv11,IDFxx2,IDFxx2/103,B2
11125,BECv11,IDFxx2,IDFxx2/104,D3
11126,BECv11,IDFxx2,IDFxx2/104,C3
11127,BECv11,IDFxx2,IDFxx2/104,B3
11128,BECv11,IDFxx2,IDFxx2/110,D4
11129,BECv11,IDFxx2,IDFxx2/110,C4
11130,BECv11,IDFxx2,IDFxx2/111,E5
11131,BECv11,IDFxx2,IDFxx2/111,D5
11132,BECv11,IDFxx2,IDFxx2/111,C5
11133,BECv11,IDFxx2,IDFxx2/112,E6
11134,BECv11,IDFxx2,IDFxx2/112,D7
11135,BECv11,IDFxx2,IDFxx2/112,D6
11136,BECv11,IDFxx2,IDFxx2/112,C7
11137,BECv11,IDFxx2,IDFxx2/112,C6
11138,BECv11,IDFxx2,IDFxx2/112a,E6
11139,BECv11,IDFxx2,IDFxx2/112a,D6
11140,BECv11,IDFxx2,IDFxx2/112a,C6
11141,BECv11,IDFxx2,IDFxx2/112b,D7
11142,BECv11,IDFxx2,IDFxx2/112b,C7
11143,BECv12,IDFxx2,IDFxx2/Fm01,E6
11144,BECv12,IDFxx2,IDFxx2/Fm01,E5
11145,BECv12,IDFxx2,IDFxx2/Fm02,E6
11146,BECv12,IDFxx2,IDFxx2/Fm02,E5
11147,BECv12,IDFxx2,IDFxx2/Fm07,E6
11148,BECv12,IDFxx2,IDFxx2/Fm07,E5
11149,BECv11,IDFxx2,IDFxx2/Ro,C0
11150,BECv11,IDFxx2,IDFxx2/Ro,B0
11151,BECv11,IDFxx2,IDFxx2/Ro,A0
11152,USA_2019,IGFdk_WA,IGFdk_WA/101,D4
11153,USA_2019,IGFdk_WA,IGFdk_WA/101,D3
11154,USA_2019,IGFdk_WA,IGFdk_WA/101,C4
11155,USA_2019,IGFdk_WA,IGFdk_WA/101,C3
11156,USA_2019,IGFdk_WA,IGFdk_WA/101,B4
11157,USA_2019,IGFdk_WA,IGFdk_WA/101,B3
11158,USA_2019,IGFdk_WA,IGFdk_WA/102,D1
11159,USA_2019,IGFdk_WA,IGFdk_WA/102,C1
11160,USA_2019,IGFdk_WA,IGFdk_WA/102,B1
11161,USA_2019,IGFdk_WA,IGFdk_WA/102,A1
11162,USA_2019,IGFdk_WA,IGFdk_WA/103,D2
11163,USA_2019,IGFdk_WA,IGFdk_WA/103,C2
11164,USA_2019,IGFdk_WA,IGFdk_WA/103,B2
11165,USA_2019,IGFdk_WA,IGFdk_WA/103,A2
11166,USA_2019,IGFdk_WA,IGFdk_WA/110,C5
11167,USA_2019,IGFdk_WA,IGFdk_WA/110,B5
11168,USA_2019,IGFdk_WA,IGFdk_WA/111,C6
11169,USA_2019,IGFdk_WA,IGFdk_WA/111,B6
11170,USA_2019,IGFdk_WA,IGFdk_WA/112,E5
11171,USA_2019,IGFdk_WA,IGFdk_WA/112,D5
11172,USA_2019,IGFdk_WA,IGFdk_WA/113,E6
11173,USA_2019,IGFdk_WA,IGFdk_WA/113,D6
11174,Add_2021,IGFdk_WA,IGFdk_WA/Ro,A0
11175,Add_2021,IGFdk_WA,IGFdk_WA/Ro,B0
11176,USA_2019,IGFdw_OR,IGFdw_OR/101,D4
11177,USA_2019,IGFdw_OR,IGFdw_OR/101,D3
11178,USA_2019,IGFdw_OR,IGFdw_OR/101,C4
11179,USA_2019,IGFdw_OR,IGFdw_OR/101,C3
11180,USA_2019,IGFdw_OR,IGFdw_OR/101,B4
11181,USA_2019,IGFdw_OR,IGFdw_OR/101,B3
11182,USA_2019,IGFdw_OR,IGFdw_OR/102,D1
11183,USA_2019,IGFdw_OR,IGFdw_OR/102,C1
11184,USA_2019,IGFdw_OR,IGFdw_OR/102,B1
11185,USA_2019,IGFdw_OR,IGFdw_OR/102,A1
11186,USA_2019,IGFdw_OR,IGFdw_OR/103,D2
11187,USA_2019,IGFdw_OR,IGFdw_OR/103,C2
11188,USA_2019,IGFdw_OR,IGFdw_OR/103,B2
11189,USA_2019,IGFdw_OR,IGFdw_OR/103,A2
11190,USA_2019,IGFdw_OR,IGFdw_OR/110,C5
11191,USA_2019,IGFdw_OR,IGFdw_OR/110,B5
11192,USA_2019,IGFdw_OR,IGFdw_OR/111,C6
11193,USA_2019,IGFdw_OR,IGFdw_OR/111,B6
11194,USA_2019,IGFdw_OR,IGFdw_OR/112,E5
11195,USA_2019,IGFdw_OR,IGFdw_OR/112,D5
11196,USA_2019,IGFdw_OR,IGFdw_OR/113,E6
11197,USA_2019,IGFdw_OR,IGFdw_OR/113,D6
11198,Add_2021,IGFdw_OR,IGFdw_OR/Ro,A0
11199,Add_2021,IGFdw_OR,IGFdw_OR/Ro,B0
11200,USA_2020,IGFmh_OR,IGFmh_OR/101,D4
11201,USA_2020,IGFmh_OR,IGFmh_OR/101,D3
11202,USA_2020,IGFmh_OR,IGFmh_OR/101,C4
11203,USA_2020,IGFmh_OR,IGFmh_OR/101,C3
11204,USA_2020,IGFmh_OR,IGFmh_OR/101,B4
11205,USA_2020,IGFmh_OR,IGFmh_OR/101,B3
11206,USA_2020,IGFmh_OR,IGFmh_OR/102,D1
11207,USA_2020,IGFmh_OR,IGFmh_OR/102,C1
11208,USA_2020,IGFmh_OR,IGFmh_OR/102,B1
11209,USA_2020,IGFmh_OR,IGFmh_OR/102,A1
11210,USA_2020,IGFmh_OR,IGFmh_OR/103,D2
11211,USA_2020,IGFmh_OR,IGFmh_OR/103,C2
11212,USA_2020,IGFmh_OR,IGFmh_OR/103,B2
11213,USA_2020,IGFmh_OR,IGFmh_OR/103,A2
11214,USA_2020,IGFmh_OR,IGFmh_OR/110,C5
11215,USA_2020,IGFmh_OR,IGFmh_OR/110,B5
11216,USA_2020,IGFmh_OR,IGFmh_OR/111,C6
11217,USA_2020,IGFmh_OR,IGFmh_OR/111,B6
11218,USA_2020,IGFmh_OR,IGFmh_OR/112,E5
11219,USA_2020,IGFmh_OR,IGFmh_OR/112,D5
11220,USA_2020,IGFmh_OR,IGFmh_OR/113,E6
11221,USA_2020,IGFmh_OR,IGFmh_OR/113,D6
11222,Add_2021,IGFmh_OR,IGFmh_OR/Ro,A0
11223,Add_2021,IGFmh_OR,IGFmh_OR/Ro,B0
11224,USA_2019,IGFmm_OR,IGFmm_OR/101,D4
11225,USA_2019,IGFmm_OR,IGFmm_OR/101,D3
11226,USA_2019,IGFmm_OR,IGFmm_OR/101,C4
11227,USA_2019,IGFmm_OR,IGFmm_OR/101,C3
11228,USA_2019,IGFmm_OR,IGFmm_OR/101,B4
11229,USA_2019,IGFmm_OR,IGFmm_OR/101,B3
11230,USA_2019,IGFmm_OR,IGFmm_OR/102,D1
11231,USA_2019,IGFmm_OR,IGFmm_OR/102,C1
11232,USA_2019,IGFmm_OR,IGFmm_OR/102,B1
11233,USA_2019,IGFmm_OR,IGFmm_OR/102,A1
11234,USA_2019,IGFmm_OR,IGFmm_OR/103,D2
11235,USA_2019,IGFmm_OR,IGFmm_OR/103,C2
11236,USA_2019,IGFmm_OR,IGFmm_OR/103,B2
11237,USA_2019,IGFmm_OR,IGFmm_OR/103,A2
11238,USA_2019,IGFmm_OR,IGFmm_OR/110,C5
11239,USA_2019,IGFmm_OR,IGFmm_OR/110,B5
11240,USA_2019,IGFmm_OR,IGFmm_OR/111,C6
11241,USA_2019,IGFmm_OR,IGFmm_OR/111,B6
11242,USA_2019,IGFmm_OR,IGFmm_OR/112,E5
11243,USA_2019,IGFmm_OR,IGFmm_OR/112,D5
11244,USA_2019,IGFmm_OR,IGFmm_OR/113,E6
11245,USA_2019,IGFmm_OR,IGFmm_OR/113,D6
11246,Add_2021,IGFmm_OR,IGFmm_OR/Ro,A0
11247,Add_2021,IGFmm_OR,IGFmm_OR/Ro,B0
11248,USA_2020,IGFxm_OR,IGFxm_OR/101,D4
11249,USA_2020,IGFxm_OR,IGFxm_OR/101,D3
11250,USA_2020,IGFxm_OR,IGFxm_OR/101,C4
11251,USA_2020,IGFxm_OR,IGFxm_OR/101,C3
11252,USA_2020,IGFxm_OR,IGFxm_OR/101,B4
11253,USA_2020,IGFxm_OR,IGFxm_OR/101,B3
11254,USA_2020,IGFxm_OR,IGFxm_OR/102,D2
11255,USA_2020,IGFxm_OR,IGFxm_OR/102,C2
11256,USA_2020,IGFxm_OR,IGFxm_OR/102,B2
11257,USA_2020,IGFxm_OR,IGFxm_OR/102,A2
11258,USA_2020,IGFxm_OR,IGFxm_OR/110,C5
11259,USA_2020,IGFxm_OR,IGFxm_OR/110,B5
11260,USA_2020,IGFxm_OR,IGFxm_OR/111,C6
11261,USA_2020,IGFxm_OR,IGFxm_OR/111,B6
11262,USA_2020,IGFxm_OR,IGFxm_OR/112,E5
11263,USA_2020,IGFxm_OR,IGFxm_OR/112,D5
11264,USA_2020,IGFxm_OR,IGFxm_OR/113,E6
11265,USA_2020,IGFxm_OR,IGFxm_OR/113,D6
11266,USA_2020,IGFxm_OR,IGFxm_OR/Gg,D1
11267,USA_2020,IGFxm_OR,IGFxm_OR/Gg,C1
11268,USA_2020,IGFxm_OR,IGFxm_OR/Gg,B1
11269,USA_2020,IGFxm_OR,IGFxm_OR/Gg,A1
11270,Add_2021,IGFxm_OR,IGFxm_OR/Ro,A0
11271,Add_2021,IGFxm_OR,IGFxm_OR/Ro,B0
11272,AB_2018,IMAab,IMAab/00,E7
11273,AB_2018,IMAab,IMAab/00,E6
11274,AB_2018,IMAab,IMAab/00,E5
11275,AB_2018,IMAab,IMAab/00,E4
11276,AB_2018,IMAab,IMAab/00,E3
11277,AB_2018,IMAab,IMAab/00,E2
11278,AB_2018,IMAab,IMAab/00,E1
11279,AB_2018,IMAab,IMAab/00,E0
11280,AB_2018,IMAab,IMAab/00,D7
11281,AB_2018,IMAab,IMAab/00,D6
11282,AB_2018,IMAab,IMAab/00,D5
11283,AB_2018,IMAab,IMAab/00,D4
11284,AB_2018,IMAab,IMAab/00,D3
11285,AB_2018,IMAab,IMAab/00,D2
11286,AB_2018,IMAab,IMAab/00,D1
11287,AB_2018,IMAab,IMAab/00,D0
11288,AB_2018,IMAab,IMAab/00,C7
11289,AB_2018,IMAab,IMAab/00,C6
11290,AB_2018,IMAab,IMAab/00,C5
11291,AB_2018,IMAab,IMAab/00,C4
11292,AB_2018,IMAab,IMAab/00,C3
11293,AB_2018,IMAab,IMAab/00,C2
11294,AB_2018,IMAab,IMAab/00,C1
11295,AB_2018,IMAab,IMAab/00,C0
11296,AB_2018,IMAab,IMAab/00,B7
11297,AB_2018,IMAab,IMAab/00,B6
11298,AB_2018,IMAab,IMAab/00,B5
11299,AB_2018,IMAab,IMAab/00,B4
11300,AB_2018,IMAab,IMAab/00,B3
11301,AB_2018,IMAab,IMAab/00,B2
11302,AB_2018,IMAab,IMAab/00,B1
11303,AB_2018,IMAab,IMAab/00,B0
11304,AB_2018,IMAab,IMAab/00,A7
11305,AB_2018,IMAab,IMAab/00,A6
11306,AB_2018,IMAab,IMAab/00,A5
11307,AB_2018,IMAab,IMAab/00,A4
11308,AB_2018,IMAab,IMAab/00,A3
11309,AB_2018,IMAab,IMAab/00,A2
11310,AB_2018,IMAab,IMAab/00,A1
11311,AB_2018,IMAab,IMAab/00,A0
11312,BECv10,IMAun,IMAun/00,E7
11313,BECv10,IMAun,IMAun/00,E6
11314,BECv10,IMAun,IMAun/00,E5
11315,BECv10,IMAun,IMAun/00,E4
11316,BECv10,IMAun,IMAun/00,E3
11317,BECv10,IMAun,IMAun/00,E2
11318,BECv10,IMAun,IMAun/00,E1
11319,BECv10,IMAun,IMAun/00,E0
11320,BECv10,IMAun,IMAun/00,D7
11321,BECv10,IMAun,IMAun/00,D6
11322,BECv10,IMAun,IMAun/00,D5
11323,BECv10,IMAun,IMAun/00,D4
11324,BECv10,IMAun,IMAun/00,D3
11325,BECv10,IMAun,IMAun/00,D2
11326,BECv10,IMAun,IMAun/00,D1
11327,BECv10,IMAun,IMAun/00,D0
11328,BECv10,IMAun,IMAun/00,C7
11329,BECv10,IMAun,IMAun/00,C6
11330,BECv10,IMAun,IMAun/00,C5
11331,BECv10,IMAun,IMAun/00,C4
11332,BECv10,IMAun,IMAun/00,C3
11333,BECv10,IMAun,IMAun/00,C2
11334,BECv10,IMAun,IMAun/00,C1
11335,BECv10,IMAun,IMAun/00,C0
11336,BECv10,IMAun,IMAun/00,B7
11337,BECv10,IMAun,IMAun/00,B6
11338,BECv10,IMAun,IMAun/00,B5
11339,BECv10,IMAun,IMAun/00,B4
11340,BECv10,IMAun,IMAun/00,B3
11341,BECv10,IMAun,IMAun/00,B2
11342,BECv10,IMAun,IMAun/00,B1
11343,BECv10,IMAun,IMAun/00,B0
11344,BECv10,IMAun,IMAun/00,A7
11345,BECv10,IMAun,IMAun/00,A6
11346,BECv10,IMAun,IMAun/00,A5
11347,BECv10,IMAun,IMAun/00,A4
11348,BECv10,IMAun,IMAun/00,A3
11349,BECv10,IMAun,IMAun/00,A2
11350,BECv10,IMAun,IMAun/00,A1
11351,BECv10,IMAun,IMAun/00,A0
11352,USA_2019,IMAun_CO,IMAun_CO/00,E7
11353,USA_2019,IMAun_CO,IMAun_CO/00,E6
11354,USA_2019,IMAun_CO,IMAun_CO/00,E5
11355,USA_2019,IMAun_CO,IMAun_CO/00,E4
11356,USA_2019,IMAun_CO,IMAun_CO/00,E3
11357,USA_2019,IMAun_CO,IMAun_CO/00,E2
11358,USA_2019,IMAun_CO,IMAun_CO/00,E1
11359,USA_2019,IMAun_CO,IMAun_CO/00,E0
11360,USA_2019,IMAun_CO,IMAun_CO/00,D7
11361,USA_2019,IMAun_CO,IMAun_CO/00,D6
11362,USA_2019,IMAun_CO,IMAun_CO/00,D5
11363,USA_2019,IMAun_CO,IMAun_CO/00,D4
11364,USA_2019,IMAun_CO,IMAun_CO/00,D3
11365,USA_2019,IMAun_CO,IMAun_CO/00,D2
11366,USA_2019,IMAun_CO,IMAun_CO/00,D1
11367,USA_2019,IMAun_CO,IMAun_CO/00,D0
11368,USA_2019,IMAun_CO,IMAun_CO/00,C7
11369,USA_2019,IMAun_CO,IMAun_CO/00,C6
11370,USA_2019,IMAun_CO,IMAun_CO/00,C5
11371,USA_2019,IMAun_CO,IMAun_CO/00,C4
11372,USA_2019,IMAun_CO,IMAun_CO/00,C3
11373,USA_2019,IMAun_CO,IMAun_CO/00,C2
11374,USA_2019,IMAun_CO,IMAun_CO/00,C1
11375,USA_2019,IMAun_CO,IMAun_CO/00,C0
11376,USA_2019,IMAun_CO,IMAun_CO/00,B7
11377,USA_2019,IMAun_CO,IMAun_CO/00,B6
11378,USA_2019,IMAun_CO,IMAun_CO/00,B5
11379,USA_2019,IMAun_CO,IMAun_CO/00,B4
11380,USA_2019,IMAun_CO,IMAun_CO/00,B3
11381,USA_2019,IMAun_CO,IMAun_CO/00,B2
11382,USA_2019,IMAun_CO,IMAun_CO/00,B1
11383,USA_2019,IMAun_CO,IMAun_CO/00,B0
11384,USA_2019,IMAun_CO,IMAun_CO/00,A7
11385,USA_2019,IMAun_CO,IMAun_CO/00,A6
11386,USA_2019,IMAun_CO,IMAun_CO/00,A5
11387,USA_2019,IMAun_CO,IMAun_CO/00,A4
11388,USA_2019,IMAun_CO,IMAun_CO/00,A3
11389,USA_2019,IMAun_CO,IMAun_CO/00,A2
11390,USA_2019,IMAun_CO,IMAun_CO/00,A1
11391,USA_2019,IMAun_CO,IMAun_CO/00,A0
11392,USA_2019,IMAun_ID,IMAun_ID/00,A0
11393,USA_2019,IMAun_ID,IMAun_ID/00,A1
11394,USA_2019,IMAun_ID,IMAun_ID/00,A2
11395,USA_2019,IMAun_ID,IMAun_ID/00,A3
11396,USA_2019,IMAun_ID,IMAun_ID/00,A4
11397,USA_2019,IMAun_ID,IMAun_ID/00,A5
11398,USA_2019,IMAun_ID,IMAun_ID/00,A6
11399,USA_2019,IMAun_ID,IMAun_ID/00,A7
11400,USA_2019,IMAun_ID,IMAun_ID/00,B0
11401,USA_2019,IMAun_ID,IMAun_ID/00,B1
11402,USA_2019,IMAun_ID,IMAun_ID/00,B2
11403,USA_2019,IMAun_ID,IMAun_ID/00,B3
11404,USA_2019,IMAun_ID,IMAun_ID/00,B4
11405,USA_2019,IMAun_ID,IMAun_ID/00,B5
11406,USA_2019,IMAun_ID,IMAun_ID/00,B6
11407,USA_2019,IMAun_ID,IMAun_ID/00,B7
11408,USA_2019,IMAun_ID,IMAun_ID/00,C0
11409,USA_2019,IMAun_ID,IMAun_ID/00,C1
11410,USA_2019,IMAun_ID,IMAun_ID/00,C2
11411,USA_2019,IMAun_ID,IMAun_ID/00,C3
11412,USA_2019,IMAun_ID,IMAun_ID/00,C4
11413,USA_2019,IMAun_ID,IMAun_ID/00,C5
11414,USA_2019,IMAun_ID,IMAun_ID/00,C6
11415,USA_2019,IMAun_ID,IMAun_ID/00,C7
11416,USA_2019,IMAun_ID,IMAun_ID/00,D0
11417,USA_2019,IMAun_ID,IMAun_ID/00,D1
11418,USA_2019,IMAun_ID,IMAun_ID/00,D2
11419,USA_2019,IMAun_ID,IMAun_ID/00,D3
11420,USA_2019,IMAun_ID,IMAun_ID/00,D4
11421,USA_2019,IMAun_ID,IMAun_ID/00,D5
11422,USA_2019,IMAun_ID,IMAun_ID/00,D6
11423,USA_2019,IMAun_ID,IMAun_ID/00,D7
11424,USA_2019,IMAun_ID,IMAun_ID/00,E0
11425,USA_2019,IMAun_ID,IMAun_ID/00,E1
11426,USA_2019,IMAun_ID,IMAun_ID/00,E2
11427,USA_2019,IMAun_ID,IMAun_ID/00,E3
11428,USA_2019,IMAun_ID,IMAun_ID/00,E4
11429,USA_2019,IMAun_ID,IMAun_ID/00,E5
11430,USA_2019,IMAun_ID,IMAun_ID/00,E6
11431,USA_2019,IMAun_ID,IMAun_ID/00,E7
11432,USA_2019,IMAun_MT,IMAun_MT/00,A0
11433,USA_2019,IMAun_MT,IMAun_MT/00,A1
11434,USA_2019,IMAun_MT,IMAun_MT/00,A2
11435,USA_2019,IMAun_MT,IMAun_MT/00,A3
11436,USA_2019,IMAun_MT,IMAun_MT/00,A4
11437,USA_2019,IMAun_MT,IMAun_MT/00,A5
11438,USA_2019,IMAun_MT,IMAun_MT/00,A6
11439,USA_2019,IMAun_MT,IMAun_MT/00,A7
11440,USA_2019,IMAun_MT,IMAun_MT/00,B0
11441,USA_2019,IMAun_MT,IMAun_MT/00,B1
11442,USA_2019,IMAun_MT,IMAun_MT/00,B2
11443,USA_2019,IMAun_MT,IMAun_MT/00,B3
11444,USA_2019,IMAun_MT,IMAun_MT/00,B4
11445,USA_2019,IMAun_MT,IMAun_MT/00,B5
11446,USA_2019,IMAun_MT,IMAun_MT/00,B6
11447,USA_2019,IMAun_MT,IMAun_MT/00,B7
11448,USA_2019,IMAun_MT,IMAun_MT/00,C0
11449,USA_2019,IMAun_MT,IMAun_MT/00,C1
11450,USA_2019,IMAun_MT,IMAun_MT/00,C2
11451,USA_2019,IMAun_MT,IMAun_MT/00,C3
11452,USA_2019,IMAun_MT,IMAun_MT/00,C4
11453,USA_2019,IMAun_MT,IMAun_MT/00,C5
11454,USA_2019,IMAun_MT,IMAun_MT/00,C6
11455,USA_2019,IMAun_MT,IMAun_MT/00,C7
11456,USA_2019,IMAun_MT,IMAun_MT/00,D0
11457,USA_2019,IMAun_MT,IMAun_MT/00,D1
11458,USA_2019,IMAun_MT,IMAun_MT/00,D2
11459,USA_2019,IMAun_MT,IMAun_MT/00,D3
11460,USA_2019,IMAun_MT,IMAun_MT/00,D4
11461,USA_2019,IMAun_MT,IMAun_MT/00,D5
11462,USA_2019,IMAun_MT,IMAun_MT/00,D6
11463,USA_2019,IMAun_MT,IMAun_MT/00,D7
11464,USA_2019,IMAun_MT,IMAun_MT/00,E0
11465,USA_2019,IMAun_MT,IMAun_MT/00,E1
11466,USA_2019,IMAun_MT,IMAun_MT/00,E2
11467,USA_2019,IMAun_MT,IMAun_MT/00,E3
11468,USA_2019,IMAun_MT,IMAun_MT/00,E4
11469,USA_2019,IMAun_MT,IMAun_MT/00,E5
11470,USA_2019,IMAun_MT,IMAun_MT/00,E6
11471,USA_2019,IMAun_MT,IMAun_MT/00,E7
11472,USA_2019,IMAun_OR,IMAun_OR/00,A0
11473,USA_2019,IMAun_OR,IMAun_OR/00,A1
11474,USA_2019,IMAun_OR,IMAun_OR/00,A2
11475,USA_2019,IMAun_OR,IMAun_OR/00,A3
11476,USA_2019,IMAun_OR,IMAun_OR/00,A4
11477,USA_2019,IMAun_OR,IMAun_OR/00,A5
11478,USA_2019,IMAun_OR,IMAun_OR/00,A6
11479,USA_2019,IMAun_OR,IMAun_OR/00,A7
11480,USA_2019,IMAun_OR,IMAun_OR/00,B0
11481,USA_2019,IMAun_OR,IMAun_OR/00,B1
11482,USA_2019,IMAun_OR,IMAun_OR/00,B2
11483,USA_2019,IMAun_OR,IMAun_OR/00,B3
11484,USA_2019,IMAun_OR,IMAun_OR/00,B4
11485,USA_2019,IMAun_OR,IMAun_OR/00,B5
11486,USA_2019,IMAun_OR,IMAun_OR/00,B6
11487,USA_2019,IMAun_OR,IMAun_OR/00,B7
11488,USA_2019,IMAun_OR,IMAun_OR/00,C0
11489,USA_2019,IMAun_OR,IMAun_OR/00,C1
11490,USA_2019,IMAun_OR,IMAun_OR/00,C2
11491,USA_2019,IMAun_OR,IMAun_OR/00,C3
11492,USA_2019,IMAun_OR,IMAun_OR/00,C4
11493,USA_2019,IMAun_OR,IMAun_OR/00,C5
11494,USA_2019,IMAun_OR,IMAun_OR/00,C6
11495,USA_2019,IMAun_OR,IMAun_OR/00,C7
11496,USA_2019,IMAun_OR,IMAun_OR/00,D0
11497,USA_2019,IMAun_OR,IMAun_OR/00,D1
11498,USA_2019,IMAun_OR,IMAun_OR/00,D2
11499,USA_2019,IMAun_OR,IMAun_OR/00,D3
11500,USA_2019,IMAun_OR,IMAun_OR/00,D4
11501,USA_2019,IMAun_OR,IMAun_OR/00,D5
11502,USA_2019,IMAun_OR,IMAun_OR/00,D6
11503,USA_2019,IMAun_OR,IMAun_OR/00,D7
11504,USA_2019,IMAun_OR,IMAun_OR/00,E0
11505,USA_2019,IMAun_OR,IMAun_OR/00,E1
11506,USA_2019,IMAun_OR,IMAun_OR/00,E2
11507,USA_2019,IMAun_OR,IMAun_OR/00,E3
11508,USA_2019,IMAun_OR,IMAun_OR/00,E4
11509,USA_2019,IMAun_OR,IMAun_OR/00,E5
11510,USA_2019,IMAun_OR,IMAun_OR/00,E6
11511,USA_2019,IMAun_OR,IMAun_OR/00,E7
11512,USA_2019,IMAun_WA,IMAun_WA/00,A0
11513,USA_2019,IMAun_WA,IMAun_WA/00,A1
11514,USA_2019,IMAun_WA,IMAun_WA/00,A2
11515,USA_2019,IMAun_WA,IMAun_WA/00,A3
11516,USA_2019,IMAun_WA,IMAun_WA/00,A4
11517,USA_2019,IMAun_WA,IMAun_WA/00,A5
11518,USA_2019,IMAun_WA,IMAun_WA/00,A6
11519,USA_2019,IMAun_WA,IMAun_WA/00,A7
11520,USA_2019,IMAun_WA,IMAun_WA/00,B0
11521,USA_2019,IMAun_WA,IMAun_WA/00,B1
11522,USA_2019,IMAun_WA,IMAun_WA/00,B2
11523,USA_2019,IMAun_WA,IMAun_WA/00,B3
11524,USA_2019,IMAun_WA,IMAun_WA/00,B4
11525,USA_2019,IMAun_WA,IMAun_WA/00,B5
11526,USA_2019,IMAun_WA,IMAun_WA/00,B6
11527,USA_2019,IMAun_WA,IMAun_WA/00,B7
11528,USA_2019,IMAun_WA,IMAun_WA/00,C0
11529,USA_2019,IMAun_WA,IMAun_WA/00,C1
11530,USA_2019,IMAun_WA,IMAun_WA/00,C2
11531,USA_2019,IMAun_WA,IMAun_WA/00,C3
11532,USA_2019,IMAun_WA,IMAun_WA/00,C4
11533,USA_2019,IMAun_WA,IMAun_WA/00,C5
11534,USA_2019,IMAun_WA,IMAun_WA/00,C6
11535,USA_2019,IMAun_WA,IMAun_WA/00,C7
11536,USA_2019,IMAun_WA,IMAun_WA/00,D0
11537,USA_2019,IMAun_WA,IMAun_WA/00,D1
11538,USA_2019,IMAun_WA,IMAun_WA/00,D2
11539,USA_2019,IMAun_WA,IMAun_WA/00,D3
11540,USA_2019,IMAun_WA,IMAun_WA/00,D4
11541,USA_2019,IMAun_WA,IMAun_WA/00,D5
11542,USA_2019,IMAun_WA,IMAun_WA/00,D6
11543,USA_2019,IMAun_WA,IMAun_WA/00,D7
11544,USA_2019,IMAun_WA,IMAun_WA/00,E0
11545,USA_2019,IMAun_WA,IMAun_WA/00,E1
11546,USA_2019,IMAun_WA,IMAun_WA/00,E2
11547,USA_2019,IMAun_WA,IMAun_WA/00,E3
11548,USA_2019,IMAun_WA,IMAun_WA/00,E4
11549,USA_2019,IMAun_WA,IMAun_WA/00,E5
11550,USA_2019,IMAun_WA,IMAun_WA/00,E6
11551,USA_2019,IMAun_WA,IMAun_WA/00,E7
11552,USA_2019,IMAun_WY,IMAun_WY/00,E7
11553,USA_2019,IMAun_WY,IMAun_WY/00,E6
11554,USA_2019,IMAun_WY,IMAun_WY/00,E5
11555,USA_2019,IMAun_WY,IMAun_WY/00,E4
11556,USA_2019,IMAun_WY,IMAun_WY/00,E3
11557,USA_2019,IMAun_WY,IMAun_WY/00,E2
11558,USA_2019,IMAun_WY,IMAun_WY/00,E1
11559,USA_2019,IMAun_WY,IMAun_WY/00,E0
11560,USA_2019,IMAun_WY,IMAun_WY/00,D7
11561,USA_2019,IMAun_WY,IMAun_WY/00,D6
11562,USA_2019,IMAun_WY,IMAun_WY/00,D5
11563,USA_2019,IMAun_WY,IMAun_WY/00,D4
11564,USA_2019,IMAun_WY,IMAun_WY/00,D3
11565,USA_2019,IMAun_WY,IMAun_WY/00,D2
11566,USA_2019,IMAun_WY,IMAun_WY/00,D1
11567,USA_2019,IMAun_WY,IMAun_WY/00,D0
11568,USA_2019,IMAun_WY,IMAun_WY/00,C7
11569,USA_2019,IMAun_WY,IMAun_WY/00,C6
11570,USA_2019,IMAun_WY,IMAun_WY/00,C5
11571,USA_2019,IMAun_WY,IMAun_WY/00,C4
11572,USA_2019,IMAun_WY,IMAun_WY/00,C3
11573,USA_2019,IMAun_WY,IMAun_WY/00,C2
11574,USA_2019,IMAun_WY,IMAun_WY/00,C1
11575,USA_2019,IMAun_WY,IMAun_WY/00,C0
11576,USA_2019,IMAun_WY,IMAun_WY/00,B7
11577,USA_2019,IMAun_WY,IMAun_WY/00,B6
11578,USA_2019,IMAun_WY,IMAun_WY/00,B5
11579,USA_2019,IMAun_WY,IMAun_WY/00,B4
11580,USA_2019,IMAun_WY,IMAun_WY/00,B3
11581,USA_2019,IMAun_WY,IMAun_WY/00,B2
11582,USA_2019,IMAun_WY,IMAun_WY/00,B1
11583,USA_2019,IMAun_WY,IMAun_WY/00,B0
11584,USA_2019,IMAun_WY,IMAun_WY/00,A7
11585,USA_2019,IMAun_WY,IMAun_WY/00,A6
11586,USA_2019,IMAun_WY,IMAun_WY/00,A5
11587,USA_2019,IMAun_WY,IMAun_WY/00,A4
11588,USA_2019,IMAun_WY,IMAun_WY/00,A3
11589,USA_2019,IMAun_WY,IMAun_WY/00,A2
11590,USA_2019,IMAun_WY,IMAun_WY/00,A1
11591,USA_2019,IMAun_WY,IMAun_WY/00,A0
11592,BECv10,IMAunp,IMAunp/00,E7
11593,BECv10,IMAunp,IMAunp/00,E6
11594,BECv10,IMAunp,IMAunp/00,E5
11595,BECv10,IMAunp,IMAunp/00,E4
11596,BECv10,IMAunp,IMAunp/00,E3
11597,BECv10,IMAunp,IMAunp/00,E2
11598,BECv10,IMAunp,IMAunp/00,E1
11599,BECv10,IMAunp,IMAunp/00,E0
11600,BECv10,IMAunp,IMAunp/00,D7
11601,BECv10,IMAunp,IMAunp/00,D6
11602,BECv10,IMAunp,IMAunp/00,D5
11603,BECv10,IMAunp,IMAunp/00,D4
11604,BECv10,IMAunp,IMAunp/00,D3
11605,BECv10,IMAunp,IMAunp/00,D2
11606,BECv10,IMAunp,IMAunp/00,D1
11607,BECv10,IMAunp,IMAunp/00,D0
11608,BECv10,IMAunp,IMAunp/00,C7
11609,BECv10,IMAunp,IMAunp/00,C6
11610,BECv10,IMAunp,IMAunp/00,C5
11611,BECv10,IMAunp,IMAunp/00,C4
11612,BECv10,IMAunp,IMAunp/00,C3
11613,BECv10,IMAunp,IMAunp/00,C2
11614,BECv10,IMAunp,IMAunp/00,C1
11615,BECv10,IMAunp,IMAunp/00,C0
11616,BECv10,IMAunp,IMAunp/00,B7
11617,BECv10,IMAunp,IMAunp/00,B6
11618,BECv10,IMAunp,IMAunp/00,B5
11619,BECv10,IMAunp,IMAunp/00,B4
11620,BECv10,IMAunp,IMAunp/00,B3
11621,BECv10,IMAunp,IMAunp/00,B2
11622,BECv10,IMAunp,IMAunp/00,B1
11623,BECv10,IMAunp,IMAunp/00,B0
11624,BECv10,IMAunp,IMAunp/00,A7
11625,BECv10,IMAunp,IMAunp/00,A6
11626,BECv10,IMAunp,IMAunp/00,A5
11627,BECv10,IMAunp,IMAunp/00,A4
11628,BECv10,IMAunp,IMAunp/00,A3
11629,BECv10,IMAunp,IMAunp/00,A2
11630,BECv10,IMAunp,IMAunp/00,A1
11631,BECv10,IMAunp,IMAunp/00,A0
11632,USA_2019,IWFdm_CO,IWFdm_CO/101,D4
11633,USA_2019,IWFdm_CO,IWFdm_CO/101,D3
11634,USA_2019,IWFdm_CO,IWFdm_CO/101,C4
11635,USA_2019,IWFdm_CO,IWFdm_CO/101,C3
11636,USA_2019,IWFdm_CO,IWFdm_CO/101,B4
11637,USA_2019,IWFdm_CO,IWFdm_CO/101,B3
11638,USA_2019,IWFdm_CO,IWFdm_CO/102,D2
11639,USA_2019,IWFdm_CO,IWFdm_CO/102,C2
11640,USA_2019,IWFdm_CO,IWFdm_CO/102,B2
11641,USA_2019,IWFdm_CO,IWFdm_CO/102,A2
11642,USA_2019,IWFdm_CO,IWFdm_CO/110,E5
11643,USA_2019,IWFdm_CO,IWFdm_CO/110,D5
11644,USA_2019,IWFdm_CO,IWFdm_CO/110,C5
11645,USA_2019,IWFdm_CO,IWFdm_CO/110,B5
11646,USA_2019,IWFdm_CO,IWFdm_CO/111,C6
11647,USA_2019,IWFdm_CO,IWFdm_CO/111,B6
11648,USA_2019,IWFdm_CO,IWFdm_CO/113,E6
11649,USA_2019,IWFdm_CO,IWFdm_CO/113,D6
11650,USA_2020,IWFdm_CO,IWFdm_CO/Gg,A1
11651,USA_2020,IWFdm_CO,IWFdm_CO/Gg,B1
11652,USA_2020,IWFdm_CO,IWFdm_CO/Gg,C1
11653,USA_2020,IWFdm_CO,IWFdm_CO/Gg,D1
11654,Add_2021,IWFdm_CO,IWFdm_CO/Ro,A0
11655,Add_2021,IWFdm_CO,IWFdm_CO/Ro,B0
11656,USA_2019,IWFdw_OR,IWFdw_OR/101,D4
11657,USA_2019,IWFdw_OR,IWFdw_OR/101,D3
11658,USA_2019,IWFdw_OR,IWFdw_OR/101,C4
11659,USA_2019,IWFdw_OR,IWFdw_OR/101,C3
11660,USA_2019,IWFdw_OR,IWFdw_OR/101,B4
11661,USA_2019,IWFdw_OR,IWFdw_OR/101,B3
11662,USA_2019,IWFdw_OR,IWFdw_OR/102,D1
11663,USA_2019,IWFdw_OR,IWFdw_OR/102,C1
11664,USA_2019,IWFdw_OR,IWFdw_OR/102,B1
11665,USA_2019,IWFdw_OR,IWFdw_OR/102,A1
11666,USA_2019,IWFdw_OR,IWFdw_OR/103,D2
11667,USA_2019,IWFdw_OR,IWFdw_OR/103,C2
11668,USA_2019,IWFdw_OR,IWFdw_OR/103,B2
11669,USA_2019,IWFdw_OR,IWFdw_OR/103,A2
11670,USA_2019,IWFdw_OR,IWFdw_OR/110,C5
11671,USA_2019,IWFdw_OR,IWFdw_OR/110,B5
11672,USA_2019,IWFdw_OR,IWFdw_OR/111,C6
11673,USA_2019,IWFdw_OR,IWFdw_OR/111,B6
11674,USA_2019,IWFdw_OR,IWFdw_OR/112,E5
11675,USA_2019,IWFdw_OR,IWFdw_OR/112,D5
11676,USA_2019,IWFdw_OR,IWFdw_OR/113,E6
11677,USA_2019,IWFdw_OR,IWFdw_OR/113,D6
11678,Add_2021,IWFdw_OR,IWFdw_OR/Ro,A0
11679,Add_2021,IWFdw_OR,IWFdw_OR/Ro,B0
11680,USA_2019,IWFxk_NV,IWFxk_NV/101,D4
11681,USA_2019,IWFxk_NV,IWFxk_NV/101,D3
11682,USA_2019,IWFxk_NV,IWFxk_NV/101,C4
11683,USA_2019,IWFxk_NV,IWFxk_NV/101,C3
11684,USA_2019,IWFxk_NV,IWFxk_NV/101,B4
11685,USA_2019,IWFxk_NV,IWFxk_NV/101,B3
11686,USA_2019,IWFxk_NV,IWFxk_NV/102,D1
11687,USA_2019,IWFxk_NV,IWFxk_NV/102,C1
11688,USA_2019,IWFxk_NV,IWFxk_NV/102,B1
11689,USA_2019,IWFxk_NV,IWFxk_NV/102,A1
11690,USA_2019,IWFxk_NV,IWFxk_NV/103,D2
11691,USA_2019,IWFxk_NV,IWFxk_NV/103,C2
11692,USA_2019,IWFxk_NV,IWFxk_NV/103,B2
11693,USA_2019,IWFxk_NV,IWFxk_NV/103,A2
11694,USA_2019,IWFxk_NV,IWFxk_NV/110,E5
11695,USA_2019,IWFxk_NV,IWFxk_NV/110,D5
11696,USA_2019,IWFxk_NV,IWFxk_NV/110,C5
11697,USA_2019,IWFxk_NV,IWFxk_NV/110,B5
11698,USA_2019,IWFxk_NV,IWFxk_NV/111,E6
11699,USA_2019,IWFxk_NV,IWFxk_NV/111,D6
11700,USA_2019,IWFxk_NV,IWFxk_NV/111,C6
11701,USA_2019,IWFxk_NV,IWFxk_NV/111,B6
11702,Add_2021,IWFxk_NV,IWFxk_NV/Ro,A0
11703,Add_2021,IWFxk_NV,IWFxk_NV/Ro,B0
11704,USA_2019,IWFxm_CA,IWFxm_CA/101,D4
11705,USA_2019,IWFxm_CA,IWFxm_CA/101,D3
11706,USA_2019,IWFxm_CA,IWFxm_CA/101,C4
11707,USA_2019,IWFxm_CA,IWFxm_CA/101,C3
11708,USA_2019,IWFxm_CA,IWFxm_CA/101,B4
11709,USA_2019,IWFxm_CA,IWFxm_CA/101,B3
11710,USA_2019,IWFxm_CA,IWFxm_CA/102,D1
11711,USA_2019,IWFxm_CA,IWFxm_CA/102,C1
11712,USA_2019,IWFxm_CA,IWFxm_CA/102,B1
11713,USA_2019,IWFxm_CA,IWFxm_CA/102,A1
11714,USA_2019,IWFxm_CA,IWFxm_CA/103,D2
11715,USA_2019,IWFxm_CA,IWFxm_CA/103,C2
11716,USA_2019,IWFxm_CA,IWFxm_CA/103,B2
11717,USA_2019,IWFxm_CA,IWFxm_CA/103,A2
11718,USA_2019,IWFxm_CA,IWFxm_CA/110,E5
11719,USA_2019,IWFxm_CA,IWFxm_CA/110,D5
11720,USA_2019,IWFxm_CA,IWFxm_CA/110,C5
11721,USA_2019,IWFxm_CA,IWFxm_CA/110,B5
11722,USA_2019,IWFxm_CA,IWFxm_CA/111,C6
11723,USA_2019,IWFxm_CA,IWFxm_CA/111,B6
11724,USA_2019,IWFxm_CA,IWFxm_CA/112,E6
11725,USA_2019,IWFxm_CA,IWFxm_CA/112,D6
11726,Add_2021,IWFxm_CA,IWFxm_CA/Ro,A0
11727,Add_2021,IWFxm_CA,IWFxm_CA/Ro,B0
11728,USA_2019,MDCHun_NV,MDCHun_NV/110,E6
11729,USA_2019,MDCHun_NV,MDCHun_NV/110,E5
11730,USA_2019,MDCHun_NV,MDCHun_NV/110,D6
11731,USA_2019,MDCHun_NV,MDCHun_NV/110,D5
11732,USA_2019,MDCHun_NV,MDCHun_NV/110,C6
11733,USA_2019,MDCHun_NV,MDCHun_NV/110,C5
11734,USA_2019,MDCHun_NV,MDCHun_NV/110,B6
11735,USA_2019,MDCHun_NV,MDCHun_NV/110,B5
11736,USA_2019,MDCHun_NV,MDCHun_NV/Gs,D4
11737,USA_2019,MDCHun_NV,MDCHun_NV/Gs,D3
11738,USA_2019,MDCHun_NV,MDCHun_NV/Gs,D2
11739,USA_2019,MDCHun_NV,MDCHun_NV/Gs,C4
11740,USA_2019,MDCHun_NV,MDCHun_NV/Gs,C3
11741,USA_2019,MDCHun_NV,MDCHun_NV/Gs,C2
11742,USA_2019,MDCHun_NV,MDCHun_NV/Gs,B4
11743,USA_2019,MDCHun_NV,MDCHun_NV/Gs,B3
11744,USA_2019,MDCHun_NV,MDCHun_NV/Gs,B2
11745,USA_2019,MDCHun_NV,MDCHun_NV/Gs,B1
11746,USA_2019,MDCHun_NV,MDCHun_NV/Gs,A2
11747,USA_2019,MDCHun_NV,MDCHun_NV/Gs,A1
11748,Add_2021,MDCHun_NV,MDCHun_NV/Ro,A0
11749,Add_2021,MDCHun_NV,MDCHun_NV/Ro,B0
11750,AB_2018,MGPdm,MGPdm/00,E7
11751,AB_2018,MGPdm,MGPdm/00,E6
11752,AB_2018,MGPdm,MGPdm/00,E5
11753,AB_2018,MGPdm,MGPdm/00,E4
11754,AB_2018,MGPdm,MGPdm/00,E3
11755,AB_2018,MGPdm,MGPdm/00,E2
11756,AB_2018,MGPdm,MGPdm/00,E1
11757,AB_2018,MGPdm,MGPdm/00,E0
11758,AB_2018,MGPdm,MGPdm/00,D7
11759,AB_2018,MGPdm,MGPdm/00,D6
11760,AB_2018,MGPdm,MGPdm/00,D5
11761,AB_2018,MGPdm,MGPdm/00,D4
11762,AB_2018,MGPdm,MGPdm/00,D3
11763,AB_2018,MGPdm,MGPdm/00,D2
11764,AB_2018,MGPdm,MGPdm/00,D1
11765,AB_2018,MGPdm,MGPdm/00,D0
11766,AB_2018,MGPdm,MGPdm/00,C7
11767,AB_2018,MGPdm,MGPdm/00,C6
11768,AB_2018,MGPdm,MGPdm/00,C5
11769,AB_2018,MGPdm,MGPdm/00,C4
11770,AB_2018,MGPdm,MGPdm/00,C3
11771,AB_2018,MGPdm,MGPdm/00,C2
11772,AB_2018,MGPdm,MGPdm/00,C1
11773,AB_2018,MGPdm,MGPdm/00,C0
11774,AB_2018,MGPdm,MGPdm/00,B7
11775,AB_2018,MGPdm,MGPdm/00,B6
11776,AB_2018,MGPdm,MGPdm/00,B5
11777,AB_2018,MGPdm,MGPdm/00,B4
11778,AB_2018,MGPdm,MGPdm/00,B3
11779,AB_2018,MGPdm,MGPdm/00,B2
11780,AB_2018,MGPdm,MGPdm/00,B1
11781,AB_2018,MGPdm,MGPdm/00,B0
11782,AB_2018,MGPdm,MGPdm/00,A7
11783,AB_2018,MGPdm,MGPdm/00,A6
11784,AB_2018,MGPdm,MGPdm/00,A5
11785,AB_2018,MGPdm,MGPdm/00,A4
11786,AB_2018,MGPdm,MGPdm/00,A3
11787,AB_2018,MGPdm,MGPdm/00,A2
11788,AB_2018,MGPdm,MGPdm/00,A1
11789,AB_2018,MGPdm,MGPdm/00,A0
11790,AB_2018,MGPmg,MGPmg/00,E7
11791,AB_2018,MGPmg,MGPmg/00,E6
11792,AB_2018,MGPmg,MGPmg/00,E5
11793,AB_2018,MGPmg,MGPmg/00,E4
11794,AB_2018,MGPmg,MGPmg/00,E3
11795,AB_2018,MGPmg,MGPmg/00,E2
11796,AB_2018,MGPmg,MGPmg/00,E1
11797,AB_2018,MGPmg,MGPmg/00,E0
11798,AB_2018,MGPmg,MGPmg/00,D7
11799,AB_2018,MGPmg,MGPmg/00,D6
11800,AB_2018,MGPmg,MGPmg/00,D5
11801,AB_2018,MGPmg,MGPmg/00,D4
11802,AB_2018,MGPmg,MGPmg/00,D3
11803,AB_2018,MGPmg,MGPmg/00,D2
11804,AB_2018,MGPmg,MGPmg/00,D1
11805,AB_2018,MGPmg,MGPmg/00,D0
11806,AB_2018,MGPmg,MGPmg/00,C7
11807,AB_2018,MGPmg,MGPmg/00,C6
11808,AB_2018,MGPmg,MGPmg/00,C5
11809,AB_2018,MGPmg,MGPmg/00,C4
11810,AB_2018,MGPmg,MGPmg/00,C3
11811,AB_2018,MGPmg,MGPmg/00,C2
11812,AB_2018,MGPmg,MGPmg/00,C1
11813,AB_2018,MGPmg,MGPmg/00,C0
11814,AB_2018,MGPmg,MGPmg/00,B7
11815,AB_2018,MGPmg,MGPmg/00,B6
11816,AB_2018,MGPmg,MGPmg/00,B5
11817,AB_2018,MGPmg,MGPmg/00,B4
11818,AB_2018,MGPmg,MGPmg/00,B3
11819,AB_2018,MGPmg,MGPmg/00,B2
11820,AB_2018,MGPmg,MGPmg/00,B1
11821,AB_2018,MGPmg,MGPmg/00,B0
11822,AB_2018,MGPmg,MGPmg/00,A7
11823,AB_2018,MGPmg,MGPmg/00,A6
11824,AB_2018,MGPmg,MGPmg/00,A5
11825,AB_2018,MGPmg,MGPmg/00,A4
11826,AB_2018,MGPmg,MGPmg/00,A3
11827,AB_2018,MGPmg,MGPmg/00,A2
11828,AB_2018,MGPmg,MGPmg/00,A1
11829,AB_2018,MGPmg,MGPmg/00,A0
11830,USA_2019,MGPmw_MT,MGPmw_MT/110,E5
11831,USA_2019,MGPmw_MT,MGPmw_MT/110,D5
11832,USA_2019,MGPmw_MT,MGPmw_MT/110,C5
11833,USA_2019,MGPmw_MT,MGPmw_MT/110,B5
11834,USA_2019,MGPmw_MT,MGPmw_MT/111,E6
11835,USA_2019,MGPmw_MT,MGPmw_MT/111,D6
11836,USA_2019,MGPmw_MT,MGPmw_MT/111,C6
11837,USA_2019,MGPmw_MT,MGPmw_MT/111,B6
11838,USA_2019,MGPmw_MT,MGPmw_MT/Gg,D4
11839,USA_2019,MGPmw_MT,MGPmw_MT/Gg,D3
11840,USA_2019,MGPmw_MT,MGPmw_MT/Gg,D2
11841,USA_2019,MGPmw_MT,MGPmw_MT/Gg,D1
11842,USA_2019,MGPmw_MT,MGPmw_MT/Gg,C4
11843,USA_2019,MGPmw_MT,MGPmw_MT/Gg,C3
11844,USA_2019,MGPmw_MT,MGPmw_MT/Gg,C2
11845,USA_2019,MGPmw_MT,MGPmw_MT/Gg,C1
11846,USA_2019,MGPmw_MT,MGPmw_MT/Gg,B4
11847,USA_2019,MGPmw_MT,MGPmw_MT/Gg,B3
11848,USA_2019,MGPmw_MT,MGPmw_MT/Gg,B2
11849,USA_2019,MGPmw_MT,MGPmw_MT/Gg,B1
11850,USA_2019,MGPmw_MT,MGPmw_MT/Gg,A2
11851,USA_2019,MGPmw_MT,MGPmw_MT/Gg,A1
11852,Add_2021,MGPmw_MT,MGPmw_MT/Ro,A0
11853,Add_2021,MGPmw_MT,MGPmw_MT/Ro,B0
11854,USA_2019,MHdm_OR,MHdm_OR/101,D4
11855,USA_2019,MHdm_OR,MHdm_OR/101,D3
11856,USA_2019,MHdm_OR,MHdm_OR/101,C4
11857,USA_2019,MHdm_OR,MHdm_OR/101,C3
11858,USA_2019,MHdm_OR,MHdm_OR/101,B4
11859,USA_2019,MHdm_OR,MHdm_OR/101,B3
11860,USA_2019,MHdm_OR,MHdm_OR/102,D1
11861,USA_2019,MHdm_OR,MHdm_OR/102,C1
11862,USA_2019,MHdm_OR,MHdm_OR/102,B1
11863,USA_2019,MHdm_OR,MHdm_OR/102,A1
11864,USA_2019,MHdm_OR,MHdm_OR/103,D2
11865,USA_2019,MHdm_OR,MHdm_OR/103,C2
11866,USA_2019,MHdm_OR,MHdm_OR/103,B2
11867,USA_2019,MHdm_OR,MHdm_OR/103,A2
11868,USA_2019,MHdm_OR,MHdm_OR/110,C5
11869,USA_2019,MHdm_OR,MHdm_OR/110,B5
11870,USA_2019,MHdm_OR,MHdm_OR/111,C6
11871,USA_2019,MHdm_OR,MHdm_OR/111,B6
11872,USA_2019,MHdm_OR,MHdm_OR/112,E5
11873,USA_2019,MHdm_OR,MHdm_OR/112,D5
11874,USA_2019,MHdm_OR,MHdm_OR/113,E6
11875,USA_2019,MHdm_OR,MHdm_OR/113,D6
11876,Add_2021,MHdm_OR,MHdm_OR/Ro,A0
11877,Add_2021,MHdm_OR,MHdm_OR/Ro,B0
11878,USA_2020,MHdmp_OR,MHdmp_OR/00,E7
11879,USA_2020,MHdmp_OR,MHdmp_OR/00,E6
11880,USA_2020,MHdmp_OR,MHdmp_OR/00,E5
11881,USA_2020,MHdmp_OR,MHdmp_OR/00,E4
11882,USA_2020,MHdmp_OR,MHdmp_OR/00,E3
11883,USA_2020,MHdmp_OR,MHdmp_OR/00,E2
11884,USA_2020,MHdmp_OR,MHdmp_OR/00,E1
11885,USA_2020,MHdmp_OR,MHdmp_OR/00,E0
11886,USA_2020,MHdmp_OR,MHdmp_OR/00,D7
11887,USA_2020,MHdmp_OR,MHdmp_OR/00,D6
11888,USA_2020,MHdmp_OR,MHdmp_OR/00,D5
11889,USA_2020,MHdmp_OR,MHdmp_OR/00,D4
11890,USA_2020,MHdmp_OR,MHdmp_OR/00,D3
11891,USA_2020,MHdmp_OR,MHdmp_OR/00,D2
11892,USA_2020,MHdmp_OR,MHdmp_OR/00,D1
11893,USA_2020,MHdmp_OR,MHdmp_OR/00,D0
11894,USA_2020,MHdmp_OR,MHdmp_OR/00,C7
11895,USA_2020,MHdmp_OR,MHdmp_OR/00,C6
11896,USA_2020,MHdmp_OR,MHdmp_OR/00,C5
11897,USA_2020,MHdmp_OR,MHdmp_OR/00,C4
11898,USA_2020,MHdmp_OR,MHdmp_OR/00,C3
11899,USA_2020,MHdmp_OR,MHdmp_OR/00,C2
11900,USA_2020,MHdmp_OR,MHdmp_OR/00,C1
11901,USA_2020,MHdmp_OR,MHdmp_OR/00,C0
11902,USA_2020,MHdmp_OR,MHdmp_OR/00,B7
11903,USA_2020,MHdmp_OR,MHdmp_OR/00,B6
11904,USA_2020,MHdmp_OR,MHdmp_OR/00,B5
11905,USA_2020,MHdmp_OR,MHdmp_OR/00,B4
11906,USA_2020,MHdmp_OR,MHdmp_OR/00,B3
11907,USA_2020,MHdmp_OR,MHdmp_OR/00,B2
11908,USA_2020,MHdmp_OR,MHdmp_OR/00,B1
11909,USA_2020,MHdmp_OR,MHdmp_OR/00,B0
11910,USA_2020,MHdmp_OR,MHdmp_OR/00,A7
11911,USA_2020,MHdmp_OR,MHdmp_OR/00,A6
11912,USA_2020,MHdmp_OR,MHdmp_OR/00,A5
11913,USA_2020,MHdmp_OR,MHdmp_OR/00,A4
11914,USA_2020,MHdmp_OR,MHdmp_OR/00,A3
11915,USA_2020,MHdmp_OR,MHdmp_OR/00,A2
11916,USA_2020,MHdmp_OR,MHdmp_OR/00,A1
11917,USA_2020,MHdmp_OR,MHdmp_OR/00,A0
11918,USA_2019,MHds_OR,MHds_OR/101,D4
11919,USA_2019,MHds_OR,MHds_OR/101,D3
11920,USA_2019,MHds_OR,MHds_OR/101,C4
11921,USA_2019,MHds_OR,MHds_OR/101,C3
11922,USA_2019,MHds_OR,MHds_OR/101,B4
11923,USA_2019,MHds_OR,MHds_OR/101,B3
11924,USA_2019,MHds_OR,MHds_OR/102,D1
11925,USA_2019,MHds_OR,MHds_OR/102,C1
11926,USA_2019,MHds_OR,MHds_OR/102,B1
11927,USA_2019,MHds_OR,MHds_OR/102,A1
11928,USA_2019,MHds_OR,MHds_OR/103,D2
11929,USA_2019,MHds_OR,MHds_OR/103,C2
11930,USA_2019,MHds_OR,MHds_OR/103,B2
11931,USA_2019,MHds_OR,MHds_OR/103,A2
11932,USA_2019,MHds_OR,MHds_OR/110,C5
11933,USA_2019,MHds_OR,MHds_OR/110,B5
11934,USA_2019,MHds_OR,MHds_OR/111,C6
11935,USA_2019,MHds_OR,MHds_OR/111,B6
11936,USA_2019,MHds_OR,MHds_OR/112,E5
11937,USA_2019,MHds_OR,MHds_OR/112,D5
11938,USA_2019,MHds_OR,MHds_OR/113,E6
11939,USA_2019,MHds_OR,MHds_OR/113,D6
11940,Add_2021,MHds_OR,MHds_OR/Ro,A0
11941,Add_2021,MHds_OR,MHds_OR/Ro,B0
11942,USA_2020,MHds_WA,MHds_WA/101,D4
11943,USA_2020,MHds_WA,MHds_WA/101,D3
11944,USA_2020,MHds_WA,MHds_WA/101,C4
11945,USA_2020,MHds_WA,MHds_WA/101,C3
11946,USA_2020,MHds_WA,MHds_WA/101,B4
11947,USA_2020,MHds_WA,MHds_WA/101,B3
11948,USA_2020,MHds_WA,MHds_WA/102,D1
11949,USA_2020,MHds_WA,MHds_WA/102,C1
11950,USA_2020,MHds_WA,MHds_WA/102,B1
11951,USA_2020,MHds_WA,MHds_WA/102,A1
11952,USA_2020,MHds_WA,MHds_WA/103,D2
11953,USA_2020,MHds_WA,MHds_WA/103,C2
11954,USA_2020,MHds_WA,MHds_WA/103,B2
11955,USA_2020,MHds_WA,MHds_WA/103,A2
11956,USA_2020,MHds_WA,MHds_WA/110,C5
11957,USA_2020,MHds_WA,MHds_WA/110,B5
11958,USA_2020,MHds_WA,MHds_WA/111,C6
11959,USA_2020,MHds_WA,MHds_WA/111,B6
11960,USA_2020,MHds_WA,MHds_WA/112,E5
11961,USA_2020,MHds_WA,MHds_WA/112,D5
11962,USA_2020,MHds_WA,MHds_WA/113,E6
11963,USA_2020,MHds_WA,MHds_WA/113,D6
11964,Add_2021,MHds_WA,MHds_WA/Ro,A0
11965,Add_2021,MHds_WA,MHds_WA/Ro,B0
11966,USA_2019,MHmm_WA,MHmm_WA/101,D4
11967,USA_2019,MHmm_WA,MHmm_WA/101,D3
11968,USA_2019,MHmm_WA,MHmm_WA/101,C4
11969,USA_2019,MHmm_WA,MHmm_WA/101,C3
11970,USA_2019,MHmm_WA,MHmm_WA/101,B4
11971,USA_2019,MHmm_WA,MHmm_WA/101,B3
11972,USA_2019,MHmm_WA,MHmm_WA/102,D2
11973,USA_2019,MHmm_WA,MHmm_WA/102,D1
11974,USA_2019,MHmm_WA,MHmm_WA/102,C2
11975,USA_2019,MHmm_WA,MHmm_WA/102,C1
11976,USA_2019,MHmm_WA,MHmm_WA/102,B2
11977,USA_2019,MHmm_WA,MHmm_WA/102,B1
11978,USA_2019,MHmm_WA,MHmm_WA/102,A2
11979,USA_2019,MHmm_WA,MHmm_WA/102,A1
11980,USA_2019,MHmm_WA,MHmm_WA/110,C5
11981,USA_2019,MHmm_WA,MHmm_WA/110,B5
11982,USA_2019,MHmm_WA,MHmm_WA/111,C6
11983,USA_2019,MHmm_WA,MHmm_WA/111,B6
11984,USA_2019,MHmm_WA,MHmm_WA/112,E5
11985,USA_2019,MHmm_WA,MHmm_WA/112,D5
11986,USA_2019,MHmm_WA,MHmm_WA/113,E6
11987,USA_2019,MHmm_WA,MHmm_WA/113,D6
11988,Add_2021,MHmm_WA,MHmm_WA/Ro,A0
11989,Add_2021,MHmm_WA,MHmm_WA/Ro,B0
11990,BECv13,MHmm1,MHmm1/101,A2
11991,BECv13,MHmm1,MHmm1/101,B2
11992,BECv13,MHmm1,MHmm1/101,C2
11993,BECv13,MHmm1,MHmm1/101,C3
11994,BECv13,MHmm1,MHmm1/101,B3
11995,BECv13,MHmm1,MHmm1/101,A3
11996,BECv13,MHmm1,MHmm1/101,A4
11997,BECv13,MHmm1,MHmm1/101,B4
11998,BECv13,MHmm1,MHmm1/101,C4
11999,BECv13,MHmm1,MHmm1/101a,A3
12000,BECv13,MHmm1,MHmm1/101a,A4
12001,BECv13,MHmm1,MHmm1/101a,B4
12002,BECv13,MHmm1,MHmm1/101a,C4
12003,BECv13,MHmm1,MHmm1/101a,C3
12004,BECv13,MHmm1,MHmm1/101a,B3
12005,BECv13,MHmm1,MHmm1/101b,A2
12006,BECv13,MHmm1,MHmm1/101b,C2
12007,BECv13,MHmm1,MHmm1/102,A0
12008,BECv13,MHmm1,MHmm1/102,A1
12009,BECv13,MHmm1,MHmm1/102,B1
12010,BECv13,MHmm1,MHmm1/102,B0
12011,BECv13,MHmm1,MHmm1/102,C0
12012,BECv13,MHmm1,MHmm1/102,C1
12013,BECv13,MHmm1,MHmm1/103,A2
12014,BECv13,MHmm1,MHmm1/103,A3
12015,BECv13,MHmm1,MHmm1/103,A4
12016,BECv13,MHmm1,MHmm1/103,B4
12017,BECv13,MHmm1,MHmm1/103,C4
12018,BECv13,MHmm1,MHmm1/103,C3
12019,BECv13,MHmm1,MHmm1/103,C2
12020,BECv13,MHmm1,MHmm1/103,B2
12021,BECv13,MHmm1,MHmm1/103,B3
12022,BECv13,MHmm1,MHmm1/104,A2
12023,BECv13,MHmm1,MHmm1/104,A3
12024,BECv13,MHmm1,MHmm1/104,A4
12025,BECv13,MHmm1,MHmm1/104,B4
12026,BECv13,MHmm1,MHmm1/104,C4
12027,BECv13,MHmm1,MHmm1/104,C3
12028,BECv13,MHmm1,MHmm1/104,C2
12029,BECv13,MHmm1,MHmm1/104,B2
12030,BECv13,MHmm1,MHmm1/104,B3
12031,BECv13,MHmm1,MHmm1/110,D3
12032,BECv13,MHmm1,MHmm1/110,E3
12033,BECv13,MHmm1,MHmm1/110,E4
12034,BECv13,MHmm1,MHmm1/110,D4
12035,BECv13,MHmm1,MHmm1/111,A5
12036,BECv13,MHmm1,MHmm1/111,A6
12037,BECv13,MHmm1,MHmm1/111,B6
12038,BECv13,MHmm1,MHmm1/111,B5
12039,BECv13,MHmm1,MHmm1/111,C5
12040,BECv13,MHmm1,MHmm1/111,C6
12041,BECv13,MHmm1,MHmm1/112,D5
12042,BECv13,MHmm1,MHmm1/112,E5
12043,BECv13,MHmm1,MHmm1/112,E6
12044,BECv13,MHmm1,MHmm1/112,D6
12045,BECv13,MHmm1,MHmm1/Wb5X,A7
12046,BECv13,MHmm1,MHmm1/Wb5X,B7
12047,BECv13,MHmm1,MHmm1/Ws55.1,C7
12048,BECv13,MHmm1,MHmm1/Ws55.1,D7
12049,BECv13,MHmm1,MHmm1/Ws55.1,E7
12050,BECv13,MHmm2,MHmm2/101,A2
12051,BECv13,MHmm2,MHmm2/101,A3
12052,BECv13,MHmm2,MHmm2/101,A4
12053,BECv13,MHmm2,MHmm2/101,B4
12054,BECv13,MHmm2,MHmm2/101,B3
12055,BECv13,MHmm2,MHmm2/101,B2
12056,BECv13,MHmm2,MHmm2/101,C2
12057,BECv13,MHmm2,MHmm2/101,C3
12058,BECv13,MHmm2,MHmm2/101,C4
12059,BECv13,MHmm2,MHmm2/101a,A3
12060,BECv13,MHmm2,MHmm2/101a,A4
12061,BECv13,MHmm2,MHmm2/101a,B4
12062,BECv13,MHmm2,MHmm2/101a,C4
12063,BECv13,MHmm2,MHmm2/101a,C3
12064,BECv13,MHmm2,MHmm2/101a,B3
12065,BECv13,MHmm2,MHmm2/101b,A2
12066,BECv13,MHmm2,MHmm2/101b,B2
12067,BECv13,MHmm2,MHmm2/101b,C2
12068,BECv13,MHmm2,MHmm2/102,A0
12069,BECv13,MHmm2,MHmm2/102,A1
12070,BECv13,MHmm2,MHmm2/102,B1
12071,BECv13,MHmm2,MHmm2/102,C1
12072,BECv13,MHmm2,MHmm2/102,C0
12073,BECv13,MHmm2,MHmm2/102,B0
12074,BECv13,MHmm2,MHmm2/103,A2
12075,BECv13,MHmm2,MHmm2/103,B2
12076,BECv13,MHmm2,MHmm2/103,C2
12077,BECv13,MHmm2,MHmm2/103,C3
12078,BECv13,MHmm2,MHmm2/103,C4
12079,BECv13,MHmm2,MHmm2/103,B4
12080,BECv13,MHmm2,MHmm2/103,A4
12081,BECv13,MHmm2,MHmm2/103,A3
12082,BECv13,MHmm2,MHmm2/103,B3
12083,BECv13,MHmm2,MHmm2/110,D3
12084,BECv13,MHmm2,MHmm2/110,D4
12085,BECv13,MHmm2,MHmm2/110,E4
12086,BECv13,MHmm2,MHmm2/110,E3
12087,BECv13,MHmm2,MHmm2/111,A5
12088,BECv13,MHmm2,MHmm2/111,A6
12089,BECv13,MHmm2,MHmm2/111,B6
12090,BECv13,MHmm2,MHmm2/111,C6
12091,BECv13,MHmm2,MHmm2/111,C5
12092,BECv13,MHmm2,MHmm2/111,B5
12093,BECv13,MHmm2,MHmm2/112,D5
12094,BECv13,MHmm2,MHmm2/112,E5
12095,BECv13,MHmm2,MHmm2/113,D6
12096,BECv13,MHmm2,MHmm2/113,E6
12097,BECv13,MHmm2,MHmm2/Wb5X,A7
12098,BECv13,MHmm2,MHmm2/Wb5X,B7
12099,BECv13,MHmm2,MHmm2/Ws55.1,C7
12100,BECv13,MHmm2,MHmm2/Ws55.1,D7
12101,BECv13,MHmm2,MHmm2/Ws55.1,E7
12102,BECv10,MHmmp,MHmmp/h,E7
12103,BECv10,MHmmp,MHmmp/h,E6
12104,BECv10,MHmmp,MHmmp/h,E5
12105,BECv10,MHmmp,MHmmp/h,D7
12106,BECv10,MHmmp,MHmmp/h,D6
12107,BECv10,MHmmp,MHmmp/h,D5
12108,BECv10,MHmmp,MHmmp/h,C7
12109,BECv10,MHmmp,MHmmp/h,C6
12110,BECv10,MHmmp,MHmmp/h,C5
12111,BECv10,MHmmp,MHmmp/h,B7
12112,BECv10,MHmmp,MHmmp/h,B6
12113,BECv10,MHmmp,MHmmp/h,B5
12114,BECv10,MHmmp,MHmmp/h,A7
12115,BECv10,MHmmp,MHmmp/h,A6
12116,BECv10,MHmmp,MHmmp/h,A5
12117,BECv10,MHmmp,MHmmp/m,E4
12118,BECv10,MHmmp,MHmmp/m,E3
12119,BECv10,MHmmp,MHmmp/m,D4
12120,BECv10,MHmmp,MHmmp/m,D3
12121,BECv10,MHmmp,MHmmp/m,C4
12122,BECv10,MHmmp,MHmmp/m,C3
12123,BECv10,MHmmp,MHmmp/m,B4
12124,BECv10,MHmmp,MHmmp/m,B3
12125,BECv10,MHmmp,MHmmp/m,A4
12126,BECv10,MHmmp,MHmmp/m,A3
12127,BECv10,MHmmp,MHmmp/x,E2
12128,BECv10,MHmmp,MHmmp/x,E1
12129,BECv10,MHmmp,MHmmp/x,E0
12130,BECv10,MHmmp,MHmmp/x,D2
12131,BECv10,MHmmp,MHmmp/x,D1
12132,BECv10,MHmmp,MHmmp/x,D0
12133,BECv10,MHmmp,MHmmp/x,C2
12134,BECv10,MHmmp,MHmmp/x,C1
12135,BECv10,MHmmp,MHmmp/x,C0
12136,BECv10,MHmmp,MHmmp/x,B2
12137,BECv10,MHmmp,MHmmp/x,B1
12138,BECv10,MHmmp,MHmmp/x,B0
12139,BECv10,MHmmp,MHmmp/x,A2
12140,BECv10,MHmmp,MHmmp/x,A1
12141,BECv10,MHmmp,MHmmp/x,A0
12142,USA_2019,MHmmp_WA,MHmmp_WA/00,E7
12143,USA_2019,MHmmp_WA,MHmmp_WA/00,E6
12144,USA_2019,MHmmp_WA,MHmmp_WA/00,E5
12145,USA_2019,MHmmp_WA,MHmmp_WA/00,E4
12146,USA_2019,MHmmp_WA,MHmmp_WA/00,E3
12147,USA_2019,MHmmp_WA,MHmmp_WA/00,E2
12148,USA_2019,MHmmp_WA,MHmmp_WA/00,E1
12149,USA_2019,MHmmp_WA,MHmmp_WA/00,E0
12150,USA_2019,MHmmp_WA,MHmmp_WA/00,D7
12151,USA_2019,MHmmp_WA,MHmmp_WA/00,D6
12152,USA_2019,MHmmp_WA,MHmmp_WA/00,D5
12153,USA_2019,MHmmp_WA,MHmmp_WA/00,D4
12154,USA_2019,MHmmp_WA,MHmmp_WA/00,D3
12155,USA_2019,MHmmp_WA,MHmmp_WA/00,D2
12156,USA_2019,MHmmp_WA,MHmmp_WA/00,D1
12157,USA_2019,MHmmp_WA,MHmmp_WA/00,D0
12158,USA_2019,MHmmp_WA,MHmmp_WA/00,C7
12159,USA_2019,MHmmp_WA,MHmmp_WA/00,C6
12160,USA_2019,MHmmp_WA,MHmmp_WA/00,C5
12161,USA_2019,MHmmp_WA,MHmmp_WA/00,C4
12162,USA_2019,MHmmp_WA,MHmmp_WA/00,C3
12163,USA_2019,MHmmp_WA,MHmmp_WA/00,C2
12164,USA_2019,MHmmp_WA,MHmmp_WA/00,C1
12165,USA_2019,MHmmp_WA,MHmmp_WA/00,C0
12166,USA_2019,MHmmp_WA,MHmmp_WA/00,B7
12167,USA_2019,MHmmp_WA,MHmmp_WA/00,B6
12168,USA_2019,MHmmp_WA,MHmmp_WA/00,B5
12169,USA_2019,MHmmp_WA,MHmmp_WA/00,B4
12170,USA_2019,MHmmp_WA,MHmmp_WA/00,B3
12171,USA_2019,MHmmp_WA,MHmmp_WA/00,B2
12172,USA_2019,MHmmp_WA,MHmmp_WA/00,B1
12173,USA_2019,MHmmp_WA,MHmmp_WA/00,B0
12174,USA_2019,MHmmp_WA,MHmmp_WA/00,A7
12175,USA_2019,MHmmp_WA,MHmmp_WA/00,A6
12176,USA_2019,MHmmp_WA,MHmmp_WA/00,A5
12177,USA_2019,MHmmp_WA,MHmmp_WA/00,A4
12178,USA_2019,MHmmp_WA,MHmmp_WA/00,A3
12179,USA_2019,MHmmp_WA,MHmmp_WA/00,A2
12180,USA_2019,MHmmp_WA,MHmmp_WA/00,A1
12181,USA_2019,MHmmp_WA,MHmmp_WA/00,A0
12182,BECv13,MHms,MHms/101,A3
12183,BECv13,MHms,MHms/101,A4
12184,BECv13,MHms,MHms/101,B3
12185,BECv13,MHms,MHms/101,B4
12186,BECv13,MHms,MHms/101,C4
12187,BECv13,MHms,MHms/101,C3
12188,BECv13,MHms,MHms/102,A0
12189,BECv13,MHms,MHms/102,A1
12190,BECv13,MHms,MHms/102,B1
12191,BECv13,MHms,MHms/102,B0
12192,BECv13,MHms,MHms/102,C0
12193,BECv13,MHms,MHms/102,C1
12194,BECv13,MHms,MHms/103,A3
12195,BECv13,MHms,MHms/103,A2
12196,BECv13,MHms,MHms/103,B2
12197,BECv13,MHms,MHms/103,C2
12198,BECv13,MHms,MHms/103,C3
12199,BECv13,MHms,MHms/103,B3
12200,BECv13,MHms,MHms/104,A2
12201,BECv13,MHms,MHms/104,B2
12202,BECv13,MHms,MHms/104,C2
12203,BECv13,MHms,MHms/104,A4
12204,BECv13,MHms,MHms/104,A3
12205,BECv13,MHms,MHms/104,B3
12206,BECv13,MHms,MHms/104,B4
12207,BECv13,MHms,MHms/104,C4
12208,BECv13,MHms,MHms/104,C3
12209,BECv13,MHms,MHms/110,D4
12210,BECv13,MHms,MHms/110,E4
12211,BECv13,MHms,MHms/110,D5
12212,BECv13,MHms,MHms/110,E5
12213,BECv13,MHms,MHms/111,D6
12214,BECv13,MHms,MHms/111,E6
12215,BECv13,MHms,MHms/112,C6
12216,BECv13,MHms,MHms/112,C7
12217,BECv13,MHms,MHms/112,D7
12218,BECv13,MHms,MHms/112,E7
12219,USA_2019,MHms_WA,MHms_WA/101,D4
12220,USA_2019,MHms_WA,MHms_WA/101,D3
12221,USA_2019,MHms_WA,MHms_WA/101,C4
12222,USA_2019,MHms_WA,MHms_WA/101,C3
12223,USA_2019,MHms_WA,MHms_WA/101,B4
12224,USA_2019,MHms_WA,MHms_WA/101,B3
12225,USA_2019,MHms_WA,MHms_WA/102,D1
12226,USA_2019,MHms_WA,MHms_WA/102,C1
12227,USA_2019,MHms_WA,MHms_WA/102,B1
12228,USA_2019,MHms_WA,MHms_WA/102,A1
12229,USA_2019,MHms_WA,MHms_WA/103,D2
12230,USA_2019,MHms_WA,MHms_WA/103,C2
12231,USA_2019,MHms_WA,MHms_WA/103,B2
12232,USA_2019,MHms_WA,MHms_WA/103,A2
12233,USA_2019,MHms_WA,MHms_WA/110,C5
12234,USA_2019,MHms_WA,MHms_WA/110,B5
12235,USA_2019,MHms_WA,MHms_WA/111,C6
12236,USA_2019,MHms_WA,MHms_WA/111,B6
12237,USA_2019,MHms_WA,MHms_WA/112,E5
12238,USA_2019,MHms_WA,MHms_WA/112,D5
12239,USA_2019,MHms_WA,MHms_WA/113,E6
12240,USA_2019,MHms_WA,MHms_WA/113,D6
12241,Add_2021,MHms_WA,MHms_WA/Ro,A0
12242,Add_2021,MHms_WA,MHms_WA/Ro,B0
12243,BECv13,MHmsp,MHmsp/h,E7
12244,BECv13,MHmsp,MHmsp/h,E6
12245,BECv13,MHmsp,MHmsp/h,E5
12246,BECv13,MHmsp,MHmsp/h,D7
12247,BECv13,MHmsp,MHmsp/h,D6
12248,BECv13,MHmsp,MHmsp/h,D5
12249,BECv13,MHmsp,MHmsp/h,C7
12250,BECv13,MHmsp,MHmsp/h,C6
12251,BECv13,MHmsp,MHmsp/h,C5
12252,BECv13,MHmsp,MHmsp/h,B7
12253,BECv13,MHmsp,MHmsp/h,B6
12254,BECv13,MHmsp,MHmsp/h,B5
12255,BECv13,MHmsp,MHmsp/h,A7
12256,BECv13,MHmsp,MHmsp/h,A6
12257,BECv13,MHmsp,MHmsp/h,A5
12258,BECv13,MHmsp,MHmsp/m,E4
12259,BECv13,MHmsp,MHmsp/m,E3
12260,BECv13,MHmsp,MHmsp/m,D4
12261,BECv13,MHmsp,MHmsp/m,D3
12262,BECv13,MHmsp,MHmsp/m,C4
12263,BECv13,MHmsp,MHmsp/m,C3
12264,BECv13,MHmsp,MHmsp/m,B4
12265,BECv13,MHmsp,MHmsp/m,B3
12266,BECv13,MHmsp,MHmsp/m,A4
12267,BECv13,MHmsp,MHmsp/m,A3
12268,BECv13,MHmsp,MHmsp/x,E2
12269,BECv13,MHmsp,MHmsp/x,E1
12270,BECv13,MHmsp,MHmsp/x,E0
12271,BECv13,MHmsp,MHmsp/x,D2
12272,BECv13,MHmsp,MHmsp/x,D1
12273,BECv13,MHmsp,MHmsp/x,D0
12274,BECv13,MHmsp,MHmsp/x,C2
12275,BECv13,MHmsp,MHmsp/x,C1
12276,BECv13,MHmsp,MHmsp/x,C0
12277,BECv13,MHmsp,MHmsp/x,B2
12278,BECv13,MHmsp,MHmsp/x,B1
12279,BECv13,MHmsp,MHmsp/x,B0
12280,BECv13,MHmsp,MHmsp/x,A2
12281,BECv13,MHmsp,MHmsp/x,A1
12282,BECv13,MHmsp,MHmsp/x,A0
12283,USA_2019,MHmsp_WA,MHmsp_WA/00,E7
12284,USA_2019,MHmsp_WA,MHmsp_WA/00,E6
12285,USA_2019,MHmsp_WA,MHmsp_WA/00,E5
12286,USA_2019,MHmsp_WA,MHmsp_WA/00,E4
12287,USA_2019,MHmsp_WA,MHmsp_WA/00,E3
12288,USA_2019,MHmsp_WA,MHmsp_WA/00,E2
12289,USA_2019,MHmsp_WA,MHmsp_WA/00,E1
12290,USA_2019,MHmsp_WA,MHmsp_WA/00,E0
12291,USA_2019,MHmsp_WA,MHmsp_WA/00,D7
12292,USA_2019,MHmsp_WA,MHmsp_WA/00,D6
12293,USA_2019,MHmsp_WA,MHmsp_WA/00,D5
12294,USA_2019,MHmsp_WA,MHmsp_WA/00,D4
12295,USA_2019,MHmsp_WA,MHmsp_WA/00,D3
12296,USA_2019,MHmsp_WA,MHmsp_WA/00,D2
12297,USA_2019,MHmsp_WA,MHmsp_WA/00,D1
12298,USA_2019,MHmsp_WA,MHmsp_WA/00,D0
12299,USA_2019,MHmsp_WA,MHmsp_WA/00,C7
12300,USA_2019,MHmsp_WA,MHmsp_WA/00,C6
12301,USA_2019,MHmsp_WA,MHmsp_WA/00,C5
12302,USA_2019,MHmsp_WA,MHmsp_WA/00,C4
12303,USA_2019,MHmsp_WA,MHmsp_WA/00,C3
12304,USA_2019,MHmsp_WA,MHmsp_WA/00,C2
12305,USA_2019,MHmsp_WA,MHmsp_WA/00,C1
12306,USA_2019,MHmsp_WA,MHmsp_WA/00,C0
12307,USA_2019,MHmsp_WA,MHmsp_WA/00,B7
12308,USA_2019,MHmsp_WA,MHmsp_WA/00,B6
12309,USA_2019,MHmsp_WA,MHmsp_WA/00,B5
12310,USA_2019,MHmsp_WA,MHmsp_WA/00,B4
12311,USA_2019,MHmsp_WA,MHmsp_WA/00,B3
12312,USA_2019,MHmsp_WA,MHmsp_WA/00,B2
12313,USA_2019,MHmsp_WA,MHmsp_WA/00,B1
12314,USA_2019,MHmsp_WA,MHmsp_WA/00,B0
12315,USA_2019,MHmsp_WA,MHmsp_WA/00,A7
12316,USA_2019,MHmsp_WA,MHmsp_WA/00,A6
12317,USA_2019,MHmsp_WA,MHmsp_WA/00,A5
12318,USA_2019,MHmsp_WA,MHmsp_WA/00,A4
12319,USA_2019,MHmsp_WA,MHmsp_WA/00,A3
12320,USA_2019,MHmsp_WA,MHmsp_WA/00,A2
12321,USA_2019,MHmsp_WA,MHmsp_WA/00,A1
12322,USA_2019,MHmsp_WA,MHmsp_WA/00,A0
12323,USA_2019,MHRFdm_OR,MHRFdm_OR/101,D4
12324,USA_2019,MHRFdm_OR,MHRFdm_OR/101,D3
12325,USA_2019,MHRFdm_OR,MHRFdm_OR/101,C4
12326,USA_2019,MHRFdm_OR,MHRFdm_OR/101,C3
12327,USA_2019,MHRFdm_OR,MHRFdm_OR/101,B4
12328,USA_2019,MHRFdm_OR,MHRFdm_OR/101,B3
12329,USA_2019,MHRFdm_OR,MHRFdm_OR/102,D2
12330,USA_2019,MHRFdm_OR,MHRFdm_OR/102,D1
12331,USA_2019,MHRFdm_OR,MHRFdm_OR/102,C2
12332,USA_2019,MHRFdm_OR,MHRFdm_OR/102,C1
12333,USA_2019,MHRFdm_OR,MHRFdm_OR/102,B2
12334,USA_2019,MHRFdm_OR,MHRFdm_OR/102,B1
12335,USA_2019,MHRFdm_OR,MHRFdm_OR/102,A2
12336,USA_2019,MHRFdm_OR,MHRFdm_OR/102,A1
12337,USA_2019,MHRFdm_OR,MHRFdm_OR/110,E6
12338,USA_2019,MHRFdm_OR,MHRFdm_OR/110,E5
12339,USA_2019,MHRFdm_OR,MHRFdm_OR/110,D6
12340,USA_2019,MHRFdm_OR,MHRFdm_OR/110,D5
12341,USA_2019,MHRFdm_OR,MHRFdm_OR/110,C6
12342,USA_2019,MHRFdm_OR,MHRFdm_OR/110,C5
12343,USA_2019,MHRFdm_OR,MHRFdm_OR/110,B6
12344,USA_2019,MHRFdm_OR,MHRFdm_OR/110,B5
12345,Add_2021,MHRFdm_OR,MHRFdm_OR/Ro,A0
12346,Add_2021,MHRFdm_OR,MHRFdm_OR/Ro,B0
12347,USA_2019,MHRFdmp_OR,MHRFdmp_OR/00,E6
12348,USA_2019,MHRFdmp_OR,MHRFdmp_OR/00,E5
12349,USA_2019,MHRFdmp_OR,MHRFdmp_OR/00,D6
12350,USA_2019,MHRFdmp_OR,MHRFdmp_OR/00,D5
12351,USA_2019,MHRFdmp_OR,MHRFdmp_OR/00,D4
12352,USA_2019,MHRFdmp_OR,MHRFdmp_OR/00,D3
12353,USA_2019,MHRFdmp_OR,MHRFdmp_OR/00,D2
12354,USA_2019,MHRFdmp_OR,MHRFdmp_OR/00,D1
12355,USA_2019,MHRFdmp_OR,MHRFdmp_OR/00,C6
12356,USA_2019,MHRFdmp_OR,MHRFdmp_OR/00,C5
12357,USA_2019,MHRFdmp_OR,MHRFdmp_OR/00,C4
12358,USA_2019,MHRFdmp_OR,MHRFdmp_OR/00,C3
12359,USA_2019,MHRFdmp_OR,MHRFdmp_OR/00,C2
12360,USA_2019,MHRFdmp_OR,MHRFdmp_OR/00,C1
12361,USA_2019,MHRFdmp_OR,MHRFdmp_OR/00,B6
12362,USA_2019,MHRFdmp_OR,MHRFdmp_OR/00,B5
12363,USA_2019,MHRFdmp_OR,MHRFdmp_OR/00,B4
12364,USA_2019,MHRFdmp_OR,MHRFdmp_OR/00,B3
12365,USA_2019,MHRFdmp_OR,MHRFdmp_OR/00,B2
12366,USA_2019,MHRFdmp_OR,MHRFdmp_OR/00,B1
12367,USA_2019,MHRFdmp_OR,MHRFdmp_OR/00,A2
12368,USA_2019,MHRFdmp_OR,MHRFdmp_OR/00,A1
12369,Add_2021,MHRFdmp_OR,MHRFdmp_OR/Ro,A0
12370,Add_2021,MHRFdmp_OR,MHRFdmp_OR/Ro,B0
12371,USA_2019,MHRFds_CA,MHRFds_CA/101,D4
12372,USA_2019,MHRFds_CA,MHRFds_CA/101,D3
12373,USA_2019,MHRFds_CA,MHRFds_CA/101,C4
12374,USA_2019,MHRFds_CA,MHRFds_CA/101,C3
12375,USA_2019,MHRFds_CA,MHRFds_CA/101,B4
12376,USA_2019,MHRFds_CA,MHRFds_CA/101,B3
12377,USA_2019,MHRFds_CA,MHRFds_CA/102,D2
12378,USA_2019,MHRFds_CA,MHRFds_CA/102,D1
12379,USA_2019,MHRFds_CA,MHRFds_CA/102,C2
12380,USA_2019,MHRFds_CA,MHRFds_CA/102,C1
12381,USA_2019,MHRFds_CA,MHRFds_CA/102,B2
12382,USA_2019,MHRFds_CA,MHRFds_CA/102,B1
12383,USA_2019,MHRFds_CA,MHRFds_CA/102,A2
12384,USA_2019,MHRFds_CA,MHRFds_CA/102,A1
12385,USA_2019,MHRFds_CA,MHRFds_CA/110,E6
12386,USA_2019,MHRFds_CA,MHRFds_CA/110,E5
12387,USA_2019,MHRFds_CA,MHRFds_CA/110,D6
12388,USA_2019,MHRFds_CA,MHRFds_CA/110,D5
12389,USA_2019,MHRFds_CA,MHRFds_CA/110,C6
12390,USA_2019,MHRFds_CA,MHRFds_CA/110,C5
12391,USA_2019,MHRFds_CA,MHRFds_CA/110,B6
12392,USA_2019,MHRFds_CA,MHRFds_CA/110,B5
12393,Add_2021,MHRFds_CA,MHRFds_CA/Ro,A0
12394,Add_2021,MHRFds_CA,MHRFds_CA/Ro,B0
12395,USA_2019,MHRFdsp_CA,MHRFdsp_CA/00,E6
12396,USA_2019,MHRFdsp_CA,MHRFdsp_CA/00,E5
12397,USA_2019,MHRFdsp_CA,MHRFdsp_CA/00,D6
12398,USA_2019,MHRFdsp_CA,MHRFdsp_CA/00,D5
12399,USA_2019,MHRFdsp_CA,MHRFdsp_CA/00,D4
12400,USA_2019,MHRFdsp_CA,MHRFdsp_CA/00,D3
12401,USA_2019,MHRFdsp_CA,MHRFdsp_CA/00,D2
12402,USA_2019,MHRFdsp_CA,MHRFdsp_CA/00,D1
12403,USA_2019,MHRFdsp_CA,MHRFdsp_CA/00,C6
12404,USA_2019,MHRFdsp_CA,MHRFdsp_CA/00,C5
12405,USA_2019,MHRFdsp_CA,MHRFdsp_CA/00,C4
12406,USA_2019,MHRFdsp_CA,MHRFdsp_CA/00,C3
12407,USA_2019,MHRFdsp_CA,MHRFdsp_CA/00,C2
12408,USA_2019,MHRFdsp_CA,MHRFdsp_CA/00,C1
12409,USA_2019,MHRFdsp_CA,MHRFdsp_CA/00,B6
12410,USA_2019,MHRFdsp_CA,MHRFdsp_CA/00,B5
12411,USA_2019,MHRFdsp_CA,MHRFdsp_CA/00,B4
12412,USA_2019,MHRFdsp_CA,MHRFdsp_CA/00,B3
12413,USA_2019,MHRFdsp_CA,MHRFdsp_CA/00,B2
12414,USA_2019,MHRFdsp_CA,MHRFdsp_CA/00,B1
12415,USA_2019,MHRFdsp_CA,MHRFdsp_CA/00,A2
12416,USA_2019,MHRFdsp_CA,MHRFdsp_CA/00,A1
12417,Add_2021,MHRFdsp_CA,MHRFdsp_CA/Ro,A0
12418,Add_2021,MHRFdsp_CA,MHRFdsp_CA/Ro,B0
12419,USA_2019,MHRFmm_OR,MHRFmm_OR/101,D4
12420,USA_2019,MHRFmm_OR,MHRFmm_OR/101,D3
12421,USA_2019,MHRFmm_OR,MHRFmm_OR/101,C4
12422,USA_2019,MHRFmm_OR,MHRFmm_OR/101,C3
12423,USA_2019,MHRFmm_OR,MHRFmm_OR/101,B4
12424,USA_2019,MHRFmm_OR,MHRFmm_OR/101,B3
12425,USA_2019,MHRFmm_OR,MHRFmm_OR/102,D2
12426,USA_2019,MHRFmm_OR,MHRFmm_OR/102,D1
12427,USA_2019,MHRFmm_OR,MHRFmm_OR/102,C2
12428,USA_2019,MHRFmm_OR,MHRFmm_OR/102,C1
12429,USA_2019,MHRFmm_OR,MHRFmm_OR/102,B2
12430,USA_2019,MHRFmm_OR,MHRFmm_OR/102,B1
12431,USA_2019,MHRFmm_OR,MHRFmm_OR/102,A2
12432,USA_2019,MHRFmm_OR,MHRFmm_OR/102,A1
12433,USA_2019,MHRFmm_OR,MHRFmm_OR/110,E6
12434,USA_2019,MHRFmm_OR,MHRFmm_OR/110,E5
12435,USA_2019,MHRFmm_OR,MHRFmm_OR/110,D6
12436,USA_2019,MHRFmm_OR,MHRFmm_OR/110,D5
12437,USA_2019,MHRFmm_OR,MHRFmm_OR/110,C6
12438,USA_2019,MHRFmm_OR,MHRFmm_OR/110,C5
12439,USA_2019,MHRFmm_OR,MHRFmm_OR/110,B6
12440,USA_2019,MHRFmm_OR,MHRFmm_OR/110,B5
12441,Add_2021,MHRFmm_OR,MHRFmm_OR/Ro,A0
12442,Add_2021,MHRFmm_OR,MHRFmm_OR/Ro,B0
12443,USA_2019,MHRFmmp_OR,MHRFmmp_OR/00,E6
12444,USA_2019,MHRFmmp_OR,MHRFmmp_OR/00,E5
12445,USA_2019,MHRFmmp_OR,MHRFmmp_OR/00,D6
12446,USA_2019,MHRFmmp_OR,MHRFmmp_OR/00,D5
12447,USA_2019,MHRFmmp_OR,MHRFmmp_OR/00,D4
12448,USA_2019,MHRFmmp_OR,MHRFmmp_OR/00,D3
12449,USA_2019,MHRFmmp_OR,MHRFmmp_OR/00,D2
12450,USA_2019,MHRFmmp_OR,MHRFmmp_OR/00,D1
12451,USA_2019,MHRFmmp_OR,MHRFmmp_OR/00,C6
12452,USA_2019,MHRFmmp_OR,MHRFmmp_OR/00,C5
12453,USA_2019,MHRFmmp_OR,MHRFmmp_OR/00,C4
12454,USA_2019,MHRFmmp_OR,MHRFmmp_OR/00,C3
12455,USA_2019,MHRFmmp_OR,MHRFmmp_OR/00,C2
12456,USA_2019,MHRFmmp_OR,MHRFmmp_OR/00,C1
12457,USA_2019,MHRFmmp_OR,MHRFmmp_OR/00,B6
12458,USA_2019,MHRFmmp_OR,MHRFmmp_OR/00,B5
12459,USA_2019,MHRFmmp_OR,MHRFmmp_OR/00,B4
12460,USA_2019,MHRFmmp_OR,MHRFmmp_OR/00,B3
12461,USA_2019,MHRFmmp_OR,MHRFmmp_OR/00,B2
12462,USA_2019,MHRFmmp_OR,MHRFmmp_OR/00,B1
12463,USA_2019,MHRFmmp_OR,MHRFmmp_OR/00,A2
12464,USA_2019,MHRFmmp_OR,MHRFmmp_OR/00,A1
12465,Add_2021,MHRFmmp_OR,MHRFmmp_OR/Ro,A0
12466,Add_2021,MHRFmmp_OR,MHRFmmp_OR/Ro,B0
12467,BECv10,MHun1,MHun1/h,E7
12468,BECv10,MHun1,MHun1/h,E6
12469,BECv10,MHun1,MHun1/h,E5
12470,BECv10,MHun1,MHun1/h,D7
12471,BECv10,MHun1,MHun1/h,D6
12472,BECv10,MHun1,MHun1/h,D5
12473,BECv10,MHun1,MHun1/h,C7
12474,BECv10,MHun1,MHun1/h,C6
12475,BECv10,MHun1,MHun1/h,C5
12476,BECv10,MHun1,MHun1/h,B7
12477,BECv10,MHun1,MHun1/h,B6
12478,BECv10,MHun1,MHun1/h,B5
12479,BECv10,MHun1,MHun1/h,A7
12480,BECv10,MHun1,MHun1/h,A6
12481,BECv10,MHun1,MHun1/h,A5
12482,BECv10,MHun1,MHun1/m,E4
12483,BECv10,MHun1,MHun1/m,E3
12484,BECv10,MHun1,MHun1/m,D4
12485,BECv10,MHun1,MHun1/m,D3
12486,BECv10,MHun1,MHun1/m,C4
12487,BECv10,MHun1,MHun1/m,C3
12488,BECv10,MHun1,MHun1/m,B4
12489,BECv10,MHun1,MHun1/m,B3
12490,BECv10,MHun1,MHun1/m,A4
12491,BECv10,MHun1,MHun1/m,A3
12492,BECv10,MHun1,MHun1/x,E2
12493,BECv10,MHun1,MHun1/x,E1
12494,BECv10,MHun1,MHun1/x,E0
12495,BECv10,MHun1,MHun1/x,D2
12496,BECv10,MHun1,MHun1/x,D1
12497,BECv10,MHun1,MHun1/x,D0
12498,BECv10,MHun1,MHun1/x,C2
12499,BECv10,MHun1,MHun1/x,C1
12500,BECv10,MHun1,MHun1/x,C0
12501,BECv10,MHun1,MHun1/x,B2
12502,BECv10,MHun1,MHun1/x,B1
12503,BECv10,MHun1,MHun1/x,B0
12504,BECv10,MHun1,MHun1/x,A2
12505,BECv10,MHun1,MHun1/x,A1
12506,BECv10,MHun1,MHun1/x,A0
12507,BECv13,MHvh,MHvh/101,A2
12508,BECv13,MHvh,MHvh/101,A3
12509,BECv13,MHvh,MHvh/101,A4
12510,BECv13,MHvh,MHvh/101,B4
12511,BECv13,MHvh,MHvh/101,C4
12512,BECv13,MHvh,MHvh/101,C3
12513,BECv13,MHvh,MHvh/101,C2
12514,BECv13,MHvh,MHvh/101,B2
12515,BECv13,MHvh,MHvh/101,B3
12516,BECv13,MHvh,MHvh/101a,A3
12517,BECv13,MHvh,MHvh/101a,A4
12518,BECv13,MHvh,MHvh/101a,B4
12519,BECv13,MHvh,MHvh/101a,C4
12520,BECv13,MHvh,MHvh/101a,C3
12521,BECv13,MHvh,MHvh/101a,B3
12522,BECv13,MHvh,MHvh/101b,A2
12523,BECv13,MHvh,MHvh/101b,C2
12524,BECv13,MHvh,MHvh/101b,B2
12525,BECv13,MHvh,MHvh/102,A0
12526,BECv13,MHvh,MHvh/102,B0
12527,BECv13,MHvh,MHvh/102,C0
12528,BECv13,MHvh,MHvh/102,A1
12529,BECv13,MHvh,MHvh/102,B1
12530,BECv13,MHvh,MHvh/102,C1
12531,BECv13,MHvh,MHvh/110,D2
12532,BECv13,MHvh,MHvh/110,D3
12533,BECv13,MHvh,MHvh/110,D4
12534,BECv13,MHvh,MHvh/110,E2
12535,BECv13,MHvh,MHvh/110,E3
12536,BECv13,MHvh,MHvh/110,E4
12537,BECv13,MHvh,MHvh/111,B5
12538,BECv13,MHvh,MHvh/111,C5
12539,BECv13,MHvh,MHvh/Wb,A7
12540,BECv13,MHvh,MHvh/Wb,B7
12541,BECv13,MHvh,MHvh/Wb,C7
12542,BECv13,MHvh,MHvh/Wf,E7
12543,BECv13,MHvh,MHvh/Wf,D7
12544,BECv13,MHvh,MHvh/Wf,C7
12545,BECv13,MHvhp,MHvhp/h,E7
12546,BECv13,MHvhp,MHvhp/h,E6
12547,BECv13,MHvhp,MHvhp/h,E5
12548,BECv13,MHvhp,MHvhp/h,D7
12549,BECv13,MHvhp,MHvhp/h,D6
12550,BECv13,MHvhp,MHvhp/h,D5
12551,BECv13,MHvhp,MHvhp/h,C7
12552,BECv13,MHvhp,MHvhp/h,C6
12553,BECv13,MHvhp,MHvhp/h,C5
12554,BECv13,MHvhp,MHvhp/h,B7
12555,BECv13,MHvhp,MHvhp/h,B6
12556,BECv13,MHvhp,MHvhp/h,B5
12557,BECv13,MHvhp,MHvhp/h,A7
12558,BECv13,MHvhp,MHvhp/h,A6
12559,BECv13,MHvhp,MHvhp/h,A5
12560,BECv13,MHvhp,MHvhp/m,E4
12561,BECv13,MHvhp,MHvhp/m,E3
12562,BECv13,MHvhp,MHvhp/m,D4
12563,BECv13,MHvhp,MHvhp/m,D3
12564,BECv13,MHvhp,MHvhp/m,C4
12565,BECv13,MHvhp,MHvhp/m,C3
12566,BECv13,MHvhp,MHvhp/m,B4
12567,BECv13,MHvhp,MHvhp/m,B3
12568,BECv13,MHvhp,MHvhp/m,A4
12569,BECv13,MHvhp,MHvhp/m,A3
12570,BECv13,MHvhp,MHvhp/x,E2
12571,BECv13,MHvhp,MHvhp/x,E1
12572,BECv13,MHvhp,MHvhp/x,E0
12573,BECv13,MHvhp,MHvhp/x,D2
12574,BECv13,MHvhp,MHvhp/x,D1
12575,BECv13,MHvhp,MHvhp/x,D0
12576,BECv13,MHvhp,MHvhp/x,C2
12577,BECv13,MHvhp,MHvhp/x,C1
12578,BECv13,MHvhp,MHvhp/x,C0
12579,BECv13,MHvhp,MHvhp/x,B2
12580,BECv13,MHvhp,MHvhp/x,B1
12581,BECv13,MHvhp,MHvhp/x,B0
12582,BECv13,MHvhp,MHvhp/x,A2
12583,BECv13,MHvhp,MHvhp/x,A1
12584,BECv13,MHvhp,MHvhp/x,A0
12585,BECv10,MHwh,MHwh/101,C4
12586,BECv10,MHwh,MHwh/101,C3
12587,BECv10,MHwh,MHwh/101,C2
12588,BECv10,MHwh,MHwh/101,B5
12589,BECv10,MHwh,MHwh/101,B4
12590,BECv10,MHwh,MHwh/101,B3
12591,BECv10,MHwh,MHwh/101,B2
12592,BECv10,MHwh,MHwh/101,A5
12593,BECv10,MHwh,MHwh/101,A4
12594,BECv10,MHwh,MHwh/101,A3
12595,BECv10,MHwh,MHwh/101,A2
12596,BEC11,MHwh,MHwh/101a,C4
12597,BEC11,MHwh,MHwh/101a,C3
12598,BEC11,MHwh,MHwh/101a,B4
12599,BEC11,MHwh,MHwh/101a,B3
12600,BEC11,MHwh,MHwh/101a,A4
12601,BEC11,MHwh,MHwh/101a,A3
12602,BEC11,MHwh,MHwh/101b,C2
12603,BEC11,MHwh,MHwh/101b,B2
12604,BEC11,MHwh,MHwh/101b,A2
12605,BEC11,MHwh,MHwh/101c,B5
12606,BEC11,MHwh,MHwh/101c,A5
12607,BECv10,MHwh,MHwh/102,C1
12608,BECv10,MHwh,MHwh/102,C0
12609,BECv10,MHwh,MHwh/102,B1
12610,BECv10,MHwh,MHwh/102,B0
12611,BECv10,MHwh,MHwh/102,A1
12612,BECv10,MHwh,MHwh/102,A0
12613,BECv10,MHwh,MHwh/110,E2
12614,BECv10,MHwh,MHwh/110,D4
12615,BECv10,MHwh,MHwh/110,D3
12616,BECv10,MHwh,MHwh/110,D2
12617,BECv10,MHwh,MHwh/111,E6
12618,BECv10,MHwh,MHwh/111,E5
12619,BECv10,MHwh,MHwh/111,D6
12620,BECv10,MHwh,MHwh/111,D5
12621,BECv10,MHwh,MHwh/111,C6
12622,BECv10,MHwh,MHwh/111,C5
12623,BECv10,MHwh,MHwh/Wb53,C7
12624,BECv10,MHwh,MHwh/Wb53,B7
12625,BECv10,MHwh,MHwh/Wb53,A7
12626,BECv10,MHwhp,MHwhp/00,E7
12627,BECv10,MHwhp,MHwhp/00,E6
12628,BECv10,MHwhp,MHwhp/00,E5
12629,BECv10,MHwhp,MHwhp/00,E4
12630,BECv10,MHwhp,MHwhp/00,E3
12631,BECv10,MHwhp,MHwhp/00,E2
12632,BECv10,MHwhp,MHwhp/00,E1
12633,BECv10,MHwhp,MHwhp/00,E0
12634,BECv10,MHwhp,MHwhp/00,D7
12635,BECv10,MHwhp,MHwhp/00,D6
12636,BECv10,MHwhp,MHwhp/00,D5
12637,BECv10,MHwhp,MHwhp/00,D4
12638,BECv10,MHwhp,MHwhp/00,D3
12639,BECv10,MHwhp,MHwhp/00,D2
12640,BECv10,MHwhp,MHwhp/00,D1
12641,BECv10,MHwhp,MHwhp/00,D0
12642,BECv10,MHwhp,MHwhp/00,C7
12643,BECv10,MHwhp,MHwhp/00,C6
12644,BECv10,MHwhp,MHwhp/00,C5
12645,BECv10,MHwhp,MHwhp/00,C4
12646,BECv10,MHwhp,MHwhp/00,C3
12647,BECv10,MHwhp,MHwhp/00,C2
12648,BECv10,MHwhp,MHwhp/00,C1
12649,BECv10,MHwhp,MHwhp/00,C0
12650,BECv10,MHwhp,MHwhp/00,B7
12651,BECv10,MHwhp,MHwhp/00,B6
12652,BECv10,MHwhp,MHwhp/00,B5
12653,BECv10,MHwhp,MHwhp/00,B4
12654,BECv10,MHwhp,MHwhp/00,B3
12655,BECv10,MHwhp,MHwhp/00,B2
12656,BECv10,MHwhp,MHwhp/00,B1
12657,BECv10,MHwhp,MHwhp/00,B0
12658,BECv10,MHwhp,MHwhp/00,A7
12659,BECv10,MHwhp,MHwhp/00,A6
12660,BECv10,MHwhp,MHwhp/00,A5
12661,BECv10,MHwhp,MHwhp/00,A4
12662,BECv10,MHwhp,MHwhp/00,A3
12663,BECv10,MHwhp,MHwhp/00,A2
12664,BECv10,MHwhp,MHwhp/00,A1
12665,BECv10,MHwhp,MHwhp/00,A0
12666,ABv12,MSabN,MSabN/a,D2
12667,ABv12,MSabN,MSabN/a,D1
12668,ABv12,MSabN,MSabN/a,C3
12669,ABv12,MSabN,MSabN/a,C2
12670,ABv12,MSabN,MSabN/a,C1
12671,ABv12,MSabN,MSabN/a,B3
12672,ABv12,MSabN,MSabN/a,B2
12673,ABv12,MSabN,MSabN/a,B1
12674,ABv12,MSabN,MSabN/b,D3
12675,ABv12,MSabN,MSabN/b,D2
12676,ABv12,MSabN,MSabN/b,C4
12677,ABv12,MSabN,MSabN/b,C3
12678,ABv12,MSabN,MSabN/b,C2
12679,ABv12,MSabN,MSabN/b,B4
12680,ABv12,MSabN,MSabN/b,B3
12681,ABv12,MSabN,MSabN/b,B2
12682,ABv12,MSabN,MSabN/c,D5
12683,ABv12,MSabN,MSabN/c,D4
12684,ABv12,MSabN,MSabN/c,C5
12685,ABv12,MSabN,MSabN/c,C4
12686,ABv12,MSabN,MSabN/c,C3
12687,ABv12,MSabN,MSabN/c,B5
12688,ABv12,MSabN,MSabN/c,B4
12689,ABv12,MSabN,MSabN/d,E5
12690,ABv12,MSabN,MSabN/d,D6
12691,ABv12,MSabN,MSabN/d,D5
12692,ABv12,MSabN,MSabN/d,D4
12693,ABv12,MSabN,MSabN/d,C6
12694,ABv12,MSabN,MSabN/d,C5
12695,ABv12,MSabN,MSabN/f,E6
12696,ABv12,MSabN,MSabN/f,D7
12697,ABv12,MSabN,MSabN/f,D6
12698,ABv12,MSabN,MSabN/f,D5
12699,ABv12,MSabN,MSabN/f,C6
12700,ABv12,MSabN,MSabN/g,E7
12701,ABv12,MSabN,MSabN/g,D7
12702,ABv12,MSabN,MSabN/g,D6
12703,ABv12,MSabN,MSabN/g,C7
12704,ABv12,MSabN,MSabN/g,C6
12705,Add_2021,MSabN,MSabN/Ro,A0
12706,Add_2021,MSabN,MSabN/Ro,B0
12707,ABv12,MSabS,MSabS/a,D2
12708,ABv12,MSabS,MSabS/a,D1
12709,ABv12,MSabS,MSabS/a,C3
12710,ABv12,MSabS,MSabS/a,C2
12711,ABv12,MSabS,MSabS/a,C1
12712,ABv12,MSabS,MSabS/a,B3
12713,ABv12,MSabS,MSabS/a,B2
12714,ABv12,MSabS,MSabS/a,B1
12715,ABv12,MSabS,MSabS/b,D3
12716,ABv12,MSabS,MSabS/b,D2
12717,ABv12,MSabS,MSabS/b,C4
12718,ABv12,MSabS,MSabS/b,C3
12719,ABv12,MSabS,MSabS/b,C2
12720,ABv12,MSabS,MSabS/b,B4
12721,ABv12,MSabS,MSabS/b,B3
12722,ABv12,MSabS,MSabS/b,B2
12723,ABv12,MSabS,MSabS/c,D5
12724,ABv12,MSabS,MSabS/c,D4
12725,ABv12,MSabS,MSabS/c,C5
12726,ABv12,MSabS,MSabS/c,C4
12727,ABv12,MSabS,MSabS/c,C3
12728,ABv12,MSabS,MSabS/c,B5
12729,ABv12,MSabS,MSabS/c,B4
12730,ABv12,MSabS,MSabS/d,E5
12731,ABv12,MSabS,MSabS/d,D6
12732,ABv12,MSabS,MSabS/d,D5
12733,ABv12,MSabS,MSabS/d,D4
12734,ABv12,MSabS,MSabS/d,C6
12735,ABv12,MSabS,MSabS/d,C5
12736,ABv12,MSabS,MSabS/f,E6
12737,ABv12,MSabS,MSabS/f,D7
12738,ABv12,MSabS,MSabS/f,D6
12739,ABv12,MSabS,MSabS/f,D5
12740,ABv12,MSabS,MSabS/f,C6
12741,ABv12,MSabS,MSabS/g,E7
12742,ABv12,MSabS,MSabS/g,D7
12743,ABv12,MSabS,MSabS/g,D6
12744,ABv12,MSabS,MSabS/g,C7
12745,ABv12,MSabS,MSabS/g,C6
12746,Add_2021,MSabS,MSabS/Ro,A0
12747,Add_2021,MSabS,MSabS/Ro,B0
12748,BECv10,MSdc1,MSdc1/01,D4
12749,BECv10,MSdc1,MSdc1/01,D3
12750,BECv10,MSdc1,MSdc1/01,C4
12751,BECv10,MSdc1,MSdc1/01,C3
12752,BECv10,MSdc1,MSdc1/01,B4
12753,BECv10,MSdc1,MSdc1/01,B3
12754,BECv10,MSdc1,MSdc1/01,A4
12755,BECv10,MSdc1,MSdc1/01,A3
12756,BECv10,MSdc1,MSdc1/02,C1
12757,BECv10,MSdc1,MSdc1/02,C0
12758,BECv10,MSdc1,MSdc1/02,B1
12759,BECv10,MSdc1,MSdc1/02,B0
12760,BECv10,MSdc1,MSdc1/02,A1
12761,BECv10,MSdc1,MSdc1/02,A0
12762,BECv10,MSdc1,MSdc1/03,D3
12763,BECv10,MSdc1,MSdc1/03,D2
12764,BECv10,MSdc1,MSdc1/03,C3
12765,BECv10,MSdc1,MSdc1/03,C2
12766,BECv10,MSdc1,MSdc1/03,B3
12767,BECv10,MSdc1,MSdc1/03,B2
12768,BECv10,MSdc1,MSdc1/03,B1
12769,BECv10,MSdc1,MSdc1/03,A3
12770,BECv10,MSdc1,MSdc1/03,A2
12771,BECv10,MSdc1,MSdc1/03,A1
12772,BECv10,MSdc1,MSdc1/04,E5
12773,BECv10,MSdc1,MSdc1/04,E4
12774,BECv10,MSdc1,MSdc1/04,D5
12775,BECv10,MSdc1,MSdc1/04,D4
12776,BECv10,MSdc1,MSdc1/04,C5
12777,BECv10,MSdc1,MSdc1/04,C4
12778,BECv10,MSdc1,MSdc1/04,B5
12779,BECv10,MSdc1,MSdc1/04,B4
12780,BECv10,MSdc1,MSdc1/05,E7
12781,BECv10,MSdc1,MSdc1/05,E6
12782,BECv10,MSdc1,MSdc1/05,E5
12783,BECv10,MSdc1,MSdc1/05,D7
12784,BECv10,MSdc1,MSdc1/05,D6
12785,BECv10,MSdc1,MSdc1/05,D5
12786,BECv10,MSdc1,MSdc1/05,C7
12787,BECv10,MSdc1,MSdc1/05,C6
12788,BECv10,MSdc1,MSdc1/05,C5
12789,BECv10,MSdc2,MSdc2/01,D4
12790,BECv10,MSdc2,MSdc2/01,D3
12791,BECv10,MSdc2,MSdc2/01,C4
12792,BECv10,MSdc2,MSdc2/01,C3
12793,BECv10,MSdc2,MSdc2/01,B4
12794,BECv10,MSdc2,MSdc2/01,B3
12795,BECv10,MSdc2,MSdc2/02,D2
12796,BECv10,MSdc2,MSdc2/02,D1
12797,BECv10,MSdc2,MSdc2/02,D0
12798,BECv10,MSdc2,MSdc2/02,C2
12799,BECv10,MSdc2,MSdc2/02,C1
12800,BECv10,MSdc2,MSdc2/02,C0
12801,BECv10,MSdc2,MSdc2/02,B2
12802,BECv10,MSdc2,MSdc2/02,B1
12803,BECv10,MSdc2,MSdc2/02,B0
12804,BECv10,MSdc2,MSdc2/02,A1
12805,BECv10,MSdc2,MSdc2/02,A0
12806,BECv10,MSdc2,MSdc2/03,D3
12807,BECv10,MSdc2,MSdc2/03,D2
12808,BECv10,MSdc2,MSdc2/03,C3
12809,BECv10,MSdc2,MSdc2/03,C2
12810,BECv10,MSdc2,MSdc2/03,B3
12811,BECv10,MSdc2,MSdc2/03,B2
12812,BECv10,MSdc2,MSdc2/04,D3
12813,BECv10,MSdc2,MSdc2/04,D2
12814,BECv10,MSdc2,MSdc2/04,C3
12815,BECv10,MSdc2,MSdc2/04,C2
12816,BECv10,MSdc2,MSdc2/04,B3
12817,BECv10,MSdc2,MSdc2/04,B2
12818,BECv10,MSdc2,MSdc2/05,C6
12819,BECv10,MSdc2,MSdc2/05,C5
12820,BECv10,MSdc2,MSdc2/05,B6
12821,BECv10,MSdc2,MSdc2/05,B5
12822,BECv10,MSdc2,MSdc2/06,E6
12823,BECv10,MSdc2,MSdc2/06,E5
12824,BECv10,MSdc2,MSdc2/06,D6
12825,BECv10,MSdc2,MSdc2/06,D5
12826,BECv10,MSdc2,MSdc2/06,C6
12827,BECv10,MSdc2,MSdc2/06,C5
12828,BECv10,MSdc2,MSdc2/07,E6
12829,BECv10,MSdc2,MSdc2/07,E5
12830,BECv10,MSdc2,MSdc2/07,D6
12831,BECv10,MSdc2,MSdc2/07,D5
12832,BECv10,MSdc2,MSdc2/07,C6
12833,BECv10,MSdc2,MSdc2/07,C5
12834,BECv10,MSdc2,MSdc2/08,D7
12835,BECv10,MSdc2,MSdc2/08,D6
12836,BECv10,MSdc2,MSdc2/08,C7
12837,BECv10,MSdc2,MSdc2/08,C6
12838,BECv10,MSdc2,MSdc2/08,B7
12839,BECv10,MSdc2,MSdc2/08,B6
12840,BECv10,MSdc3,MSdc3/01,D4
12841,BECv10,MSdc3,MSdc3/01,D3
12842,BECv10,MSdc3,MSdc3/01,C4
12843,BECv10,MSdc3,MSdc3/01,C3
12844,BECv10,MSdc3,MSdc3/01,B4
12845,BECv10,MSdc3,MSdc3/01,B3
12846,BECv10,MSdc3,MSdc3/02,D2
12847,BECv10,MSdc3,MSdc3/02,D1
12848,BECv10,MSdc3,MSdc3/02,D0
12849,BECv10,MSdc3,MSdc3/02,C2
12850,BECv10,MSdc3,MSdc3/02,C1
12851,BECv10,MSdc3,MSdc3/02,C0
12852,BECv10,MSdc3,MSdc3/02,B2
12853,BECv10,MSdc3,MSdc3/02,B1
12854,BECv10,MSdc3,MSdc3/02,B0
12855,BECv10,MSdc3,MSdc3/02,A1
12856,BECv10,MSdc3,MSdc3/02,A0
12857,BECv10,MSdc3,MSdc3/03,D3
12858,BECv10,MSdc3,MSdc3/03,D2
12859,BECv10,MSdc3,MSdc3/03,C3
12860,BECv10,MSdc3,MSdc3/03,C2
12861,BECv10,MSdc3,MSdc3/03,B3
12862,BECv10,MSdc3,MSdc3/03,B2
12863,BECv10,MSdc3,MSdc3/04,D3
12864,BECv10,MSdc3,MSdc3/04,D2
12865,BECv10,MSdc3,MSdc3/04,C3
12866,BECv10,MSdc3,MSdc3/04,C2
12867,BECv10,MSdc3,MSdc3/04,B3
12868,BECv10,MSdc3,MSdc3/04,B2
12869,BECv10,MSdc3,MSdc3/05,C6
12870,BECv10,MSdc3,MSdc3/05,C5
12871,BECv10,MSdc3,MSdc3/05,B6
12872,BECv10,MSdc3,MSdc3/05,B5
12873,USA_2020,MSdh_MT,MSdh_MT/101,D4
12874,USA_2020,MSdh_MT,MSdh_MT/101,D3
12875,USA_2020,MSdh_MT,MSdh_MT/101,C4
12876,USA_2020,MSdh_MT,MSdh_MT/101,C3
12877,USA_2020,MSdh_MT,MSdh_MT/101,B4
12878,USA_2020,MSdh_MT,MSdh_MT/101,B3
12879,USA_2020,MSdh_MT,MSdh_MT/102,D1
12880,USA_2020,MSdh_MT,MSdh_MT/102,C1
12881,USA_2020,MSdh_MT,MSdh_MT/102,B1
12882,USA_2020,MSdh_MT,MSdh_MT/102,A1
12883,USA_2020,MSdh_MT,MSdh_MT/103,D2
12884,USA_2020,MSdh_MT,MSdh_MT/103,C2
12885,USA_2020,MSdh_MT,MSdh_MT/103,B2
12886,USA_2020,MSdh_MT,MSdh_MT/103,A2
12887,USA_2020,MSdh_MT,MSdh_MT/110,C5
12888,USA_2020,MSdh_MT,MSdh_MT/110,B5
12889,USA_2020,MSdh_MT,MSdh_MT/111,C6
12890,USA_2020,MSdh_MT,MSdh_MT/111,B6
12891,USA_2020,MSdh_MT,MSdh_MT/112,E5
12892,USA_2020,MSdh_MT,MSdh_MT/112,D5
12893,USA_2020,MSdh_MT,MSdh_MT/113,E6
12894,USA_2020,MSdh_MT,MSdh_MT/113,D6
12895,Add_2021,MSdh_MT,MSdh_MT/Ro,A0
12896,Add_2021,MSdh_MT,MSdh_MT/Ro,B0
12897,USA_2019,MSdh_UT,MSdh_UT/101,D4
12898,USA_2019,MSdh_UT,MSdh_UT/101,D3
12899,USA_2019,MSdh_UT,MSdh_UT/101,C4
12900,USA_2019,MSdh_UT,MSdh_UT/101,C3
12901,USA_2019,MSdh_UT,MSdh_UT/101,B4
12902,USA_2019,MSdh_UT,MSdh_UT/101,B3
12903,USA_2019,MSdh_UT,MSdh_UT/102,D1
12904,USA_2019,MSdh_UT,MSdh_UT/102,C1
12905,USA_2019,MSdh_UT,MSdh_UT/102,B1
12906,USA_2019,MSdh_UT,MSdh_UT/102,A1
12907,USA_2019,MSdh_UT,MSdh_UT/103,D2
12908,USA_2019,MSdh_UT,MSdh_UT/103,C2
12909,USA_2019,MSdh_UT,MSdh_UT/103,B2
12910,USA_2019,MSdh_UT,MSdh_UT/103,A2
12911,USA_2019,MSdh_UT,MSdh_UT/110,E5
12912,USA_2019,MSdh_UT,MSdh_UT/110,D5
12913,USA_2019,MSdh_UT,MSdh_UT/110,C5
12914,USA_2019,MSdh_UT,MSdh_UT/110,B5
12915,USA_2019,MSdh_UT,MSdh_UT/111,E6
12916,USA_2019,MSdh_UT,MSdh_UT/111,D6
12917,USA_2019,MSdh_UT,MSdh_UT/111,C6
12918,USA_2019,MSdh_UT,MSdh_UT/111,B6
12919,Add_2021,MSdh_UT,MSdh_UT/Ro,A0
12920,Add_2021,MSdh_UT,MSdh_UT/Ro,B0
12921,USA_2019,MSdh_WY,MSdh_WY/101,D4
12922,USA_2019,MSdh_WY,MSdh_WY/101,D3
12923,USA_2019,MSdh_WY,MSdh_WY/101,C4
12924,USA_2019,MSdh_WY,MSdh_WY/101,C3
12925,USA_2019,MSdh_WY,MSdh_WY/101,B4
12926,USA_2019,MSdh_WY,MSdh_WY/101,B3
12927,USA_2019,MSdh_WY,MSdh_WY/102,D1
12928,USA_2019,MSdh_WY,MSdh_WY/102,C1
12929,USA_2019,MSdh_WY,MSdh_WY/102,B1
12930,USA_2019,MSdh_WY,MSdh_WY/102,A1
12931,USA_2019,MSdh_WY,MSdh_WY/103,D2
12932,USA_2019,MSdh_WY,MSdh_WY/103,C2
12933,USA_2019,MSdh_WY,MSdh_WY/103,B2
12934,USA_2019,MSdh_WY,MSdh_WY/103,A2
12935,USA_2019,MSdh_WY,MSdh_WY/110,C5
12936,USA_2019,MSdh_WY,MSdh_WY/110,B5
12937,USA_2019,MSdh_WY,MSdh_WY/111,C6
12938,USA_2019,MSdh_WY,MSdh_WY/111,B6
12939,USA_2019,MSdh_WY,MSdh_WY/112,E5
12940,USA_2019,MSdh_WY,MSdh_WY/112,D5
12941,USA_2019,MSdh_WY,MSdh_WY/113,E6
12942,USA_2019,MSdh_WY,MSdh_WY/113,D6
12943,Add_2021,MSdh_WY,MSdh_WY/Ro,A0
12944,Add_2021,MSdh_WY,MSdh_WY/Ro,B0
12945,BECv11,MSdk,MSdk/101,D4
12946,BECv11,MSdk,MSdk/101,D3
12947,BECv11,MSdk,MSdk/101,C4
12948,BECv11,MSdk,MSdk/102,C1
12949,BECv11,MSdk,MSdk/102,B2
12950,BECv11,MSdk,MSdk/102,B1
12951,BECv11,MSdk,MSdk/102,A2
12952,BECv11,MSdk,MSdk/102,A1
12953,BECv11,MSdk,MSdk/103,D2
12954,BECv11,MSdk,MSdk/103,C2
12955,BECv11,MSdk,MSdk/104,B5
12956,BECv11,MSdk,MSdk/104,B4
12957,BECv11,MSdk,MSdk/104,B3
12958,BECv11,MSdk,MSdk/104,A5
12959,BECv11,MSdk,MSdk/104,A4
12960,BECv11,MSdk,MSdk/104,A3
12961,BECv11,MSdk,MSdk/105,D3
12962,BECv11,MSdk,MSdk/105,C3
12963,BECv11,MSdk,MSdk/110,E5
12964,BECv11,MSdk,MSdk/110,D5
12965,BECv11,MSdk,MSdk/110,C5
12966,BECv11,MSdk,MSdk/111,E7
12967,BECv11,MSdk,MSdk/111,E6
12968,BECv11,MSdk,MSdk/111,D7
12969,BECv11,MSdk,MSdk/111,D6
12970,BECv11,MSdk,MSdk/111,C7
12971,BECv11,MSdk,MSdk/111,C6
12972,BECv11,MSdk,MSdk/111a,E7
12973,BECv11,MSdk,MSdk/111a,E6
12974,BECv11,MSdk,MSdk/111a,D6
12975,BECv11,MSdk,MSdk/111a,C6
12976,BECv11,MSdk,MSdk/111b,D7
12977,BECv11,MSdk,MSdk/111b,C7
12978,BECv11,MSdk,MSdk/112,B7
12979,BECv11,MSdk,MSdk/112,B6
12980,BECv11,MSdk,MSdk/112a,B6
12981,BECv11,MSdk,MSdk/112b,B7
12982,BECv12,MSdk,MSdk/Fm01,E6
12983,BECv12,MSdk,MSdk/Fm01,E5
12984,BECv12,MSdk,MSdk/Fm02,E6
12985,BECv12,MSdk,MSdk/Fm02,E5
12986,BECv11,MSdk,MSdk/Ro,C0
12987,BECv11,MSdk,MSdk/Ro,B0
12988,BECv11,MSdk,MSdk/Ro,A0
12989,USA_2019,MSdk_CO,MSdk_CO/101,D4
12990,USA_2019,MSdk_CO,MSdk_CO/101,D3
12991,USA_2019,MSdk_CO,MSdk_CO/101,C4
12992,USA_2019,MSdk_CO,MSdk_CO/101,C3
12993,USA_2019,MSdk_CO,MSdk_CO/101,B4
12994,USA_2019,MSdk_CO,MSdk_CO/101,B3
12995,USA_2019,MSdk_CO,MSdk_CO/102,D1
12996,USA_2019,MSdk_CO,MSdk_CO/102,C1
12997,USA_2019,MSdk_CO,MSdk_CO/102,B1
12998,USA_2019,MSdk_CO,MSdk_CO/102,A1
12999,USA_2019,MSdk_CO,MSdk_CO/103,D2
13000,USA_2019,MSdk_CO,MSdk_CO/103,C2
13001,USA_2019,MSdk_CO,MSdk_CO/103,B2
13002,USA_2019,MSdk_CO,MSdk_CO/103,A2
13003,USA_2019,MSdk_CO,MSdk_CO/110,C5
13004,USA_2019,MSdk_CO,MSdk_CO/110,B5
13005,USA_2019,MSdk_CO,MSdk_CO/111,C6
13006,USA_2019,MSdk_CO,MSdk_CO/111,B6
13007,USA_2019,MSdk_CO,MSdk_CO/112,E5
13008,USA_2019,MSdk_CO,MSdk_CO/112,D5
13009,USA_2019,MSdk_CO,MSdk_CO/113,E6
13010,USA_2019,MSdk_CO,MSdk_CO/113,D6
13011,Add_2021,MSdk_CO,MSdk_CO/Ro,A0
13012,Add_2021,MSdk_CO,MSdk_CO/Ro,B0
13013,USA_2019,MSdm_WA,MSdm_WA/101,D4
13014,USA_2019,MSdm_WA,MSdm_WA/101,D3
13015,USA_2019,MSdm_WA,MSdm_WA/101,C4
13016,USA_2019,MSdm_WA,MSdm_WA/101,C3
13017,USA_2019,MSdm_WA,MSdm_WA/101,B4
13018,USA_2019,MSdm_WA,MSdm_WA/101,B3
13019,USA_2019,MSdm_WA,MSdm_WA/102,D1
13020,USA_2019,MSdm_WA,MSdm_WA/102,C1
13021,USA_2019,MSdm_WA,MSdm_WA/102,B1
13022,USA_2019,MSdm_WA,MSdm_WA/102,A1
13023,USA_2019,MSdm_WA,MSdm_WA/103,D2
13024,USA_2019,MSdm_WA,MSdm_WA/103,C2
13025,USA_2019,MSdm_WA,MSdm_WA/103,B2
13026,USA_2019,MSdm_WA,MSdm_WA/103,A2
13027,USA_2019,MSdm_WA,MSdm_WA/110,C5
13028,USA_2019,MSdm_WA,MSdm_WA/110,B5
13029,USA_2019,MSdm_WA,MSdm_WA/111,C6
13030,USA_2019,MSdm_WA,MSdm_WA/111,B6
13031,USA_2019,MSdm_WA,MSdm_WA/112,E5
13032,USA_2019,MSdm_WA,MSdm_WA/112,D5
13033,USA_2019,MSdm_WA,MSdm_WA/113,E6
13034,USA_2019,MSdm_WA,MSdm_WA/113,D6
13035,Add_2021,MSdm_WA,MSdm_WA/Ro,A0
13036,Add_2021,MSdm_WA,MSdm_WA/Ro,B0
13037,BECv12,MSdm1,MSdm1/101,C4
13038,BECv12,MSdm1,MSdm1/101,C3
13039,BECv12,MSdm1,MSdm1/101,B4
13040,BECv12,MSdm1,MSdm1/102,C1
13041,BECv12,MSdm1,MSdm1/102,B1
13042,BECv12,MSdm1,MSdm1/102,A2
13043,BECv12,MSdm1,MSdm1/102,A1
13044,BECv12,MSdm1,MSdm1/103,C3
13045,BECv12,MSdm1,MSdm1/103,C2
13046,BECv12,MSdm1,MSdm1/103,B2
13047,BECv12,MSdm1,MSdm1/104,B3
13048,BECv12,MSdm1,MSdm1/104,A3
13049,BECv12,MSdm1,MSdm1/110,B6
13050,BECv12,MSdm1,MSdm1/110,B5
13051,BECv12,MSdm1,MSdm1/111,D5
13052,BECv12,MSdm1,MSdm1/111,C5
13053,BECv12,MSdm1,MSdm1/112,D6
13054,BECv12,MSdm1,MSdm1/112,D5
13055,BECv12,MSdm1,MSdm1/112,C6
13056,BECv12,MSdm1,MSdm1/112,C5
13057,BECv12,MSdm1,MSdm1/113,E7
13058,BECv12,MSdm1,MSdm1/113,E6
13059,BECv12,MSdm1,MSdm1/113,D7
13060,BECv12,MSdm1,MSdm1/113,D6
13061,BECv12,MSdm1,MSdm1/113,C7
13062,BECv12,MSdm1,MSdm1/113,C6
13063,Add_2021,MSdm1,MSdm1/Ro,A0
13064,Add_2021,MSdm1,MSdm1/Ro,B0
13065,BECv12,MSdm2,MSdm2/101,D4
13066,BECv12,MSdm2,MSdm2/101,D3
13067,BECv12,MSdm2,MSdm2/101,C4
13068,BECv12,MSdm2,MSdm2/101,C3
13069,BECv12,MSdm2,MSdm2/101,B4
13070,BECv12,MSdm2,MSdm2/101,B3
13071,BECv12,MSdm2,MSdm2/102,C1
13072,BECv12,MSdm2,MSdm2/102,C0
13073,BECv12,MSdm2,MSdm2/102,B1
13074,BECv12,MSdm2,MSdm2/102,B0
13075,BECv12,MSdm2,MSdm2/102,A1
13076,BECv12,MSdm2,MSdm2/102,A0
13077,BECv12,MSdm2,MSdm2/103,C2
13078,BECv12,MSdm2,MSdm2/103,B2
13079,BECv12,MSdm2,MSdm2/104,D3
13080,BECv12,MSdm2,MSdm2/104,C3
13081,BECv12,MSdm2,MSdm2/104,C2
13082,BECv12,MSdm2,MSdm2/104,B3
13083,BECv12,MSdm2,MSdm2/104,B2
13084,BECv12,MSdm2,MSdm2/105,B4
13085,BECv12,MSdm2,MSdm2/105,B3
13086,BECv12,MSdm2,MSdm2/105,A4
13087,BECv12,MSdm2,MSdm2/105,A3
13088,BECv12,MSdm2,MSdm2/110,C5
13089,BECv12,MSdm2,MSdm2/110,B5
13090,BECv12,MSdm2,MSdm2/110,A5
13091,BECv12,MSdm2,MSdm2/111,D5
13092,BECv12,MSdm2,MSdm2/111,C5
13093,BECv12,MSdm2,MSdm2/112,E6
13094,BECv12,MSdm2,MSdm2/112,E5
13095,BECv12,MSdm2,MSdm2/112,D6
13096,BECv12,MSdm2,MSdm2/112,D5
13097,BECv12,MSdm2,MSdm2/112,C6
13098,BECv12,MSdm2,MSdm2/113,E7
13099,BECv12,MSdm2,MSdm2/113,E6
13100,BECv12,MSdm2,MSdm2/113,D7
13101,BECv12,MSdm2,MSdm2/113,D6
13102,BECv12,MSdm2,MSdm2/113,C7
13103,BECv12,MSdm2,MSdm2/113,C6
13104,BECv12,MSdm2,MSdm2/Rt07,C0
13105,BECv12,MSdm2,MSdm2/Rt07,B0
13106,BECv12,MSdm2,MSdm2/Rt07,A0
13107,BECv12,MSdm2,MSdm2/Rt08,C0
13108,BECv12,MSdm2,MSdm2/Rt08,B0
13109,BECv12,MSdm2,MSdm2/Rt08,A0
13110,BECv10,MSdm3,MSdm3/01,D5
13111,BECv10,MSdm3,MSdm3/01,D4
13112,BECv10,MSdm3,MSdm3/01,C5
13113,BECv10,MSdm3,MSdm3/01,C4
13114,BECv10,MSdm3,MSdm3/01,B5
13115,BECv10,MSdm3,MSdm3/01,B4
13116,BECv10,MSdm3,MSdm3/01,B3
13117,BECv10,MSdm3,MSdm3/01,A5
13118,BECv10,MSdm3,MSdm3/01,A4
13119,BECv10,MSdm3,MSdm3/01,A3
13120,BECv10,MSdm3,MSdm3/02,D2
13121,BECv10,MSdm3,MSdm3/02,D1
13122,BECv10,MSdm3,MSdm3/02,D0
13123,BECv10,MSdm3,MSdm3/02,C2
13124,BECv10,MSdm3,MSdm3/02,C1
13125,BECv10,MSdm3,MSdm3/02,C0
13126,BECv10,MSdm3,MSdm3/02,B2
13127,BECv10,MSdm3,MSdm3/02,B1
13128,BECv10,MSdm3,MSdm3/02,B0
13129,BECv10,MSdm3,MSdm3/02,A2
13130,BECv10,MSdm3,MSdm3/02,A1
13131,BECv10,MSdm3,MSdm3/02,A0
13132,BECv10,MSdm3,MSdm3/03,D3
13133,BECv10,MSdm3,MSdm3/03,D2
13134,BECv10,MSdm3,MSdm3/03,D1
13135,BECv10,MSdm3,MSdm3/03,C3
13136,BECv10,MSdm3,MSdm3/03,C2
13137,BECv10,MSdm3,MSdm3/03,C1
13138,BECv10,MSdm3,MSdm3/03,B3
13139,BECv10,MSdm3,MSdm3/03,B2
13140,BECv10,MSdm3,MSdm3/03,B1
13141,BECv10,MSdm3,MSdm3/03,A3
13142,BECv10,MSdm3,MSdm3/03,A2
13143,BECv10,MSdm3,MSdm3/03,A1
13144,BECv10,MSdm3,MSdm3/04,D4
13145,BECv10,MSdm3,MSdm3/04,D3
13146,BECv10,MSdm3,MSdm3/04,C4
13147,BECv10,MSdm3,MSdm3/04,C3
13148,BECv10,MSdm3,MSdm3/04,B4
13149,BECv10,MSdm3,MSdm3/04,B3
13150,BECv10,MSdm3,MSdm3/04,B2
13151,BECv10,MSdm3,MSdm3/04,A3
13152,BECv10,MSdm3,MSdm3/04,A2
13153,BECv10,MSdm3,MSdm3/05,D6
13154,BECv10,MSdm3,MSdm3/05,D5
13155,BECv10,MSdm3,MSdm3/05,D4
13156,BECv10,MSdm3,MSdm3/05,C6
13157,BECv10,MSdm3,MSdm3/05,C5
13158,BECv10,MSdm3,MSdm3/05,C4
13159,BECv10,MSdm3,MSdm3/05,B6
13160,BECv10,MSdm3,MSdm3/05,B5
13161,BECv10,MSdm3,MSdm3/05,B4
13162,BECv10,MSdm3,MSdm3/05,A6
13163,BECv10,MSdm3,MSdm3/05,A5
13164,BECv10,MSdm3,MSdm3/05,A4
13165,BECv10,MSdm3,MSdm3/06,E6
13166,BECv10,MSdm3,MSdm3/06,E5
13167,BECv10,MSdm3,MSdm3/06,E4
13168,BECv10,MSdm3,MSdm3/06,D6
13169,BECv10,MSdm3,MSdm3/06,D5
13170,BECv10,MSdm3,MSdm3/06,D4
13171,BECv10,MSdm3,MSdm3/06,C6
13172,BECv10,MSdm3,MSdm3/06,C5
13173,BECv10,MSdm3,MSdm3/07,E7
13174,BECv10,MSdm3,MSdm3/07,E6
13175,BECv10,MSdm3,MSdm3/07,D7
13176,BECv10,MSdm3,MSdm3/07,D6
13177,BECv10,MSdm3,MSdm3/07,C7
13178,BECv10,MSdm3,MSdm3/07,C6
13179,BECv10,MSdm3,MSdm3/07,B7
13180,BECv10,MSdm3,MSdm3/07,B6
13181,BECv10,MSdv,MSdv/01,D5
13182,BECv10,MSdv,MSdv/01,D4
13183,BECv10,MSdv,MSdv/01,C5
13184,BECv10,MSdv,MSdv/01,C4
13185,BECv10,MSdv,MSdv/01,B5
13186,BECv10,MSdv,MSdv/01,B4
13187,BECv10,MSdv,MSdv/02,D2
13188,BECv10,MSdv,MSdv/02,D1
13189,BECv10,MSdv,MSdv/02,D0
13190,BECv10,MSdv,MSdv/02,C2
13191,BECv10,MSdv,MSdv/02,C1
13192,BECv10,MSdv,MSdv/02,C0
13193,BECv10,MSdv,MSdv/02,B2
13194,BECv10,MSdv,MSdv/02,B1
13195,BECv10,MSdv,MSdv/02,B0
13196,BECv10,MSdv,MSdv/02,A2
13197,BECv10,MSdv,MSdv/02,A1
13198,BECv10,MSdv,MSdv/02,A0
13199,BECv10,MSdv,MSdv/02a,D0
13200,BECv10,MSdv,MSdv/02a,C1
13201,BECv10,MSdv,MSdv/02a,C0
13202,BECv10,MSdv,MSdv/02a,B1
13203,BECv10,MSdv,MSdv/02a,B0
13204,BECv10,MSdv,MSdv/02a,A2
13205,BECv10,MSdv,MSdv/02a,A1
13206,BECv10,MSdv,MSdv/02a,A0
13207,BECv10,MSdv,MSdv/02b,D2
13208,BECv10,MSdv,MSdv/02b,D1
13209,BECv10,MSdv,MSdv/02b,C2
13210,BECv10,MSdv,MSdv/02b,B2
13211,BECv10,MSdv,MSdv/03,B3
13212,BECv10,MSdv,MSdv/03,B2
13213,BECv10,MSdv,MSdv/03,A3
13214,BECv10,MSdv,MSdv/03,A2
13215,BECv10,MSdv,MSdv/04,D3
13216,BECv10,MSdv,MSdv/04,D2
13217,BECv10,MSdv,MSdv/04,C3
13218,BECv10,MSdv,MSdv/04,C2
13219,BECv10,MSdv,MSdv/04,B3
13220,BECv10,MSdv,MSdv/04,B2
13221,BECv10,MSdv,MSdv/05,D3
13222,BECv10,MSdv,MSdv/05,D2
13223,BECv10,MSdv,MSdv/05,C3
13224,BECv10,MSdv,MSdv/05,C2
13225,BECv10,MSdv,MSdv/05,B3
13226,BECv10,MSdv,MSdv/05,B2
13227,BECv10,MSdv,MSdv/06,D5
13228,BECv10,MSdv,MSdv/06,C5
13229,BECv10,MSdv,MSdv/06,B5
13230,BECv10,MSdv,MSdv/07,D5
13231,BECv10,MSdv,MSdv/07,C5
13232,BECv10,MSdv,MSdv/07,B5
13233,BECv10,MSdv,MSdv/08,D7
13234,BECv10,MSdv,MSdv/08,D6
13235,BECv10,MSdv,MSdv/08,C7
13236,BECv10,MSdv,MSdv/08,C6
13237,BECv10,MSdv,MSdv/08,B7
13238,BECv10,MSdv,MSdv/08,B6
13239,BECv10,MSdv,MSdv/09,D7
13240,BECv10,MSdv,MSdv/09,D6
13241,BECv10,MSdv,MSdv/09,C7
13242,BECv10,MSdv,MSdv/09,C6
13243,BECv10,MSdv,MSdv/09,B7
13244,BECv10,MSdv,MSdv/09,B6
13245,BECv11,MSdw,MSdw/101,D4
13246,BECv11,MSdw,MSdw/101,C4
13247,BECv11,MSdw,MSdw/101,B4
13248,BECv11,MSdw,MSdw/102,C1
13249,BECv11,MSdw,MSdw/102,B2
13250,BECv11,MSdw,MSdw/102,B1
13251,BECv11,MSdw,MSdw/103,D2
13252,BECv11,MSdw,MSdw/103,C2
13253,BECv11,MSdw,MSdw/103,B2
13254,BECv11,MSdw,MSdw/104,D3
13255,BECv11,MSdw,MSdw/104,D2
13256,BECv11,MSdw,MSdw/104,C3
13257,BECv11,MSdw,MSdw/104,B4
13258,BECv11,MSdw,MSdw/104,B3
13259,BECv11,MSdw,MSdw/110,E5
13260,BECv11,MSdw,MSdw/110,D5
13261,BECv11,MSdw,MSdw/110,C5
13262,BECv11,MSdw,MSdw/111,E7
13263,BECv11,MSdw,MSdw/111,E6
13264,BECv11,MSdw,MSdw/111,D7
13265,BECv11,MSdw,MSdw/111,D6
13266,BECv11,MSdw,MSdw/111,C7
13267,BECv11,MSdw,MSdw/111,C6
13268,BECv11,MSdw,MSdw/111a,E7
13269,BECv11,MSdw,MSdw/111a,E6
13270,BECv11,MSdw,MSdw/111a,D6
13271,BECv11,MSdw,MSdw/111a,C6
13272,BECv11,MSdw,MSdw/111b,D7
13273,BECv11,MSdw,MSdw/111b,C7
13274,BECv11,MSdw,MSdw/112,B7
13275,BECv11,MSdw,MSdw/112,B6
13276,BECv12,MSdw,MSdw/Fm01,E6
13277,BECv12,MSdw,MSdw/Fm01,E5
13278,BECv12,MSdw,MSdw/Fm02,E6
13279,BECv12,MSdw,MSdw/Fm02,E5
13280,BECv11,MSdw,MSdw/Ro,C0
13281,BECv11,MSdw,MSdw/Ro,B0
13282,BECv11,MSdw,MSdw/Ro,A0
13283,USA_2019,MSdw_MT,MSdw_MT/101,D4
13284,USA_2019,MSdw_MT,MSdw_MT/101,D3
13285,USA_2019,MSdw_MT,MSdw_MT/101,C4
13286,USA_2019,MSdw_MT,MSdw_MT/101,C3
13287,USA_2019,MSdw_MT,MSdw_MT/101,B4
13288,USA_2019,MSdw_MT,MSdw_MT/101,B3
13289,USA_2019,MSdw_MT,MSdw_MT/102,D1
13290,USA_2019,MSdw_MT,MSdw_MT/102,C1
13291,USA_2019,MSdw_MT,MSdw_MT/102,B1
13292,USA_2019,MSdw_MT,MSdw_MT/102,A1
13293,USA_2019,MSdw_MT,MSdw_MT/103,D2
13294,USA_2019,MSdw_MT,MSdw_MT/103,C2
13295,USA_2019,MSdw_MT,MSdw_MT/103,B2
13296,USA_2019,MSdw_MT,MSdw_MT/103,A2
13297,USA_2019,MSdw_MT,MSdw_MT/110,C5
13298,USA_2019,MSdw_MT,MSdw_MT/110,B5
13299,USA_2019,MSdw_MT,MSdw_MT/111,C6
13300,USA_2019,MSdw_MT,MSdw_MT/111,B6
13301,USA_2019,MSdw_MT,MSdw_MT/112,E5
13302,USA_2019,MSdw_MT,MSdw_MT/112,D5
13303,USA_2019,MSdw_MT,MSdw_MT/113,E6
13304,USA_2019,MSdw_MT,MSdw_MT/113,D6
13305,Add_2021,MSdw_MT,MSdw_MT/Ro,A0
13306,Add_2021,MSdw_MT,MSdw_MT/Ro,B0
13307,USA_2019,MSmm_ID,MSmm_ID/101,D4
13308,USA_2019,MSmm_ID,MSmm_ID/101,D3
13309,USA_2019,MSmm_ID,MSmm_ID/101,C4
13310,USA_2019,MSmm_ID,MSmm_ID/101,C3
13311,USA_2019,MSmm_ID,MSmm_ID/101,B4
13312,USA_2019,MSmm_ID,MSmm_ID/101,B3
13313,USA_2019,MSmm_ID,MSmm_ID/102,D1
13314,USA_2019,MSmm_ID,MSmm_ID/102,C1
13315,USA_2019,MSmm_ID,MSmm_ID/102,B1
13316,USA_2019,MSmm_ID,MSmm_ID/102,A1
13317,USA_2019,MSmm_ID,MSmm_ID/103,D2
13318,USA_2019,MSmm_ID,MSmm_ID/103,C2
13319,USA_2019,MSmm_ID,MSmm_ID/103,B2
13320,USA_2019,MSmm_ID,MSmm_ID/103,A2
13321,USA_2019,MSmm_ID,MSmm_ID/110,C5
13322,USA_2019,MSmm_ID,MSmm_ID/110,B5
13323,USA_2019,MSmm_ID,MSmm_ID/111,C6
13324,USA_2019,MSmm_ID,MSmm_ID/111,B6
13325,USA_2019,MSmm_ID,MSmm_ID/112,E5
13326,USA_2019,MSmm_ID,MSmm_ID/112,D5
13327,USA_2019,MSmm_ID,MSmm_ID/113,E6
13328,USA_2019,MSmm_ID,MSmm_ID/113,D6
13329,Add_2021,MSmm_ID,MSmm_ID/Ro,A0
13330,Add_2021,MSmm_ID,MSmm_ID/Ro,B0
13331,USA_2019,MSSDun_NV,MSSDun_NV/110,E5
13332,USA_2019,MSSDun_NV,MSSDun_NV/110,D5
13333,USA_2019,MSSDun_NV,MSSDun_NV/110,C5
13334,USA_2019,MSSDun_NV,MSSDun_NV/110,B5
13335,USA_2019,MSSDun_NV,MSSDun_NV/111,E6
13336,USA_2019,MSSDun_NV,MSSDun_NV/111,D6
13337,USA_2019,MSSDun_NV,MSSDun_NV/111,C6
13338,USA_2019,MSSDun_NV,MSSDun_NV/111,B6
13339,USA_2019,MSSDun_NV,MSSDun_NV/Gg,D4
13340,USA_2019,MSSDun_NV,MSSDun_NV/Gg,D3
13341,USA_2019,MSSDun_NV,MSSDun_NV/Gg,D2
13342,USA_2019,MSSDun_NV,MSSDun_NV/Gg,D1
13343,USA_2019,MSSDun_NV,MSSDun_NV/Gg,C4
13344,USA_2019,MSSDun_NV,MSSDun_NV/Gg,C3
13345,USA_2019,MSSDun_NV,MSSDun_NV/Gg,C2
13346,USA_2019,MSSDun_NV,MSSDun_NV/Gg,C1
13347,USA_2019,MSSDun_NV,MSSDun_NV/Gg,B4
13348,USA_2019,MSSDun_NV,MSSDun_NV/Gg,B3
13349,USA_2019,MSSDun_NV,MSSDun_NV/Gg,B2
13350,USA_2019,MSSDun_NV,MSSDun_NV/Gg,B1
13351,USA_2019,MSSDun_NV,MSSDun_NV/Gg,A2
13352,USA_2019,MSSDun_NV,MSSDun_NV/Gg,A1
13353,Add_2021,MSSDun_NV,MSSDun_NV/Ro,A0
13354,Add_2021,MSSDun_NV,MSSDun_NV/Ro,B0
13355,USA_2019,MSxh_OR,MSxh_OR/101,D4
13356,USA_2019,MSxh_OR,MSxh_OR/101,D3
13357,USA_2019,MSxh_OR,MSxh_OR/101,C4
13358,USA_2019,MSxh_OR,MSxh_OR/101,C3
13359,USA_2019,MSxh_OR,MSxh_OR/101,B4
13360,USA_2019,MSxh_OR,MSxh_OR/101,B3
13361,USA_2019,MSxh_OR,MSxh_OR/102,D1
13362,USA_2019,MSxh_OR,MSxh_OR/102,C1
13363,USA_2019,MSxh_OR,MSxh_OR/102,B1
13364,USA_2019,MSxh_OR,MSxh_OR/102,A1
13365,USA_2019,MSxh_OR,MSxh_OR/103,D2
13366,USA_2019,MSxh_OR,MSxh_OR/103,C2
13367,USA_2019,MSxh_OR,MSxh_OR/103,B2
13368,USA_2019,MSxh_OR,MSxh_OR/103,A2
13369,USA_2019,MSxh_OR,MSxh_OR/110,C5
13370,USA_2019,MSxh_OR,MSxh_OR/110,B5
13371,USA_2019,MSxh_OR,MSxh_OR/111,C6
13372,USA_2019,MSxh_OR,MSxh_OR/111,B6
13373,USA_2019,MSxh_OR,MSxh_OR/112,E5
13374,USA_2019,MSxh_OR,MSxh_OR/112,D5
13375,USA_2019,MSxh_OR,MSxh_OR/113,E6
13376,USA_2019,MSxh_OR,MSxh_OR/113,D6
13377,Add_2021,MSxh_OR,MSxh_OR/Ro,A0
13378,Add_2021,MSxh_OR,MSxh_OR/Ro,B0
13379,USA_2019,MSxk_WA,MSxk_WA/101,D4
13380,USA_2019,MSxk_WA,MSxk_WA/101,D3
13381,USA_2019,MSxk_WA,MSxk_WA/101,C4
13382,USA_2019,MSxk_WA,MSxk_WA/101,C3
13383,USA_2019,MSxk_WA,MSxk_WA/101,B4
13384,USA_2019,MSxk_WA,MSxk_WA/101,B3
13385,USA_2019,MSxk_WA,MSxk_WA/102,D1
13386,USA_2019,MSxk_WA,MSxk_WA/102,C1
13387,USA_2019,MSxk_WA,MSxk_WA/102,B1
13388,USA_2019,MSxk_WA,MSxk_WA/102,A1
13389,USA_2019,MSxk_WA,MSxk_WA/103,D2
13390,USA_2019,MSxk_WA,MSxk_WA/103,C2
13391,USA_2019,MSxk_WA,MSxk_WA/103,B2
13392,USA_2019,MSxk_WA,MSxk_WA/103,A2
13393,USA_2019,MSxk_WA,MSxk_WA/110,C5
13394,USA_2019,MSxk_WA,MSxk_WA/110,B5
13395,USA_2019,MSxk_WA,MSxk_WA/111,C6
13396,USA_2019,MSxk_WA,MSxk_WA/111,B6
13397,USA_2019,MSxk_WA,MSxk_WA/112,E5
13398,USA_2019,MSxk_WA,MSxk_WA/112,D5
13399,USA_2019,MSxk_WA,MSxk_WA/113,E6
13400,USA_2019,MSxk_WA,MSxk_WA/113,D6
13401,Add_2021,MSxk_WA,MSxk_WA/Ro,A0
13402,Add_2021,MSxk_WA,MSxk_WA/Ro,B0
13403,BECv12,MSxk1,MSxk1/101,D4
13404,BECv12,MSxk1,MSxk1/101,D3
13405,BECv12,MSxk1,MSxk1/101,C4
13406,BECv12,MSxk1,MSxk1/101,C3
13407,BECv12,MSxk1,MSxk1/101,C2
13408,BECv12,MSxk1,MSxk1/101,B4
13409,BECv12,MSxk1,MSxk1/101,B3
13410,BECv12,MSxk1,MSxk1/101,B2
13411,BECv12,MSxk1,MSxk1/101a,D4
13412,BECv12,MSxk1,MSxk1/101a,D3
13413,BECv12,MSxk1,MSxk1/101a,C4
13414,BECv12,MSxk1,MSxk1/101a,C3
13415,BECv12,MSxk1,MSxk1/101a,B4
13416,BECv12,MSxk1,MSxk1/101a,B3
13417,BECv12,MSxk1,MSxk1/101b,C3
13418,BECv12,MSxk1,MSxk1/101b,C2
13419,BECv12,MSxk1,MSxk1/101b,B3
13420,BECv12,MSxk1,MSxk1/101b,B2
13421,BECv12,MSxk1,MSxk1/102,B1
13422,BECv12,MSxk1,MSxk1/102,B0
13423,BECv12,MSxk1,MSxk1/102,A1
13424,BECv12,MSxk1,MSxk1/102,A0
13425,BECv12,MSxk1,MSxk1/103,B2
13426,BECv12,MSxk1,MSxk1/103,B1
13427,BECv12,MSxk1,MSxk1/103,A2
13428,BECv12,MSxk1,MSxk1/103,A1
13429,BECv12,MSxk1,MSxk1/104,D4
13430,BECv12,MSxk1,MSxk1/104,D3
13431,BECv12,MSxk1,MSxk1/104,C4
13432,BECv12,MSxk1,MSxk1/104,C3
13433,BECv12,MSxk1,MSxk1/104,C2
13434,BECv12,MSxk1,MSxk1/104,B4
13435,BECv12,MSxk1,MSxk1/104,B3
13436,BECv12,MSxk1,MSxk1/104,B2
13437,BECv12,MSxk1,MSxk1/105,B4
13438,BECv12,MSxk1,MSxk1/105,B3
13439,BECv12,MSxk1,MSxk1/105,A4
13440,BECv12,MSxk1,MSxk1/105,A3
13441,BECv12,MSxk1,MSxk1/110,C6
13442,BECv12,MSxk1,MSxk1/110,C5
13443,BECv12,MSxk1,MSxk1/110,B6
13444,BECv12,MSxk1,MSxk1/110,B5
13445,BECv12,MSxk1,MSxk1/110,A6
13446,BECv12,MSxk1,MSxk1/110,A5
13447,BECv12,MSxk1,MSxk1/111,E6
13448,BECv12,MSxk1,MSxk1/111,E5
13449,BECv12,MSxk1,MSxk1/111,D6
13450,BECv12,MSxk1,MSxk1/111,D5
13451,BECv12,MSxk1,MSxk1/111,C6
13452,BECv12,MSxk1,MSxk1/111,C5
13453,BECv12,MSxk1,MSxk1/112,E7
13454,BECv12,MSxk1,MSxk1/112,E6
13455,BECv12,MSxk1,MSxk1/112,D7
13456,BECv12,MSxk1,MSxk1/112,D6
13457,BECv12,MSxk1,MSxk1/112,C7
13458,BECv12,MSxk1,MSxk1/112,C6
13459,BECv12,MSxk1,MSxk1/112,B7
13460,BECv12,MSxk1,MSxk1/112,B6
13461,BECv12,MSxk1,MSxk1/113,E7
13462,BECv12,MSxk1,MSxk1/113,D7
13463,BECv12,MSxk1,MSxk1/113,C7
13464,BECv12,MSxk1,MSxk1/113,B7
13465,BECv10,MSxk1,MSxk1/Gg,D3
13466,BECv10,MSxk1,MSxk1/Gg,D2
13467,BECv10,MSxk1,MSxk1/Gg,C3
13468,BECv10,MSxk1,MSxk1/Gg,C2
13469,BECv10,MSxk1,MSxk1/Gg,C1
13470,BECv10,MSxk1,MSxk1/Gg,B2
13471,BECv10,MSxk1,MSxk1/Gg,B1
13472,BECv10,MSxk1,MSxk1/Gs,D3
13473,BECv10,MSxk1,MSxk1/Gs,D2
13474,BECv10,MSxk1,MSxk1/Gs,C3
13475,BECv10,MSxk1,MSxk1/Gs,C2
13476,BECv10,MSxk1,MSxk1/Gs,C1
13477,BECv10,MSxk1,MSxk1/Gs,B2
13478,BECv10,MSxk1,MSxk1/Gs,B1
13479,BECv12,MSxk1,MSxk1/Rt07,B0
13480,BECv12,MSxk1,MSxk1/Rt07,A0
13481,BECv12,MSxk2,MSxk2/101,D4
13482,BECv12,MSxk2,MSxk2/101,D3
13483,BECv12,MSxk2,MSxk2/101,C4
13484,BECv12,MSxk2,MSxk2/101,C3
13485,BECv12,MSxk2,MSxk2/101,B4
13486,BECv12,MSxk2,MSxk2/101,B3
13487,BECv12,MSxk2,MSxk2/102,C1
13488,BECv12,MSxk2,MSxk2/102,C0
13489,BECv12,MSxk2,MSxk2/102,B1
13490,BECv12,MSxk2,MSxk2/102,B0
13491,BECv12,MSxk2,MSxk2/103,B2
13492,BECv12,MSxk2,MSxk2/103,B1
13493,BECv12,MSxk2,MSxk2/103,A2
13494,BECv12,MSxk2,MSxk2/103,A1
13495,BECv12,MSxk2,MSxk2/104,C2
13496,BECv12,MSxk2,MSxk2/104,B2
13497,BECv12,MSxk2,MSxk2/105,C3
13498,BECv12,MSxk2,MSxk2/105,C2
13499,BECv12,MSxk2,MSxk2/105,B3
13500,BECv12,MSxk2,MSxk2/105,B2
13501,BECv12,MSxk2,MSxk2/106,B4
13502,BECv12,MSxk2,MSxk2/106,B3
13503,BECv12,MSxk2,MSxk2/106,A4
13504,BECv12,MSxk2,MSxk2/106,A3
13505,BECv12,MSxk2,MSxk2/110,C5
13506,BECv12,MSxk2,MSxk2/110,B6
13507,BECv12,MSxk2,MSxk2/110,B5
13508,BECv12,MSxk2,MSxk2/110,A6
13509,BECv12,MSxk2,MSxk2/110,A5
13510,BECv12,MSxk2,MSxk2/111,E5
13511,BECv12,MSxk2,MSxk2/111,D5
13512,BECv12,MSxk2,MSxk2/111,C5
13513,BECv12,MSxk2,MSxk2/112,E7
13514,BECv12,MSxk2,MSxk2/112,E6
13515,BECv12,MSxk2,MSxk2/112,D7
13516,BECv12,MSxk2,MSxk2/112,D6
13517,BECv12,MSxk2,MSxk2/112,C7
13518,BECv12,MSxk2,MSxk2/112,C6
13519,BECv10,MSxk2,MSxk2/Gg,D3
13520,BECv10,MSxk2,MSxk2/Gg,D2
13521,BECv10,MSxk2,MSxk2/Gg,D1
13522,BECv10,MSxk2,MSxk2/Gg,C3
13523,BECv10,MSxk2,MSxk2/Gg,C2
13524,BECv10,MSxk2,MSxk2/Gg,C1
13525,BECv12,MSxk2,MSxk2/Rt07,C0
13526,BECv12,MSxk2,MSxk2/Rt07,B0
13527,BECv12,MSxk2,MSxk2/Rt07,A0
13528,BECv12,MSxk2,MSxk2/Rt08,C0
13529,BECv12,MSxk2,MSxk2/Rt08,B0
13530,BECv12,MSxk2,MSxk2/Rt08,A0
13531,BECv10,MSxk3,MSxk3/01,D4
13532,BECv10,MSxk3,MSxk3/01,D3
13533,BECv10,MSxk3,MSxk3/01,C4
13534,BECv10,MSxk3,MSxk3/01,C3
13535,BECv10,MSxk3,MSxk3/01,B4
13536,BECv10,MSxk3,MSxk3/01,B3
13537,BECv10,MSxk3,MSxk3/01,A4
13538,BECv10,MSxk3,MSxk3/01,A3
13539,BECv10,MSxk3,MSxk3/02,C3
13540,BECv10,MSxk3,MSxk3/02,C2
13541,BECv10,MSxk3,MSxk3/02,C1
13542,BECv10,MSxk3,MSxk3/02,C0
13543,BECv10,MSxk3,MSxk3/02,B3
13544,BECv10,MSxk3,MSxk3/02,B2
13545,BECv10,MSxk3,MSxk3/02,B1
13546,BECv10,MSxk3,MSxk3/02,B0
13547,BECv10,MSxk3,MSxk3/02,A3
13548,BECv10,MSxk3,MSxk3/02,A2
13549,BECv10,MSxk3,MSxk3/02,A1
13550,BECv10,MSxk3,MSxk3/02,A0
13551,BECv10,MSxk3,MSxk3/03,E2
13552,BECv10,MSxk3,MSxk3/03,E1
13553,BECv10,MSxk3,MSxk3/03,E0
13554,BECv10,MSxk3,MSxk3/03,D2
13555,BECv10,MSxk3,MSxk3/03,D1
13556,BECv10,MSxk3,MSxk3/03,D0
13557,BECv10,MSxk3,MSxk3/03,C2
13558,BECv10,MSxk3,MSxk3/03,C1
13559,BECv10,MSxk3,MSxk3/03,C0
13560,BECv10,MSxk3,MSxk3/04,E3
13561,BECv10,MSxk3,MSxk3/04,E2
13562,BECv10,MSxk3,MSxk3/04,D3
13563,BECv10,MSxk3,MSxk3/04,D2
13564,BECv10,MSxk3,MSxk3/04,C3
13565,BECv10,MSxk3,MSxk3/04,C2
13566,BECv10,MSxk3,MSxk3/05,D4
13567,BECv10,MSxk3,MSxk3/05,D3
13568,BECv10,MSxk3,MSxk3/05,C4
13569,BECv10,MSxk3,MSxk3/05,C3
13570,BECv10,MSxk3,MSxk3/05,C2
13571,BECv10,MSxk3,MSxk3/05,B4
13572,BECv10,MSxk3,MSxk3/05,B3
13573,BECv10,MSxk3,MSxk3/05,B2
13574,BECv10,MSxk3,MSxk3/05,A4
13575,BECv10,MSxk3,MSxk3/05,A3
13576,BECv10,MSxk3,MSxk3/05,A2
13577,BECv10,MSxk3,MSxk3/06,D4
13578,BECv10,MSxk3,MSxk3/06,D3
13579,BECv10,MSxk3,MSxk3/06,C4
13580,BECv10,MSxk3,MSxk3/06,C3
13581,BECv10,MSxk3,MSxk3/06,B4
13582,BECv10,MSxk3,MSxk3/06,B3
13583,BECv10,MSxk3,MSxk3/06,A4
13584,BECv10,MSxk3,MSxk3/06,A3
13585,BECv10,MSxk3,MSxk3/08,E5
13586,BECv10,MSxk3,MSxk3/08,E4
13587,BECv10,MSxk3,MSxk3/08,D6
13588,BECv10,MSxk3,MSxk3/08,D5
13589,BECv10,MSxk3,MSxk3/08,D4
13590,BECv10,MSxk3,MSxk3/08,C6
13591,BECv10,MSxk3,MSxk3/08,C5
13592,BECv10,MSxk3,MSxk3/08,C4
13593,BECv10,MSxk3,MSxk3/08,B6
13594,BECv10,MSxk3,MSxk3/08,B5
13595,BECv10,MSxk3,MSxk3/08,B4
13596,BECv10,MSxk3,MSxk3/09,E6
13597,BECv10,MSxk3,MSxk3/09,E5
13598,BECv10,MSxk3,MSxk3/09,D6
13599,BECv10,MSxk3,MSxk3/09,D5
13600,BECv10,MSxk3,MSxk3/09,C6
13601,BECv10,MSxk3,MSxk3/09,B6
13602,USA_2019,MSxm_CO,MSxm_CO/101,D4
13603,USA_2019,MSxm_CO,MSxm_CO/101,D3
13604,USA_2019,MSxm_CO,MSxm_CO/101,C4
13605,USA_2019,MSxm_CO,MSxm_CO/101,C3
13606,USA_2019,MSxm_CO,MSxm_CO/101,B4
13607,USA_2019,MSxm_CO,MSxm_CO/101,B3
13608,USA_2019,MSxm_CO,MSxm_CO/102,D1
13609,USA_2019,MSxm_CO,MSxm_CO/102,C1
13610,USA_2019,MSxm_CO,MSxm_CO/102,B1
13611,USA_2019,MSxm_CO,MSxm_CO/102,A1
13612,USA_2019,MSxm_CO,MSxm_CO/103,D2
13613,USA_2019,MSxm_CO,MSxm_CO/103,C2
13614,USA_2019,MSxm_CO,MSxm_CO/103,B2
13615,USA_2019,MSxm_CO,MSxm_CO/103,A2
13616,USA_2019,MSxm_CO,MSxm_CO/110,C5
13617,USA_2019,MSxm_CO,MSxm_CO/110,B5
13618,USA_2019,MSxm_CO,MSxm_CO/111,C6
13619,USA_2019,MSxm_CO,MSxm_CO/111,B6
13620,USA_2019,MSxm_CO,MSxm_CO/112,E5
13621,USA_2019,MSxm_CO,MSxm_CO/112,D5
13622,USA_2019,MSxm_CO,MSxm_CO/113,E6
13623,USA_2019,MSxm_CO,MSxm_CO/113,D6
13624,Add_2021,MSxm_CO,MSxm_CO/Ro,A0
13625,Add_2021,MSxm_CO,MSxm_CO/Ro,B0
13626,BECv10,MSxv,MSxv/01,D4
13627,BECv10,MSxv,MSxv/01,D3
13628,BECv10,MSxv,MSxv/01,C4
13629,BECv10,MSxv,MSxv/01,C3
13630,BECv10,MSxv,MSxv/01,B4
13631,BECv10,MSxv,MSxv/02,B2
13632,BECv10,MSxv,MSxv/02,B1
13633,BECv10,MSxv,MSxv/02,A2
13634,BECv10,MSxv,MSxv/02,A1
13635,BECv10,MSxv,MSxv/03,D2
13636,BECv10,MSxv,MSxv/03,D1
13637,BECv10,MSxv,MSxv/03,C2
13638,BECv10,MSxv,MSxv/03,C1
13639,BECv10,MSxv,MSxv/03,B1
13640,BECv10,MSxv,MSxv/03a,D2
13641,BECv10,MSxv,MSxv/03a,D1
13642,BECv10,MSxv,MSxv/03a,C2
13643,BECv10,MSxv,MSxv/03a,C1
13644,BECv10,MSxv,MSxv/03a,B1
13645,BECv10,MSxv,MSxv/03b,C1
13646,BECv10,MSxv,MSxv/03b,B1
13647,BECv10,MSxv,MSxv/04,D3
13648,BECv10,MSxv,MSxv/04,C3
13649,BECv10,MSxv,MSxv/04,B3
13650,BECv10,MSxv,MSxv/05,D4
13651,BECv10,MSxv,MSxv/05,C4
13652,BECv10,MSxv,MSxv/05,B4
13653,BECv10,MSxv,MSxv/06,E5
13654,BECv10,MSxv,MSxv/06,D5
13655,BECv10,MSxv,MSxv/06,C5
13656,BECv10,MSxv,MSxv/07,B6
13657,BECv10,MSxv,MSxv/07,B5
13658,BECv10,MSxv,MSxv/08,E7
13659,BECv10,MSxv,MSxv/08,E6
13660,BECv10,MSxv,MSxv/08,D7
13661,BECv10,MSxv,MSxv/08,D6
13662,BECv10,MSxv,MSxv/08,C7
13663,BECv10,MSxv,MSxv/08,C6
13664,BECv10,MSxv,MSxv/08,B7
13665,BECv10,MSxv,MSxv/08,B6
13666,BECv10,MSxv,MSxv/09,B7
13667,BECv10,MSxv,MSxv/09,B6
13668,BECv10,MSxv,MSxv/09,A7
13669,BECv10,MSxv,MSxv/09,A6
13670,Add_2021,MSxv,MSxv/Ro,A0
13671,Add_2021,MSxv,MSxv/Ro,B0
13672,USA_2019,MSxx_NV,MSxx_NV/101,D4
13673,USA_2019,MSxx_NV,MSxx_NV/101,D3
13674,USA_2019,MSxx_NV,MSxx_NV/101,C4
13675,USA_2019,MSxx_NV,MSxx_NV/101,C3
13676,USA_2019,MSxx_NV,MSxx_NV/101,B4
13677,USA_2019,MSxx_NV,MSxx_NV/101,B3
13678,USA_2019,MSxx_NV,MSxx_NV/102,D1
13679,USA_2019,MSxx_NV,MSxx_NV/102,C1
13680,USA_2019,MSxx_NV,MSxx_NV/102,B1
13681,USA_2019,MSxx_NV,MSxx_NV/102,A1
13682,USA_2019,MSxx_NV,MSxx_NV/103,D2
13683,USA_2019,MSxx_NV,MSxx_NV/103,C2
13684,USA_2019,MSxx_NV,MSxx_NV/103,B2
13685,USA_2019,MSxx_NV,MSxx_NV/103,A2
13686,USA_2019,MSxx_NV,MSxx_NV/110,C5
13687,USA_2019,MSxx_NV,MSxx_NV/110,B5
13688,USA_2019,MSxx_NV,MSxx_NV/110,E5
13689,USA_2019,MSxx_NV,MSxx_NV/110,D5
13690,USA_2019,MSxx_NV,MSxx_NV/111,C6
13691,USA_2019,MSxx_NV,MSxx_NV/111,B6
13692,USA_2019,MSxx_NV,MSxx_NV/111,E6
13693,USA_2019,MSxx_NV,MSxx_NV/111,D6
13694,Add_2021,MSxx_NV,MSxx_NV/Ro,A0
13695,Add_2021,MSxx_NV,MSxx_NV/Ro,B0
13696,USA_2019,PPmx_WY,PPmx_WY/101,D4
13697,USA_2019,PPmx_WY,PPmx_WY/101,D3
13698,USA_2019,PPmx_WY,PPmx_WY/101,C4
13699,USA_2019,PPmx_WY,PPmx_WY/101,C3
13700,USA_2019,PPmx_WY,PPmx_WY/101,B4
13701,USA_2019,PPmx_WY,PPmx_WY/101,B3
13702,USA_2019,PPmx_WY,PPmx_WY/102,D2
13703,USA_2019,PPmx_WY,PPmx_WY/102,C2
13704,USA_2019,PPmx_WY,PPmx_WY/102,B2
13705,USA_2019,PPmx_WY,PPmx_WY/102,A2
13706,USA_2019,PPmx_WY,PPmx_WY/110,C5
13707,USA_2019,PPmx_WY,PPmx_WY/110,B5
13708,USA_2019,PPmx_WY,PPmx_WY/111,C6
13709,USA_2019,PPmx_WY,PPmx_WY/111,B6
13710,USA_2019,PPmx_WY,PPmx_WY/112,E5
13711,USA_2019,PPmx_WY,PPmx_WY/112,D5
13712,USA_2019,PPmx_WY,PPmx_WY/113,E6
13713,USA_2019,PPmx_WY,PPmx_WY/113,D6
13714,USA_2019,PPmx_WY,PPmx_WY/Gg,D1
13715,USA_2019,PPmx_WY,PPmx_WY/Gg,C1
13716,USA_2019,PPmx_WY,PPmx_WY/Gg,B1
13717,USA_2019,PPmx_WY,PPmx_WY/Gg,A1
13718,Add_2021,PPmx_WY,PPmx_WY/Ro,A0
13719,Add_2021,PPmx_WY,PPmx_WY/Ro,B0
13720,USA_2019,PPxh_CO,PPxh_CO/101,D4
13721,USA_2019,PPxh_CO,PPxh_CO/101,D3
13722,USA_2019,PPxh_CO,PPxh_CO/101,C4
13723,USA_2019,PPxh_CO,PPxh_CO/101,C3
13724,USA_2019,PPxh_CO,PPxh_CO/101,B4
13725,USA_2019,PPxh_CO,PPxh_CO/101,B3
13726,USA_2019,PPxh_CO,PPxh_CO/102,D2
13727,USA_2019,PPxh_CO,PPxh_CO/102,C2
13728,USA_2019,PPxh_CO,PPxh_CO/102,B2
13729,USA_2019,PPxh_CO,PPxh_CO/102,A2
13730,USA_2019,PPxh_CO,PPxh_CO/110,C5
13731,USA_2019,PPxh_CO,PPxh_CO/110,B5
13732,USA_2019,PPxh_CO,PPxh_CO/111,C6
13733,USA_2019,PPxh_CO,PPxh_CO/111,B6
13734,USA_2019,PPxh_CO,PPxh_CO/112,E5
13735,USA_2019,PPxh_CO,PPxh_CO/112,D5
13736,USA_2019,PPxh_CO,PPxh_CO/113,E6
13737,USA_2019,PPxh_CO,PPxh_CO/113,D6
13738,USA_2019,PPxh_CO,PPxh_CO/Gg,D1
13739,USA_2019,PPxh_CO,PPxh_CO/Gg,C1
13740,USA_2019,PPxh_CO,PPxh_CO/Gg,B1
13741,USA_2019,PPxh_CO,PPxh_CO/Gg,A1
13742,Add_2021,PPxh_CO,PPxh_CO/Ro,A0
13743,Add_2021,PPxh_CO,PPxh_CO/Ro,B0
13744,USA_2019,PPxh_WA,PPxh_WA/101,D4
13745,USA_2019,PPxh_WA,PPxh_WA/101,D3
13746,USA_2019,PPxh_WA,PPxh_WA/101,C4
13747,USA_2019,PPxh_WA,PPxh_WA/101,C3
13748,USA_2019,PPxh_WA,PPxh_WA/101,B4
13749,USA_2019,PPxh_WA,PPxh_WA/101,B3
13750,USA_2019,PPxh_WA,PPxh_WA/102,D2
13751,USA_2019,PPxh_WA,PPxh_WA/102,C2
13752,USA_2019,PPxh_WA,PPxh_WA/102,B2
13753,USA_2019,PPxh_WA,PPxh_WA/102,A2
13754,USA_2019,PPxh_WA,PPxh_WA/110,E5
13755,USA_2019,PPxh_WA,PPxh_WA/110,D5
13756,USA_2019,PPxh_WA,PPxh_WA/110,C5
13757,USA_2019,PPxh_WA,PPxh_WA/110,B5
13758,USA_2019,PPxh_WA,PPxh_WA/111,C6
13759,USA_2019,PPxh_WA,PPxh_WA/111,B6
13760,USA_2019,PPxh_WA,PPxh_WA/113,E6
13761,USA_2019,PPxh_WA,PPxh_WA/113,D6
13762,USA_2019,PPxh_WA,PPxh_WA/Gg,D1
13763,USA_2019,PPxh_WA,PPxh_WA/Gg,C1
13764,USA_2019,PPxh_WA,PPxh_WA/Gg,B1
13765,USA_2019,PPxh_WA,PPxh_WA/Gg,A1
13766,Add_2021,PPxh_WA,PPxh_WA/Ro,A0
13767,Add_2021,PPxh_WA,PPxh_WA/Ro,B0
13768,BECv12,PPxh1,PPxh1/101,D4
13769,BECv12,PPxh1,PPxh1/101,D3
13770,BECv12,PPxh1,PPxh1/101,C4
13771,BECv12,PPxh1,PPxh1/101,C3
13772,BECv12,PPxh1,PPxh1/101,B4
13773,BECv12,PPxh1,PPxh1/102,B1
13774,BECv12,PPxh1,PPxh1/102,B0
13775,BECv12,PPxh1,PPxh1/102,A2
13776,BECv12,PPxh1,PPxh1/102,A1
13777,BECv12,PPxh1,PPxh1/102,A0
13778,BECv12,PPxh1,PPxh1/103,B2
13779,BECv12,PPxh1,PPxh1/103,B1
13780,BECv12,PPxh1,PPxh1/104,C3
13781,BECv12,PPxh1,PPxh1/104,C2
13782,BECv12,PPxh1,PPxh1/104,B3
13783,BECv12,PPxh1,PPxh1/104,B2
13784,BECv12,PPxh1,PPxh1/110,D4
13785,BECv12,PPxh1,PPxh1/110,D3
13786,BECv12,PPxh1,PPxh1/110,C4
13787,BECv12,PPxh1,PPxh1/110,C3
13788,BECv12,PPxh1,PPxh1/111,D5
13789,BECv12,PPxh1,PPxh1/111,D4
13790,BECv12,PPxh1,PPxh1/111,C5
13791,BECv12,PPxh1,PPxh1/111,C4
13792,BECv12,PPxh1,PPxh1/Fm01,E6
13793,BECv12,PPxh1,PPxh1/Fm01,E5
13794,BECv12,PPxh1,PPxh1/Fm01,D6
13795,BECv12,PPxh1,PPxh1/Fm05,E6
13796,BECv12,PPxh1,PPxh1/Fm05,E5
13797,BECv12,PPxh1,PPxh1/Fm05,D6
13798,BECv12,PPxh1,PPxh1/Fm06,E6
13799,BECv12,PPxh1,PPxh1/Fm06,E5
13800,BECv12,PPxh1,PPxh1/Fm06,D6
13801,BECv10,PPxh1,PPxh1/Gg,E4
13802,BECv10,PPxh1,PPxh1/Gg,E3
13803,BECv10,PPxh1,PPxh1/Gg,D4
13804,BECv10,PPxh1,PPxh1/Gg,D3
13805,BECv10,PPxh1,PPxh1/Gg,D2
13806,BECv10,PPxh1,PPxh1/Gg,C4
13807,BECv10,PPxh1,PPxh1/Gg,C3
13808,BECv10,PPxh1,PPxh1/Gg,C2
13809,BECv10,PPxh1,PPxh1/Gg,B3
13810,BECv10,PPxh1,PPxh1/Gg,B2
13811,BECv10,PPxh1,PPxh1/Gs,B3
13812,BECv10,PPxh1,PPxh1/Gs,B2
13813,BECv10,PPxh1,PPxh1/Gs,B1
13814,BECv10,PPxh1,PPxh1/Gs,A3
13815,BECv10,PPxh1,PPxh1/Gs,A2
13816,BECv10,PPxh1,PPxh1/Gs,A1
13817,BECv12,PPxh1,PPxh1/Ro,A0
13818,BECv12,PPxh1,PPxh1/Ro,B0
13819,BECv12,PPxh2,PPxh2/101,D4
13820,BECv12,PPxh2,PPxh2/101,D3
13821,BECv12,PPxh2,PPxh2/101,C4
13822,BECv12,PPxh2,PPxh2/101,C3
13823,BECv12,PPxh2,PPxh2/101,B4
13824,BECv12,PPxh2,PPxh2/101,B3
13825,BECv12,PPxh2,PPxh2/102,B1
13826,BECv12,PPxh2,PPxh2/102,B0
13827,BECv12,PPxh2,PPxh2/102,A1
13828,BECv12,PPxh2,PPxh2/102,A0
13829,BECv12,PPxh2,PPxh2/103,C3
13830,BECv12,PPxh2,PPxh2/103,C2
13831,BECv12,PPxh2,PPxh2/103,B3
13832,BECv12,PPxh2,PPxh2/103,B2
13833,BECv12,PPxh2,PPxh2/110,D4
13834,BECv12,PPxh2,PPxh2/110,C5
13835,BECv12,PPxh2,PPxh2/110,C4
13836,BECv12,PPxh2,PPxh2/110.1,D4
13837,BECv12,PPxh2,PPxh2/110.1,C5
13838,BECv12,PPxh2,PPxh2/110.1,C4
13839,BECv12,PPxh2,PPxh2/110.2,D4
13840,BECv12,PPxh2,PPxh2/110.2,C5
13841,BECv12,PPxh2,PPxh2/110.2,C4
13842,BECv12,PPxh2,PPxh2/111,E5
13843,BECv12,PPxh2,PPxh2/111,D5
13844,BECv12,PPxh2,PPxh2/111,C5
13845,BECv12,PPxh2,PPxh2/Fm01,E6
13846,BECv12,PPxh2,PPxh2/Fm01,E5
13847,BECv12,PPxh2,PPxh2/Fm01,D6
13848,BECv12,PPxh2,PPxh2/Fm05,D6
13849,BECv12,PPxh2,PPxh2/Fm05,E6
13850,BECv12,PPxh2,PPxh2/Fm05,E5
13851,BECv10,PPxh2,PPxh2/Gg,E4
13852,BECv10,PPxh2,PPxh2/Gg,E3
13853,BECv10,PPxh2,PPxh2/Gg,D4
13854,BECv10,PPxh2,PPxh2/Gg,D3
13855,BECv10,PPxh2,PPxh2/Gg,D2
13856,BECv10,PPxh2,PPxh2/Gg,D1
13857,BECv10,PPxh2,PPxh2/Gg,C4
13858,BECv10,PPxh2,PPxh2/Gg,C3
13859,BECv10,PPxh2,PPxh2/Gg,C2
13860,BECv10,PPxh2,PPxh2/Gg,C1
13861,BECv10,PPxh2,PPxh2/Gg,B3
13862,BECv10,PPxh2,PPxh2/Gg,B2
13863,BECv10,PPxh2,PPxh2/Gg,B1
13864,USA_2019,PPxk_OR,PPxk_OR/101,D4
13865,USA_2019,PPxk_OR,PPxk_OR/101,D3
13866,USA_2019,PPxk_OR,PPxk_OR/101,C4
13867,USA_2019,PPxk_OR,PPxk_OR/101,C3
13868,USA_2019,PPxk_OR,PPxk_OR/101,B4
13869,USA_2019,PPxk_OR,PPxk_OR/101,B3
13870,USA_2019,PPxk_OR,PPxk_OR/102,D2
13871,USA_2019,PPxk_OR,PPxk_OR/102,C2
13872,USA_2019,PPxk_OR,PPxk_OR/102,B2
13873,USA_2019,PPxk_OR,PPxk_OR/102,A2
13874,USA_2019,PPxk_OR,PPxk_OR/110,E5
13875,USA_2019,PPxk_OR,PPxk_OR/110,D5
13876,USA_2019,PPxk_OR,PPxk_OR/110,C5
13877,USA_2019,PPxk_OR,PPxk_OR/110,B5
13878,USA_2019,PPxk_OR,PPxk_OR/111,C6
13879,USA_2019,PPxk_OR,PPxk_OR/111,B6
13880,USA_2019,PPxk_OR,PPxk_OR/113,E6
13881,USA_2019,PPxk_OR,PPxk_OR/113,D6
13882,USA_2019,PPxk_OR,PPxk_OR/Gg,D1
13883,USA_2019,PPxk_OR,PPxk_OR/Gg,C1
13884,USA_2019,PPxk_OR,PPxk_OR/Gg,B1
13885,USA_2019,PPxk_OR,PPxk_OR/Gg,A1
13886,Add_2021,PPxk_OR,PPxk_OR/Ro,A0
13887,Add_2021,PPxk_OR,PPxk_OR/Ro,B0
13888,USA_2019,PPxm_OR,PPxm_OR/101,D4
13889,USA_2019,PPxm_OR,PPxm_OR/101,D3
13890,USA_2019,PPxm_OR,PPxm_OR/101,C4
13891,USA_2019,PPxm_OR,PPxm_OR/101,C3
13892,USA_2019,PPxm_OR,PPxm_OR/101,B4
13893,USA_2019,PPxm_OR,PPxm_OR/101,B3
13894,USA_2019,PPxm_OR,PPxm_OR/110,C5
13895,USA_2019,PPxm_OR,PPxm_OR/110,B5
13896,USA_2019,PPxm_OR,PPxm_OR/111,C6
13897,USA_2019,PPxm_OR,PPxm_OR/111,B6
13898,USA_2019,PPxm_OR,PPxm_OR/112,E5
13899,USA_2019,PPxm_OR,PPxm_OR/112,D5
13900,USA_2019,PPxm_OR,PPxm_OR/113,E6
13901,USA_2019,PPxm_OR,PPxm_OR/113,D6
13902,USA_2019,PPxm_OR,PPxm_OR/Gg,D2
13903,USA_2019,PPxm_OR,PPxm_OR/Gg,D1
13904,USA_2019,PPxm_OR,PPxm_OR/Gg,C2
13905,USA_2019,PPxm_OR,PPxm_OR/Gg,C1
13906,USA_2019,PPxm_OR,PPxm_OR/Gg,B2
13907,USA_2019,PPxm_OR,PPxm_OR/Gg,B1
13908,USA_2019,PPxm_OR,PPxm_OR/Gg,A2
13909,USA_2019,PPxm_OR,PPxm_OR/Gg,A1
13910,Add_2021,PPxm_OR,PPxm_OR/Ro,A0
13911,Add_2021,PPxm_OR,PPxm_OR/Ro,B0
13912,USA_2019,PPxw_MT,PPxw_MT/101,D4
13913,USA_2019,PPxw_MT,PPxw_MT/101,D3
13914,USA_2019,PPxw_MT,PPxw_MT/101,C4
13915,USA_2019,PPxw_MT,PPxw_MT/101,C3
13916,USA_2019,PPxw_MT,PPxw_MT/101,B4
13917,USA_2019,PPxw_MT,PPxw_MT/101,B3
13918,USA_2019,PPxw_MT,PPxw_MT/102,D2
13919,USA_2019,PPxw_MT,PPxw_MT/102,C2
13920,USA_2019,PPxw_MT,PPxw_MT/102,B2
13921,USA_2019,PPxw_MT,PPxw_MT/102,A2
13922,USA_2019,PPxw_MT,PPxw_MT/110,E5
13923,USA_2019,PPxw_MT,PPxw_MT/110,D5
13924,USA_2019,PPxw_MT,PPxw_MT/110,C5
13925,USA_2019,PPxw_MT,PPxw_MT/110,B5
13926,USA_2019,PPxw_MT,PPxw_MT/111,C6
13927,USA_2019,PPxw_MT,PPxw_MT/111,B6
13928,USA_2019,PPxw_MT,PPxw_MT/113,E6
13929,USA_2019,PPxw_MT,PPxw_MT/113,D6
13930,USA_2019,PPxw_MT,PPxw_MT/Gg,D1
13931,USA_2019,PPxw_MT,PPxw_MT/Gg,C1
13932,USA_2019,PPxw_MT,PPxw_MT/Gg,B1
13933,USA_2019,PPxw_MT,PPxw_MT/Gg,A1
13934,Add_2021,PPxw_MT,PPxw_MT/Ro,A0
13935,Add_2021,PPxw_MT,PPxw_MT/Ro,B0
13936,USA_2020,PPxw_WY,PPxw_WY/101,D4
13937,USA_2020,PPxw_WY,PPxw_WY/101,D3
13938,USA_2020,PPxw_WY,PPxw_WY/101,C4
13939,USA_2020,PPxw_WY,PPxw_WY/101,C3
13940,USA_2020,PPxw_WY,PPxw_WY/101,B4
13941,USA_2020,PPxw_WY,PPxw_WY/101,B3
13942,USA_2020,PPxw_WY,PPxw_WY/102,D2
13943,USA_2020,PPxw_WY,PPxw_WY/102,C2
13944,USA_2020,PPxw_WY,PPxw_WY/102,B2
13945,USA_2020,PPxw_WY,PPxw_WY/102,A2
13946,USA_2020,PPxw_WY,PPxw_WY/110,E5
13947,USA_2020,PPxw_WY,PPxw_WY/110,D5
13948,USA_2020,PPxw_WY,PPxw_WY/110,C5
13949,USA_2020,PPxw_WY,PPxw_WY/110,B5
13950,USA_2020,PPxw_WY,PPxw_WY/111,C6
13951,USA_2020,PPxw_WY,PPxw_WY/111,B6
13952,USA_2020,PPxw_WY,PPxw_WY/113,E6
13953,USA_2020,PPxw_WY,PPxw_WY/113,D6
13954,USA_2020,PPxw_WY,PPxw_WY/Gg,D1
13955,USA_2020,PPxw_WY,PPxw_WY/Gg,C1
13956,USA_2020,PPxw_WY,PPxw_WY/Gg,B1
13957,USA_2020,PPxw_WY,PPxw_WY/Gg,A1
13958,Add_2021,PPxw_WY,PPxw_WY/Ro,A0
13959,Add_2021,PPxw_WY,PPxw_WY/Ro,B0
13960,USA_2019,PPxx_OR,PPxx_OR/101,D4
13961,USA_2019,PPxx_OR,PPxx_OR/101,D3
13962,USA_2019,PPxx_OR,PPxx_OR/101,C4
13963,USA_2019,PPxx_OR,PPxx_OR/101,C3
13964,USA_2019,PPxx_OR,PPxx_OR/101,B4
13965,USA_2019,PPxx_OR,PPxx_OR/101,B3
13966,USA_2019,PPxx_OR,PPxx_OR/102,D2
13967,USA_2019,PPxx_OR,PPxx_OR/102,C2
13968,USA_2019,PPxx_OR,PPxx_OR/102,B2
13969,USA_2019,PPxx_OR,PPxx_OR/102,A2
13970,USA_2019,PPxx_OR,PPxx_OR/110,E5
13971,USA_2019,PPxx_OR,PPxx_OR/110,D5
13972,USA_2019,PPxx_OR,PPxx_OR/110,C5
13973,USA_2019,PPxx_OR,PPxx_OR/110,B5
13974,USA_2019,PPxx_OR,PPxx_OR/111,C6
13975,USA_2019,PPxx_OR,PPxx_OR/111,B6
13976,USA_2019,PPxx_OR,PPxx_OR/113,E6
13977,USA_2019,PPxx_OR,PPxx_OR/113,D6
13978,USA_2019,PPxx_OR,PPxx_OR/Gg,D1
13979,USA_2019,PPxx_OR,PPxx_OR/Gg,C1
13980,USA_2019,PPxx_OR,PPxx_OR/Gg,B1
13981,USA_2019,PPxx_OR,PPxx_OR/Gg,A1
13982,Add_2021,PPxx_OR,PPxx_OR/Ro,A0
13983,Add_2021,PPxx_OR,PPxx_OR/Ro,B0
13984,AB_2018,SASbo,SASbo/a,C2
13985,AB_2018,SASbo,SASbo/a,B3
13986,AB_2018,SASbo,SASbo/a,B2
13987,AB_2018,SASbo,SASbo/a,B1
13988,AB_2018,SASbo,SASbo/a,A2
13989,AB_2018,SASbo,SASbo/b,D5
13990,AB_2018,SASbo,SASbo/b,D4
13991,AB_2018,SASbo,SASbo/b,D3
13992,AB_2018,SASbo,SASbo/b,C5
13993,AB_2018,SASbo,SASbo/b,C4
13994,AB_2018,SASbo,SASbo/b,C3
13995,AB_2018,SASbo,SASbo/c,C5
13996,AB_2018,SASbo,SASbo/c,C4
13997,AB_2018,SASbo,SASbo/c,B5
13998,AB_2018,SASbo,SASbo/c,B4
13999,AB_2018,SASbo,SASbo/c,B3
14000,AB_2018,SASbo,SASbo/c,A4
14001,AB_2018,SASbo,SASbo/d,E6
14002,AB_2018,SASbo,SASbo/d,E5
14003,AB_2018,SASbo,SASbo/d,D6
14004,AB_2018,SASbo,SASbo/d,D5
14005,AB_2018,SASbo,SASbo/d,C6
14006,AB_2018,SASbo,SASbo/d,C5
14007,AB_2018,SASbo,SASbo/e,C6
14008,AB_2018,SASbo,SASbo/e,C5
14009,AB_2018,SASbo,SASbo/e,B7
14010,AB_2018,SASbo,SASbo/e,B6
14011,AB_2018,SASbo,SASbo/e,B5
14012,AB_2018,SASbo,SASbo/e,A6
14013,AB_2018,SASbo,SASbo/e,A5
14014,AB_2018,SASbo,SASbo/f,B7
14015,AB_2018,SASbo,SASbo/f,B6
14016,AB_2018,SASbo,SASbo/f,A7
14017,AB_2018,SASbo,SASbo/f,A6
14018,AB_2018,SASbo,SASbo/g,C7
14019,AB_2018,SASbo,SASbo/g,C6
14020,AB_2018,SASbo,SASbo/g,B7
14021,AB_2018,SASbo,SASbo/g,B6
14022,AB_2018,SASbo,SASbo/h,E7
14023,AB_2018,SASbo,SASbo/h,E6
14024,AB_2018,SASbo,SASbo/h,D7
14025,AB_2018,SASbo,SASbo/h,D6
14026,AB_2018,SASbo,SASbo/h,C7
14027,Add_2021,SASbo,SASbo/Ro,A0
14028,Add_2021,SASbo,SASbo/Ro,B0
14029,ABv12,SBAPcp,SBAPcp/a,B2
14030,ABv12,SBAPcp,SBAPcp/a,B1
14031,ABv12,SBAPcp,SBAPcp/a,A2
14032,ABv12,SBAPcp,SBAPcp/a,A1
14033,ABv12,SBAPcp,SBAPcp/b,C3
14034,ABv12,SBAPcp,SBAPcp/b,C2
14035,ABv12,SBAPcp,SBAPcp/b,B3
14036,ABv12,SBAPcp,SBAPcp/b,B2
14037,ABv12,SBAPcp,SBAPcp/c,B5
14038,ABv12,SBAPcp,SBAPcp/c,B4
14039,ABv12,SBAPcp,SBAPcp/c,B3
14040,ABv12,SBAPcp,SBAPcp/c,A4
14041,ABv12,SBAPcp,SBAPcp/c,A3
14042,ABv12,SBAPcp,SBAPcp/d,D4
14043,ABv12,SBAPcp,SBAPcp/d,C5
14044,ABv12,SBAPcp,SBAPcp/d,C4
14045,ABv12,SBAPcp,SBAPcp/d,C3
14046,ABv12,SBAPcp,SBAPcp/d,B4
14047,ABv12,SBAPcp,SBAPcp/e,D6
14048,ABv12,SBAPcp,SBAPcp/e,D5
14049,ABv12,SBAPcp,SBAPcp/e,D4
14050,ABv12,SBAPcp,SBAPcp/e,C5
14051,ABv12,SBAPcp,SBAPcp/f,E6
14052,ABv12,SBAPcp,SBAPcp/f,E5
14053,ABv12,SBAPcp,SBAPcp/f,D6
14054,ABv12,SBAPcp,SBAPcp/f,D5
14055,ABv12,SBAPcp,SBAPcp/g,C6
14056,ABv12,SBAPcp,SBAPcp/g,C5
14057,ABv12,SBAPcp,SBAPcp/g,B6
14058,ABv12,SBAPcp,SBAPcp/g,B5
14059,ABv12,SBAPcp,SBAPcp/g,A6
14060,ABv12,SBAPcp,SBAPcp/g,A5
14061,ABv12,SBAPcp,SBAPcp/h,D6
14062,ABv12,SBAPcp,SBAPcp/h,D5
14063,ABv12,SBAPcp,SBAPcp/h,C6
14064,ABv12,SBAPcp,SBAPcp/h,C5
14065,ABv12,SBAPcp,SBAPcp/i,B7
14066,ABv12,SBAPcp,SBAPcp/i,B6
14067,ABv12,SBAPcp,SBAPcp/i,A7
14068,ABv12,SBAPcp,SBAPcp/i,A6
14069,ABv12,SBAPcp,SBAPcp/j,C7
14070,ABv12,SBAPcp,SBAPcp/j,C6
14071,ABv12,SBAPcp,SBAPcp/j,B7
14072,ABv12,SBAPcp,SBAPcp/j,B6
14073,ABv12,SBAPcp,SBAPcp/k,E7
14074,ABv12,SBAPcp,SBAPcp/k,D7
14075,ABv12,SBAPcp,SBAPcp/k,D6
14076,ABv12,SBAPcp,SBAPcp/k,C7
14077,Add_2021,SBAPcp,SBAPcp/Ro,A0
14078,Add_2021,SBAPcp,SBAPcp/Ro,B0
14079,AB_2018,SBAPfp,SBAPfp/d,E2
14080,AB_2018,SBAPfp,SBAPfp/d,E1
14081,AB_2018,SBAPfp,SBAPfp/d,E0
14082,AB_2018,SBAPfp,SBAPfp/d,D2
14083,AB_2018,SBAPfp,SBAPfp/d,D1
14084,AB_2018,SBAPfp,SBAPfp/d,D0
14085,AB_2018,SBAPfp,SBAPfp/d,C2
14086,AB_2018,SBAPfp,SBAPfp/d,C1
14087,AB_2018,SBAPfp,SBAPfp/d,C0
14088,AB_2018,SBAPfp,SBAPfp/d,B2
14089,AB_2018,SBAPfp,SBAPfp/d,B1
14090,AB_2018,SBAPfp,SBAPfp/d,B0
14091,AB_2018,SBAPfp,SBAPfp/d,A2
14092,AB_2018,SBAPfp,SBAPfp/d,A1
14093,AB_2018,SBAPfp,SBAPfp/d,A0
14094,AB_2018,SBAPfp,SBAPfp/h,E7
14095,AB_2018,SBAPfp,SBAPfp/h,E6
14096,AB_2018,SBAPfp,SBAPfp/h,E5
14097,AB_2018,SBAPfp,SBAPfp/h,D7
14098,AB_2018,SBAPfp,SBAPfp/h,D6
14099,AB_2018,SBAPfp,SBAPfp/h,D5
14100,AB_2018,SBAPfp,SBAPfp/h,C7
14101,AB_2018,SBAPfp,SBAPfp/h,C6
14102,AB_2018,SBAPfp,SBAPfp/h,C5
14103,AB_2018,SBAPfp,SBAPfp/h,B7
14104,AB_2018,SBAPfp,SBAPfp/h,B6
14105,AB_2018,SBAPfp,SBAPfp/h,B5
14106,AB_2018,SBAPfp,SBAPfp/h,A7
14107,AB_2018,SBAPfp,SBAPfp/h,A6
14108,AB_2018,SBAPfp,SBAPfp/h,A5
14109,AB_2018,SBAPfp,SBAPfp/m,E4
14110,AB_2018,SBAPfp,SBAPfp/m,E3
14111,AB_2018,SBAPfp,SBAPfp/m,D4
14112,AB_2018,SBAPfp,SBAPfp/m,D3
14113,AB_2018,SBAPfp,SBAPfp/m,C4
14114,AB_2018,SBAPfp,SBAPfp/m,C3
14115,AB_2018,SBAPfp,SBAPfp/m,B4
14116,AB_2018,SBAPfp,SBAPfp/m,B3
14117,AB_2018,SBAPfp,SBAPfp/m,A4
14118,AB_2018,SBAPfp,SBAPfp/m,A3
14119,BECv10,SBPSdc,SBPSdc/01,D4
14120,BECv10,SBPSdc,SBPSdc/01,C4
14121,BECv10,SBPSdc,SBPSdc/01,B4
14122,BECv10,SBPSdc,SBPSdc/02,D2
14123,BECv10,SBPSdc,SBPSdc/02,D1
14124,BECv10,SBPSdc,SBPSdc/02,C2
14125,BECv10,SBPSdc,SBPSdc/02,C1
14126,BECv10,SBPSdc,SBPSdc/02,B2
14127,BECv10,SBPSdc,SBPSdc/02,B1
14128,BECv10,SBPSdc,SBPSdc/02,A2
14129,BECv10,SBPSdc,SBPSdc/02,A1
14130,BECv10,SBPSdc,SBPSdc/02a,D2
14131,BECv10,SBPSdc,SBPSdc/02a,D1
14132,BECv10,SBPSdc,SBPSdc/02a,C2
14133,BECv10,SBPSdc,SBPSdc/02a,C1
14134,BECv10,SBPSdc,SBPSdc/02a,B2
14135,BECv10,SBPSdc,SBPSdc/02a,B1
14136,BECv10,SBPSdc,SBPSdc/02a,A2
14137,BECv10,SBPSdc,SBPSdc/02a,A1
14138,BECv10,SBPSdc,SBPSdc/02b,D1
14139,BECv10,SBPSdc,SBPSdc/02b,C1
14140,BECv10,SBPSdc,SBPSdc/02b,B2
14141,BECv10,SBPSdc,SBPSdc/02b,B1
14142,BECv10,SBPSdc,SBPSdc/02b,A2
14143,BECv10,SBPSdc,SBPSdc/02b,A1
14144,BECv10,SBPSdc,SBPSdc/03,D3
14145,BECv10,SBPSdc,SBPSdc/03,C3
14146,BECv10,SBPSdc,SBPSdc/03,C2
14147,BECv10,SBPSdc,SBPSdc/03,B3
14148,BECv10,SBPSdc,SBPSdc/03,B2
14149,BECv10,SBPSdc,SBPSdc/03,A3
14150,BECv10,SBPSdc,SBPSdc/03,A2
14151,BECv10,SBPSdc,SBPSdc/03a,D3
14152,BECv10,SBPSdc,SBPSdc/03a,C3
14153,BECv10,SBPSdc,SBPSdc/03a,C2
14154,BECv10,SBPSdc,SBPSdc/03a,B3
14155,BECv10,SBPSdc,SBPSdc/03a,B2
14156,BECv10,SBPSdc,SBPSdc/03a,A3
14157,BECv10,SBPSdc,SBPSdc/03a,A2
14158,BECv10,SBPSdc,SBPSdc/03b,C3
14159,BECv10,SBPSdc,SBPSdc/03b,C2
14160,BECv10,SBPSdc,SBPSdc/03b,B2
14161,BECv10,SBPSdc,SBPSdc/03b,A2
14162,BECv10,SBPSdc,SBPSdc/04,B5
14163,BECv10,SBPSdc,SBPSdc/04,B4
14164,BECv10,SBPSdc,SBPSdc/05,D5
14165,BECv10,SBPSdc,SBPSdc/05,C5
14166,BECv10,SBPSdc,SBPSdc/06,E6
14167,BECv10,SBPSdc,SBPSdc/06,E5
14168,BECv10,SBPSdc,SBPSdc/06,D6
14169,BECv10,SBPSdc,SBPSdc/06,D5
14170,BECv10,SBPSdc,SBPSdc/06,C6
14171,BECv10,SBPSdc,SBPSdc/06,C5
14172,BECv10,SBPSdc,SBPSdc/07,B7
14173,BECv10,SBPSdc,SBPSdc/07,B6
14174,BECv10,SBPSdc,SBPSdc/08,D7
14175,BECv10,SBPSdc,SBPSdc/08,D6
14176,BECv10,SBPSdc,SBPSdc/08,C7
14177,BECv10,SBPSdc,SBPSdc/08,C6
14178,Add_2021,SBPSdc,SBPSdc/Ro,A0
14179,Add_2021,SBPSdc,SBPSdc/Ro,B0
14180,BECv10,SBPSmc,SBPSmc/01,C5
14181,BECv10,SBPSmc,SBPSmc/01,C4
14182,BECv10,SBPSmc,SBPSmc/01,C3
14183,BECv10,SBPSmc,SBPSmc/01,B4
14184,BECv10,SBPSmc,SBPSmc/01,B3
14185,BECv10,SBPSmc,SBPSmc/01a,C5
14186,BECv10,SBPSmc,SBPSmc/01a,C4
14187,BECv10,SBPSmc,SBPSmc/01a,B4
14188,BECv10,SBPSmc,SBPSmc/01b,C3
14189,BECv10,SBPSmc,SBPSmc/01b,B3
14190,BECv10,SBPSmc,SBPSmc/02,B2
14191,BECv10,SBPSmc,SBPSmc/02,B1
14192,BECv10,SBPSmc,SBPSmc/02,A2
14193,BECv10,SBPSmc,SBPSmc/02,A1
14194,BECv10,SBPSmc,SBPSmc/03,B4
14195,BECv10,SBPSmc,SBPSmc/03,B3
14196,BECv10,SBPSmc,SBPSmc/03,A4
14197,BECv10,SBPSmc,SBPSmc/03,A3
14198,BECv10,SBPSmc,SBPSmc/04,B6
14199,BECv10,SBPSmc,SBPSmc/04,B5
14200,BECv10,SBPSmc,SBPSmc/04,A6
14201,BECv10,SBPSmc,SBPSmc/04,A5
14202,BECv10,SBPSmc,SBPSmc/05,E6
14203,BECv10,SBPSmc,SBPSmc/05,E5
14204,BECv10,SBPSmc,SBPSmc/05,D6
14205,BECv10,SBPSmc,SBPSmc/05,D5
14206,BECv10,SBPSmc,SBPSmc/05,C6
14207,BECv10,SBPSmc,SBPSmc/05,C5
14208,BECv10,SBPSmc,SBPSmc/06,E7
14209,BECv10,SBPSmc,SBPSmc/06,E6
14210,BECv10,SBPSmc,SBPSmc/06,D7
14211,BECv10,SBPSmc,SBPSmc/06,D6
14212,BECv10,SBPSmc,SBPSmc/06,C7
14213,BECv10,SBPSmc,SBPSmc/06,C6
14214,BECv10,SBPSmc,SBPSmc/07,B7
14215,BECv10,SBPSmc,SBPSmc/07,A7
14216,Add_2021,SBPSmc,SBPSmc/Ro,A0
14217,Add_2021,SBPSmc,SBPSmc/Ro,B0
14218,BECv10,SBPSmk,SBPSmk/01,D4
14219,BECv10,SBPSmk,SBPSmk/01,D3
14220,BECv10,SBPSmk,SBPSmk/01,C4
14221,BECv10,SBPSmk,SBPSmk/01,C3
14222,BECv10,SBPSmk,SBPSmk/01,B5
14223,BECv10,SBPSmk,SBPSmk/01,B4
14224,BECv10,SBPSmk,SBPSmk/02,D1
14225,BECv10,SBPSmk,SBPSmk/02,C1
14226,BECv10,SBPSmk,SBPSmk/02,B1
14227,BECv10,SBPSmk,SBPSmk/02,A1
14228,BECv10,SBPSmk,SBPSmk/03,D2
14229,BECv10,SBPSmk,SBPSmk/03,D1
14230,BECv10,SBPSmk,SBPSmk/03,C2
14231,BECv10,SBPSmk,SBPSmk/03,C1
14232,BECv10,SBPSmk,SBPSmk/03,B2
14233,BECv10,SBPSmk,SBPSmk/03,B1
14234,BECv10,SBPSmk,SBPSmk/04,D3
14235,BECv10,SBPSmk,SBPSmk/04,D2
14236,BECv10,SBPSmk,SBPSmk/04,C3
14237,BECv10,SBPSmk,SBPSmk/04,C2
14238,BECv10,SBPSmk,SBPSmk/04,B4
14239,BECv10,SBPSmk,SBPSmk/04,B3
14240,BECv10,SBPSmk,SBPSmk/04,B2
14241,BECv10,SBPSmk,SBPSmk/04a,D3
14242,BECv10,SBPSmk,SBPSmk/04a,D2
14243,BECv10,SBPSmk,SBPSmk/04a,C3
14244,BECv10,SBPSmk,SBPSmk/04a,C2
14245,BECv10,SBPSmk,SBPSmk/04a,B4
14246,BECv10,SBPSmk,SBPSmk/04a,B3
14247,BECv10,SBPSmk,SBPSmk/04a,B2
14248,BECv10,SBPSmk,SBPSmk/04b,D3
14249,BECv10,SBPSmk,SBPSmk/04b,D2
14250,BECv10,SBPSmk,SBPSmk/04b,C3
14251,BECv10,SBPSmk,SBPSmk/04b,C2
14252,BECv10,SBPSmk,SBPSmk/04b,B4
14253,BECv10,SBPSmk,SBPSmk/04b,B3
14254,BECv10,SBPSmk,SBPSmk/04b,B2
14255,BECv10,SBPSmk,SBPSmk/05,D3
14256,BECv10,SBPSmk,SBPSmk/05,C3
14257,BECv10,SBPSmk,SBPSmk/06,E5
14258,BECv10,SBPSmk,SBPSmk/06,D5
14259,BECv10,SBPSmk,SBPSmk/06,C5
14260,BECv10,SBPSmk,SBPSmk/06,B5
14261,BECv10,SBPSmk,SBPSmk/07,E6
14262,BECv10,SBPSmk,SBPSmk/07,D6
14263,BECv10,SBPSmk,SBPSmk/07,C6
14264,BECv10,SBPSmk,SBPSmk/07,B6
14265,BECv10,SBPSmk,SBPSmk/08,C7
14266,BECv10,SBPSmk,SBPSmk/08,B7
14267,Add_2021,SBPSmk,SBPSmk/Ro,A0
14268,Add_2021,SBPSmk,SBPSmk/Ro,B0
14269,BECv10,SBPSxc,SBPSxc/01,D4
14270,BECv10,SBPSxc,SBPSxc/01,D3
14271,BECv10,SBPSxc,SBPSxc/01,C4
14272,BECv10,SBPSxc,SBPSxc/01,C3
14273,BECv10,SBPSxc,SBPSxc/01,B4
14274,BECv10,SBPSxc,SBPSxc/01,B3
14275,BECv10,SBPSxc,SBPSxc/02,D2
14276,BECv10,SBPSxc,SBPSxc/02,D1
14277,BECv10,SBPSxc,SBPSxc/02,C3
14278,BECv10,SBPSxc,SBPSxc/02,C2
14279,BECv10,SBPSxc,SBPSxc/02,C1
14280,BECv10,SBPSxc,SBPSxc/02,B3
14281,BECv10,SBPSxc,SBPSxc/02,B2
14282,BECv10,SBPSxc,SBPSxc/02,B1
14283,BECv10,SBPSxc,SBPSxc/02,A3
14284,BECv10,SBPSxc,SBPSxc/02,A2
14285,BECv10,SBPSxc,SBPSxc/02,A1
14286,BECv10,SBPSxc,SBPSxc/02a,D2
14287,BECv10,SBPSxc,SBPSxc/02a,D1
14288,BECv10,SBPSxc,SBPSxc/02a,C3
14289,BECv10,SBPSxc,SBPSxc/02a,C2
14290,BECv10,SBPSxc,SBPSxc/02a,C1
14291,BECv10,SBPSxc,SBPSxc/02a,B3
14292,BECv10,SBPSxc,SBPSxc/02a,B2
14293,BECv10,SBPSxc,SBPSxc/02a,B1
14294,BECv10,SBPSxc,SBPSxc/02a,A3
14295,BECv10,SBPSxc,SBPSxc/02a,A2
14296,BECv10,SBPSxc,SBPSxc/02a,A1
14297,BECv10,SBPSxc,SBPSxc/02b,D2
14298,BECv10,SBPSxc,SBPSxc/02b,D1
14299,BECv10,SBPSxc,SBPSxc/02b,C3
14300,BECv10,SBPSxc,SBPSxc/02b,C2
14301,BECv10,SBPSxc,SBPSxc/02b,C1
14302,BECv10,SBPSxc,SBPSxc/02b,B3
14303,BECv10,SBPSxc,SBPSxc/02b,B2
14304,BECv10,SBPSxc,SBPSxc/02b,B1
14305,BECv10,SBPSxc,SBPSxc/02b,A3
14306,BECv10,SBPSxc,SBPSxc/02b,A2
14307,BECv10,SBPSxc,SBPSxc/02b,A1
14308,BECv10,SBPSxc,SBPSxc/02c,D2
14309,BECv10,SBPSxc,SBPSxc/02c,D1
14310,BECv10,SBPSxc,SBPSxc/02c,C3
14311,BECv10,SBPSxc,SBPSxc/02c,C2
14312,BECv10,SBPSxc,SBPSxc/02c,C1
14313,BECv10,SBPSxc,SBPSxc/02c,B3
14314,BECv10,SBPSxc,SBPSxc/02c,B2
14315,BECv10,SBPSxc,SBPSxc/02c,B1
14316,BECv10,SBPSxc,SBPSxc/02c,A3
14317,BECv10,SBPSxc,SBPSxc/02c,A2
14318,BECv10,SBPSxc,SBPSxc/02c,A1
14319,BECv10,SBPSxc,SBPSxc/03,B5
14320,BECv10,SBPSxc,SBPSxc/04,D5
14321,BECv10,SBPSxc,SBPSxc/04,C5
14322,BECv10,SBPSxc,SBPSxc/05,D6
14323,BECv10,SBPSxc,SBPSxc/05,D5
14324,BECv10,SBPSxc,SBPSxc/05,C6
14325,BECv10,SBPSxc,SBPSxc/05,C5
14326,BECv10,SBPSxc,SBPSxc/05,B6
14327,BECv10,SBPSxc,SBPSxc/06,E6
14328,BECv10,SBPSxc,SBPSxc/06,E5
14329,BECv10,SBPSxc,SBPSxc/06,D6
14330,BECv10,SBPSxc,SBPSxc/06,D5
14331,Add_2021,SBPSxc,SBPSxc/Ro,A0
14332,Add_2021,SBPSxc,SBPSxc/Ro,B0
14333,BECv10,SBSdh1,SBSdh1/01,D4
14334,BECv10,SBSdh1,SBSdh1/01,D3
14335,BECv10,SBSdh1,SBSdh1/01,C4
14336,BECv10,SBSdh1,SBSdh1/01,C3
14337,BECv10,SBSdh1,SBSdh1/01,B4
14338,BECv10,SBSdh1,SBSdh1/01,B3
14339,BECv10,SBSdh1,SBSdh1/02,B2
14340,BECv10,SBSdh1,SBSdh1/02,B1
14341,BECv10,SBSdh1,SBSdh1/02,A2
14342,BECv10,SBSdh1,SBSdh1/02,A1
14343,BECv10,SBSdh1,SBSdh1/03,B2
14344,BECv10,SBSdh1,SBSdh1/03,B1
14345,BECv10,SBSdh1,SBSdh1/04,C3
14346,BECv10,SBSdh1,SBSdh1/04,C2
14347,BECv10,SBSdh1,SBSdh1/04,B3
14348,BECv10,SBSdh1,SBSdh1/04,B2
14349,BECv10,SBSdh1,SBSdh1/05,B4
14350,BECv10,SBSdh1,SBSdh1/05,B3
14351,BECv10,SBSdh1,SBSdh1/05,B2
14352,BECv10,SBSdh1,SBSdh1/05,A5
14353,BECv10,SBSdh1,SBSdh1/05,A4
14354,BECv10,SBSdh1,SBSdh1/05,A3
14355,BECv10,SBSdh1,SBSdh1/05,A2
14356,BECv10,SBSdh1,SBSdh1/06,D5
14357,BECv10,SBSdh1,SBSdh1/06,D4
14358,BECv10,SBSdh1,SBSdh1/06,C5
14359,BECv10,SBSdh1,SBSdh1/06,C4
14360,BECv10,SBSdh1,SBSdh1/06,B5
14361,BECv10,SBSdh1,SBSdh1/06,B4
14362,BECv10,SBSdh1,SBSdh1/07,E6
14363,BECv10,SBSdh1,SBSdh1/07,E5
14364,BECv10,SBSdh1,SBSdh1/07,D6
14365,BECv10,SBSdh1,SBSdh1/07,D5
14366,BECv10,SBSdh1,SBSdh1/07,C6
14367,BECv10,SBSdh1,SBSdh1/07,C5
14368,BECv10,SBSdh1,SBSdh1/08,B7
14369,BECv10,SBSdh1,SBSdh1/08,B6
14370,BECv10,SBSdh1,SBSdh1/08,A7
14371,Add_2021,SBSdh1,SBSdh1/Ro,A0
14372,Add_2021,SBSdh1,SBSdh1/Ro,B0
14373,BECv10,SBSdh2,SBSdh2/01,D4
14374,BECv10,SBSdh2,SBSdh2/01,D3
14375,BECv10,SBSdh2,SBSdh2/01,C4
14376,BECv10,SBSdh2,SBSdh2/01,C3
14377,BECv10,SBSdh2,SBSdh2/01,B4
14378,BECv10,SBSdh2,SBSdh2/01,B3
14379,BECv10,SBSdh2,SBSdh2/02,B2
14380,BECv10,SBSdh2,SBSdh2/02,B1
14381,BECv10,SBSdh2,SBSdh2/02,A2
14382,BECv10,SBSdh2,SBSdh2/02,A1
14383,BECv10,SBSdh2,SBSdh2/03,B2
14384,BECv10,SBSdh2,SBSdh2/03,B1
14385,BECv10,SBSdh2,SBSdh2/03,A2
14386,BECv10,SBSdh2,SBSdh2/03,A1
14387,BECv10,SBSdh2,SBSdh2/04,C3
14388,BECv10,SBSdh2,SBSdh2/04,C2
14389,BECv10,SBSdh2,SBSdh2/04,B3
14390,BECv10,SBSdh2,SBSdh2/04,B2
14391,BECv10,SBSdh2,SBSdh2/05,B5
14392,BECv10,SBSdh2,SBSdh2/05,B4
14393,BECv10,SBSdh2,SBSdh2/05,B3
14394,BECv10,SBSdh2,SBSdh2/05,B2
14395,BECv10,SBSdh2,SBSdh2/05,A5
14396,BECv10,SBSdh2,SBSdh2/05,A4
14397,BECv10,SBSdh2,SBSdh2/05,A3
14398,BECv10,SBSdh2,SBSdh2/05,A2
14399,BECv10,SBSdh2,SBSdh2/06,D5
14400,BECv10,SBSdh2,SBSdh2/06,D4
14401,BECv10,SBSdh2,SBSdh2/06,C5
14402,BECv10,SBSdh2,SBSdh2/06,B5
14403,BECv10,SBSdh2,SBSdh2/07,E6
14404,BECv10,SBSdh2,SBSdh2/07,E5
14405,BECv10,SBSdh2,SBSdh2/07,D6
14406,BECv10,SBSdh2,SBSdh2/07,D5
14407,BECv10,SBSdh2,SBSdh2/07,C6
14408,BECv10,SBSdh2,SBSdh2/07,C5
14409,BECv10,SBSdh2,SBSdh2/07,B6
14410,BECv10,SBSdh2,SBSdh2/07,B5
14411,BECv10,SBSdh2,SBSdh2/07,A6
14412,BECv10,SBSdh2,SBSdh2/08,B6
14413,BECv10,SBSdh2,SBSdh2/08,A6
14414,Add_2021,SBSdh2,SBSdh2/Ro,A0
14415,Add_2021,SBSdh2,SBSdh2/Ro,B0
14416,BECv10,SBSdk,SBSdk/01,D4
14417,BECv10,SBSdk,SBSdk/01,C4
14418,BECv10,SBSdk,SBSdk/01,C3
14419,BECv10,SBSdk,SBSdk/01,B5
14420,BECv10,SBSdk,SBSdk/01,B4
14421,BECv10,SBSdk,SBSdk/01a,D4
14422,BECv10,SBSdk,SBSdk/01a,C4
14423,BECv10,SBSdk,SBSdk/01a,C3
14424,BECv10,SBSdk,SBSdk/01b,B5
14425,BECv10,SBSdk,SBSdk/01b,B4
14426,BECv10,SBSdk,SBSdk/01b,C3
14427,BECv10,SBSdk,SBSdk/02,B1
14428,BECv10,SBSdk,SBSdk/02,A1
14429,BECv10,SBSdk,SBSdk/03,C2
14430,BECv10,SBSdk,SBSdk/03,B2
14431,BECv10,SBSdk,SBSdk/03,A2
14432,BECv10,SBSdk,SBSdk/04,D2
14433,BECv10,SBSdk,SBSdk/04,C3
14434,BECv10,SBSdk,SBSdk/04,C2
14435,BECv10,SBSdk,SBSdk/05,C3
14436,BECv10,SBSdk,SBSdk/05,B3
14437,BECv10,SBSdk,SBSdk/05,A4
14438,BECv10,SBSdk,SBSdk/05,A3
14439,BECv10,SBSdk,SBSdk/06,E4
14440,BECv10,SBSdk,SBSdk/06,D5
14441,BECv10,SBSdk,SBSdk/06,D4
14442,BECv10,SBSdk,SBSdk/06,C5
14443,BECv10,SBSdk,SBSdk/07,E6
14444,BECv10,SBSdk,SBSdk/07,E5
14445,BECv10,SBSdk,SBSdk/07,D6
14446,BECv10,SBSdk,SBSdk/07,D5
14447,BECv10,SBSdk,SBSdk/07,C6
14448,BECv10,SBSdk,SBSdk/07a,E6
14449,BECv10,SBSdk,SBSdk/07a,E5
14450,BECv10,SBSdk,SBSdk/07a,D5
14451,BECv10,SBSdk,SBSdk/07b,D6
14452,BECv10,SBSdk,SBSdk/07b,C6
14453,BECv10,SBSdk,SBSdk/08,E6
14454,BECv10,SBSdk,SBSdk/08,E5
14455,BECv10,SBSdk,SBSdk/08,D6
14456,BECv10,SBSdk,SBSdk/08a,E6
14457,BECv10,SBSdk,SBSdk/08a,E5
14458,BECv10,SBSdk,SBSdk/08a,D6
14459,BECv10,SBSdk,SBSdk/08b,E6
14460,BECv10,SBSdk,SBSdk/08b,E5
14461,BECv10,SBSdk,SBSdk/08b,D6
14462,BECv10,SBSdk,SBSdk/09,B7
14463,BECv10,SBSdk,SBSdk/09,B6
14464,BECv10,SBSdk,SBSdk/09,A7
14465,BECv10,SBSdk,SBSdk/09,A6
14466,BECv10,SBSdk,SBSdk/10,E7
14467,BECv10,SBSdk,SBSdk/10,D7
14468,BECv10,SBSdk,SBSdk/10,C7
14469,BECv10,SBSdk,SBSdk/10,C6
14470,BECv10,SBSdk,SBSdk/Gg,E3
14471,BECv10,SBSdk,SBSdk/Gg,E2
14472,BECv10,SBSdk,SBSdk/Gg,E1
14473,BECv10,SBSdk,SBSdk/Gg,D3
14474,BECv10,SBSdk,SBSdk/Gg,D2
14475,BECv10,SBSdk,SBSdk/Gg,D1
14476,BECv10,SBSdk,SBSdk/Gg,C1
14477,Add_2021,SBSdk,SBSdk/Ro,A0
14478,Add_2021,SBSdk,SBSdk/Ro,B0
14479,BECv10,SBSdw1,SBSdw1/01,D4
14480,BECv10,SBSdw1,SBSdw1/01,D3
14481,BECv10,SBSdw1,SBSdw1/01,C4
14482,BECv10,SBSdw1,SBSdw1/01,B4
14483,BECv10,SBSdw1,SBSdw1/02,D1
14484,BECv10,SBSdw1,SBSdw1/02,C1
14485,BECv10,SBSdw1,SBSdw1/02,B1
14486,BECv10,SBSdw1,SBSdw1/03,D3
14487,BECv10,SBSdw1,SBSdw1/03,D2
14488,BECv10,SBSdw1,SBSdw1/03,C3
14489,BECv10,SBSdw1,SBSdw1/03,C2
14490,BECv10,SBSdw1,SBSdw1/03,B3
14491,BECv10,SBSdw1,SBSdw1/03,B2
14492,BECv10,SBSdw1,SBSdw1/04,C3
14493,BECv10,SBSdw1,SBSdw1/04,B3
14494,BECv10,SBSdw1,SBSdw1/04,A3
14495,BECv10,SBSdw1,SBSdw1/05,D3
14496,BECv10,SBSdw1,SBSdw1/05,C3
14497,BECv10,SBSdw1,SBSdw1/05,B3
14498,BECv10,SBSdw1,SBSdw1/06,D5
14499,BECv10,SBSdw1,SBSdw1/06,D4
14500,BECv10,SBSdw1,SBSdw1/06,C5
14501,BECv10,SBSdw1,SBSdw1/07,D5
14502,BECv10,SBSdw1,SBSdw1/07,C5
14503,BECv10,SBSdw1,SBSdw1/07,B5
14504,BECv10,SBSdw1,SBSdw1/08,E5
14505,BECv10,SBSdw1,SBSdw1/08,D5
14506,BECv10,SBSdw1,SBSdw1/09,E6
14507,BECv10,SBSdw1,SBSdw1/09,D6
14508,BECv10,SBSdw1,SBSdw1/09,C6
14509,BECv10,SBSdw1,SBSdw1/09,B6
14510,Add_2021,SBSdw1,SBSdw1/Ro,A0
14511,Add_2021,SBSdw1,SBSdw1/Ro,B0
14512,BECv10,SBSdw2,SBSdw2/01,D4
14513,BECv10,SBSdw2,SBSdw2/01,D3
14514,BECv10,SBSdw2,SBSdw2/01,C4
14515,BECv10,SBSdw2,SBSdw2/01,C3
14516,BECv10,SBSdw2,SBSdw2/01,B4
14517,BECv10,SBSdw2,SBSdw2/02,D1
14518,BECv10,SBSdw2,SBSdw2/02,C1
14519,BECv10,SBSdw2,SBSdw2/02,B1
14520,BECv10,SBSdw2,SBSdw2/03,B2
14521,BECv10,SBSdw2,SBSdw2/03,A2
14522,BECv10,SBSdw2,SBSdw2/04,D2
14523,BECv10,SBSdw2,SBSdw2/04,C2
14524,BECv10,SBSdw2,SBSdw2/04,B2
14525,BECv10,SBSdw2,SBSdw2/05,C3
14526,BECv10,SBSdw2,SBSdw2/05,B3
14527,BECv10,SBSdw2,SBSdw2/05,A3
14528,BECv10,SBSdw2,SBSdw2/06,D3
14529,BECv10,SBSdw2,SBSdw2/06,C3
14530,BECv10,SBSdw2,SBSdw2/06,B3
14531,BECv10,SBSdw2,SBSdw2/06,A3
14532,BECv10,SBSdw2,SBSdw2/07,B4
14533,BECv10,SBSdw2,SBSdw2/07,B3
14534,BECv10,SBSdw2,SBSdw2/07,A4
14535,BECv10,SBSdw2,SBSdw2/07,A3
14536,BECv10,SBSdw2,SBSdw2/08,D5
14537,BECv10,SBSdw2,SBSdw2/08,C6
14538,BECv10,SBSdw2,SBSdw2/08,C5
14539,BECv10,SBSdw2,SBSdw2/08,B6
14540,BECv10,SBSdw2,SBSdw2/08,B5
14541,BECv10,SBSdw2,SBSdw2/09,E6
14542,BECv10,SBSdw2,SBSdw2/09,E5
14543,BECv10,SBSdw2,SBSdw2/09,D6
14544,BECv10,SBSdw2,SBSdw2/09,D5
14545,BECv10,SBSdw2,SBSdw2/09,C6
14546,BECv10,SBSdw2,SBSdw2/09,C5
14547,BECv10,SBSdw2,SBSdw2/10,E6
14548,BECv10,SBSdw2,SBSdw2/10,D6
14549,BECv10,SBSdw2,SBSdw2/10,C6
14550,BECv10,SBSdw2,SBSdw2/11,C7
14551,BECv10,SBSdw2,SBSdw2/11,C6
14552,BECv10,SBSdw2,SBSdw2/11,B7
14553,BECv10,SBSdw2,SBSdw2/11,B6
14554,Add_2021,SBSdw2,SBSdw2/Ro,A0
14555,Add_2021,SBSdw2,SBSdw2/Ro,B0
14556,BECv10,SBSdw3,SBSdw3/01,D4
14557,BECv10,SBSdw3,SBSdw3/01,C4
14558,BECv10,SBSdw3,SBSdw3/01,B4
14559,BECv10,SBSdw3,SBSdw3/02,C2
14560,BECv10,SBSdw3,SBSdw3/02,C1
14561,BECv10,SBSdw3,SBSdw3/02,B2
14562,BECv10,SBSdw3,SBSdw3/02,B1
14563,BECv10,SBSdw3,SBSdw3/03,B2
14564,BECv10,SBSdw3,SBSdw3/03,A2
14565,BECv10,SBSdw3,SBSdw3/04,D3
14566,BECv10,SBSdw3,SBSdw3/04,C3
14567,BECv10,SBSdw3,SBSdw3/04,B3
14568,BECv10,SBSdw3,SBSdw3/05,B5
14569,BECv10,SBSdw3,SBSdw3/05,B4
14570,BECv10,SBSdw3,SBSdw3/05,B3
14571,BECv10,SBSdw3,SBSdw3/05,A5
14572,BECv10,SBSdw3,SBSdw3/05,A4
14573,BECv10,SBSdw3,SBSdw3/05,A3
14574,BECv10,SBSdw3,SBSdw3/06,D4
14575,BECv10,SBSdw3,SBSdw3/06,C5
14576,BECv10,SBSdw3,SBSdw3/06,C4
14577,BECv10,SBSdw3,SBSdw3/06,B5
14578,BECv10,SBSdw3,SBSdw3/07,D5
14579,BECv10,SBSdw3,SBSdw3/07,C5
14580,BECv10,SBSdw3,SBSdw3/08,E6
14581,BECv10,SBSdw3,SBSdw3/08,E5
14582,BECv10,SBSdw3,SBSdw3/08,D6
14583,BECv10,SBSdw3,SBSdw3/08,D5
14584,BECv10,SBSdw3,SBSdw3/08,C6
14585,BECv10,SBSdw3,SBSdw3/08,C5
14586,BECv10,SBSdw3,SBSdw3/09,E6
14587,BECv10,SBSdw3,SBSdw3/09,D6
14588,BECv10,SBSdw3,SBSdw3/09,C6
14589,BECv10,SBSdw3,SBSdw3/09,B6
14590,BECv10,SBSdw3,SBSdw3/10,D7
14591,BECv10,SBSdw3,SBSdw3/10,C7
14592,BECv10,SBSdw3,SBSdw3/10,B7
14593,BECv10,SBSdw3,SBSdw3/10,A7
14594,Add_2021,SBSdw3,SBSdw3/Ro,A0
14595,Add_2021,SBSdw3,SBSdw3/Ro,B0
14596,BECv10,SBSmc1,SBSmc1/01,D4
14597,BECv10,SBSmc1,SBSmc1/01,D3
14598,BECv10,SBSmc1,SBSmc1/01,D2
14599,BECv10,SBSmc1,SBSmc1/01,C4
14600,BECv10,SBSmc1,SBSmc1/01,C3
14601,BECv10,SBSmc1,SBSmc1/01,C2
14602,BECv10,SBSmc1,SBSmc1/01,B4
14603,BECv10,SBSmc1,SBSmc1/01,B3
14604,BECv10,SBSmc1,SBSmc1/01,B2
14605,BECv10,SBSmc1,SBSmc1/01a,D4
14606,BECv10,SBSmc1,SBSmc1/01a,D3
14607,BECv10,SBSmc1,SBSmc1/01a,C4
14608,BECv10,SBSmc1,SBSmc1/01a,C3
14609,BECv10,SBSmc1,SBSmc1/01a,B4
14610,BECv10,SBSmc1,SBSmc1/01a,B3
14611,BECv10,SBSmc1,SBSmc1/01b,D3
14612,BECv10,SBSmc1,SBSmc1/01b,D2
14613,BECv10,SBSmc1,SBSmc1/01b,C3
14614,BECv10,SBSmc1,SBSmc1/01b,C2
14615,BECv10,SBSmc1,SBSmc1/01b,B3
14616,BECv10,SBSmc1,SBSmc1/01b,B2
14617,BECv10,SBSmc1,SBSmc1/01c,D3
14618,BECv10,SBSmc1,SBSmc1/01c,D2
14619,BECv10,SBSmc1,SBSmc1/01c,C3
14620,BECv10,SBSmc1,SBSmc1/01c,C2
14621,BECv10,SBSmc1,SBSmc1/01c,B3
14622,BECv10,SBSmc1,SBSmc1/01c,B2
14623,BECv10,SBSmc1,SBSmc1/02,D2
14624,BECv10,SBSmc1,SBSmc1/02,D1
14625,BECv10,SBSmc1,SBSmc1/02,C2
14626,BECv10,SBSmc1,SBSmc1/02,C1
14627,BECv10,SBSmc1,SBSmc1/02,B2
14628,BECv10,SBSmc1,SBSmc1/02,B1
14629,BECv10,SBSmc1,SBSmc1/03,D2
14630,BECv10,SBSmc1,SBSmc1/03,D1
14631,BECv10,SBSmc1,SBSmc1/03,C2
14632,BECv10,SBSmc1,SBSmc1/03,C1
14633,BECv10,SBSmc1,SBSmc1/03,B2
14634,BECv10,SBSmc1,SBSmc1/03,B1
14635,BECv10,SBSmc1,SBSmc1/04,B5
14636,BECv10,SBSmc1,SBSmc1/04,B4
14637,BECv10,SBSmc1,SBSmc1/04,B3
14638,BECv10,SBSmc1,SBSmc1/04,A5
14639,BECv10,SBSmc1,SBSmc1/04,A4
14640,BECv10,SBSmc1,SBSmc1/04,A3
14641,BECv10,SBSmc1,SBSmc1/05,C5
14642,BECv10,SBSmc1,SBSmc1/05,B5
14643,BECv10,SBSmc1,SBSmc1/06,E5
14644,BECv10,SBSmc1,SBSmc1/06,D5
14645,BECv10,SBSmc1,SBSmc1/06,C5
14646,BECv10,SBSmc1,SBSmc1/07,E5
14647,BECv10,SBSmc1,SBSmc1/07,D5
14648,BECv10,SBSmc1,SBSmc1/07,C5
14649,BECv10,SBSmc1,SBSmc1/08,E7
14650,BECv10,SBSmc1,SBSmc1/08,E6
14651,BECv10,SBSmc1,SBSmc1/08,D7
14652,BECv10,SBSmc1,SBSmc1/08,D6
14653,BECv10,SBSmc1,SBSmc1/08,C7
14654,BECv10,SBSmc1,SBSmc1/08,C6
14655,BECv10,SBSmc1,SBSmc1/08,B7
14656,BECv10,SBSmc1,SBSmc1/08,B6
14657,Add_2021,SBSmc1,SBSmc1/Ro,A0
14658,Add_2021,SBSmc1,SBSmc1/Ro,B0
14659,BECv10,SBSmc2,SBSmc2/01,D4
14660,BECv10,SBSmc2,SBSmc2/01,D3
14661,BECv10,SBSmc2,SBSmc2/01,C4
14662,BECv10,SBSmc2,SBSmc2/01,C3
14663,BECv10,SBSmc2,SBSmc2/01,B4
14664,BECv10,SBSmc2,SBSmc2/01,B3
14665,BECv10,SBSmc2,SBSmc2/01a,D4
14666,BECv10,SBSmc2,SBSmc2/01a,C4
14667,BECv10,SBSmc2,SBSmc2/01b,C4
14668,BECv10,SBSmc2,SBSmc2/01b,B4
14669,BECv10,SBSmc2,SBSmc2/01c,D3
14670,BECv10,SBSmc2,SBSmc2/01c,C3
14671,BECv10,SBSmc2,SBSmc2/01c,B3
14672,BECv10,SBSmc2,SBSmc2/02,D2
14673,BECv10,SBSmc2,SBSmc2/02,D1
14674,BECv10,SBSmc2,SBSmc2/02,C2
14675,BECv10,SBSmc2,SBSmc2/02,C1
14676,BECv10,SBSmc2,SBSmc2/02,B2
14677,BECv10,SBSmc2,SBSmc2/02,B1
14678,BECv10,SBSmc2,SBSmc2/02,A2
14679,BECv10,SBSmc2,SBSmc2/02,A1
14680,BECv10,SBSmc2,SBSmc2/02,A3
14681,BECv10,SBSmc2,SBSmc2/02,B3
14682,BECv10,SBSmc2,SBSmc2/02a,D2
14683,BECv10,SBSmc2,SBSmc2/02a,D1
14684,BECv10,SBSmc2,SBSmc2/02a,C2
14685,BECv10,SBSmc2,SBSmc2/02a,C1
14686,BECv10,SBSmc2,SBSmc2/02a,B2
14687,BECv10,SBSmc2,SBSmc2/02a,B1
14688,BECv10,SBSmc2,SBSmc2/02a,A2
14689,BECv10,SBSmc2,SBSmc2/02a,A1
14690,BECv10,SBSmc2,SBSmc2/02a,A3
14691,BECv10,SBSmc2,SBSmc2/02a,B3
14692,BECv10,SBSmc2,SBSmc2/02b,D2
14693,BECv10,SBSmc2,SBSmc2/02b,D1
14694,BECv10,SBSmc2,SBSmc2/02b,C2
14695,BECv10,SBSmc2,SBSmc2/02b,C1
14696,BECv10,SBSmc2,SBSmc2/02b,B2
14697,BECv10,SBSmc2,SBSmc2/02b,B1
14698,BECv10,SBSmc2,SBSmc2/02b,A2
14699,BECv10,SBSmc2,SBSmc2/02b,A1
14700,BECv10,SBSmc2,SBSmc2/03,B5
14701,BECv10,SBSmc2,SBSmc2/03,B4
14702,BECv10,SBSmc2,SBSmc2/03,B3
14703,BECv10,SBSmc2,SBSmc2/03,A5
14704,BECv10,SBSmc2,SBSmc2/03,A4
14705,BECv10,SBSmc2,SBSmc2/03,A3
14706,BECv10,SBSmc2,SBSmc2/04,D5
14707,BECv10,SBSmc2,SBSmc2/04,D4
14708,BECv10,SBSmc2,SBSmc2/04,C5
14709,BECv10,SBSmc2,SBSmc2/05,D5
14710,BECv10,SBSmc2,SBSmc2/05,D4
14711,BECv10,SBSmc2,SBSmc2/05,C5
14712,BECv10,SBSmc2,SBSmc2/06,E4
14713,BECv10,SBSmc2,SBSmc2/06,D5
14714,BECv10,SBSmc2,SBSmc2/06,D4
14715,BECv10,SBSmc2,SBSmc2/06,C5
14716,BECv10,SBSmc2,SBSmc2/07,B6
14717,BECv10,SBSmc2,SBSmc2/07,B5
14718,BECv10,SBSmc2,SBSmc2/07,A6
14719,BECv10,SBSmc2,SBSmc2/07,A5
14720,BECv10,SBSmc2,SBSmc2/08,D5
14721,BECv10,SBSmc2,SBSmc2/08,C6
14722,BECv10,SBSmc2,SBSmc2/08,C5
14723,BECv10,SBSmc2,SBSmc2/08,B6
14724,BECv10,SBSmc2,SBSmc2/08,B5
14725,BECv10,SBSmc2,SBSmc2/09,E6
14726,BECv10,SBSmc2,SBSmc2/09,E5
14727,BECv10,SBSmc2,SBSmc2/09,D6
14728,BECv10,SBSmc2,SBSmc2/09,D5
14729,BECv10,SBSmc2,SBSmc2/09a,E5
14730,BECv10,SBSmc2,SBSmc2/09a,D5
14731,BECv10,SBSmc2,SBSmc2/09b,E6
14732,BECv10,SBSmc2,SBSmc2/09b,E5
14733,BECv10,SBSmc2,SBSmc2/09b,D6
14734,BECv10,SBSmc2,SBSmc2/09b,D5
14735,BECv10,SBSmc2,SBSmc2/10,E7
14736,BECv10,SBSmc2,SBSmc2/10,E6
14737,BECv10,SBSmc2,SBSmc2/10,D7
14738,BECv10,SBSmc2,SBSmc2/10,D6
14739,BECv10,SBSmc2,SBSmc2/10,C7
14740,BECv10,SBSmc2,SBSmc2/10,C6
14741,BECv10,SBSmc2,SBSmc2/10,B7
14742,BECv10,SBSmc2,SBSmc2/10,B6
14743,BECv10,SBSmc2,SBSmc2/10a,E6
14744,BECv10,SBSmc2,SBSmc2/10a,D6
14745,BECv10,SBSmc2,SBSmc2/10b,E7
14746,BECv10,SBSmc2,SBSmc2/10b,E6
14747,BECv10,SBSmc2,SBSmc2/10b,D7
14748,BECv10,SBSmc2,SBSmc2/10b,D6
14749,BECv10,SBSmc2,SBSmc2/10b,C7
14750,BECv10,SBSmc2,SBSmc2/10b,C6
14751,BECv10,SBSmc2,SBSmc2/10b,B7
14752,BECv10,SBSmc2,SBSmc2/10b,B6
14753,BECv10,SBSmc2,SBSmc2/11,E7
14754,BECv10,SBSmc2,SBSmc2/11,E6
14755,BECv10,SBSmc2,SBSmc2/11,D7
14756,BECv10,SBSmc2,SBSmc2/11,D6
14757,BECv10,SBSmc2,SBSmc2/11,C7
14758,BECv10,SBSmc2,SBSmc2/11,C6
14759,BECv10,SBSmc2,SBSmc2/11,B7
14760,BECv10,SBSmc2,SBSmc2/11,B6
14761,BECv10,SBSmc2,SBSmc2/12,E7
14762,BECv10,SBSmc2,SBSmc2/12,D7
14763,BECv10,SBSmc2,SBSmc2/12,C7
14764,BECv10,SBSmc2,SBSmc2/12,B7
14765,Add_2021,SBSmc2,SBSmc2/Ro,A0
14766,Add_2021,SBSmc2,SBSmc2/Ro,B0
14767,BECv10,SBSmc3,SBSmc3/01,D4
14768,BECv10,SBSmc3,SBSmc3/01,C4
14769,BECv10,SBSmc3,SBSmc3/01,B4
14770,BECv10,SBSmc3,SBSmc3/02,B1
14771,BECv10,SBSmc3,SBSmc3/02,A1
14772,BECv10,SBSmc3,SBSmc3/03,B2
14773,BECv10,SBSmc3,SBSmc3/03,A2
14774,BECv10,SBSmc3,SBSmc3/04,C3
14775,BECv10,SBSmc3,SBSmc3/04,B3
14776,BECv10,SBSmc3,SBSmc3/05,B4
14777,BECv10,SBSmc3,SBSmc3/05,B3
14778,BECv10,SBSmc3,SBSmc3/05,A4
14779,BECv10,SBSmc3,SBSmc3/05,A3
14780,BECv10,SBSmc3,SBSmc3/06,B5
14781,BECv10,SBSmc3,SBSmc3/06,A5
14782,BECv10,SBSmc3,SBSmc3/07,D5
14783,BECv10,SBSmc3,SBSmc3/07,C5
14784,BECv10,SBSmc3,SBSmc3/08,D6
14785,BECv10,SBSmc3,SBSmc3/08,C6
14786,BECv10,SBSmc3,SBSmc3/09,C7
14787,BECv10,SBSmc3,SBSmc3/09,B7
14788,Add_2021,SBSmc3,SBSmc3/Ro,A0
14789,Add_2021,SBSmc3,SBSmc3/Ro,B0
14790,BECv10,SBSmh,SBSmh/01,D5
14791,BECv10,SBSmh,SBSmh/01,D4
14792,BECv10,SBSmh,SBSmh/01,C5
14793,BECv10,SBSmh,SBSmh/01,C4
14794,BECv10,SBSmh,SBSmh/01,B5
14795,BECv10,SBSmh,SBSmh/01,B4
14796,BECv10,SBSmh,SBSmh/02,C1
14797,BECv10,SBSmh,SBSmh/02,B1
14798,BECv10,SBSmh,SBSmh/02,A1
14799,BECv10,SBSmh,SBSmh/03,B2
14800,BECv10,SBSmh,SBSmh/03,A2
14801,BECv10,SBSmh,SBSmh/04,D3
14802,BECv10,SBSmh,SBSmh/04,D2
14803,BECv10,SBSmh,SBSmh/04,C3
14804,BECv10,SBSmh,SBSmh/04,C2
14805,BECv10,SBSmh,SBSmh/04,B3
14806,BECv10,SBSmh,SBSmh/05,D3
14807,BECv10,SBSmh,SBSmh/05,C4
14808,BECv10,SBSmh,SBSmh/05,C3
14809,BECv10,SBSmh,SBSmh/05,B4
14810,BECv10,SBSmh,SBSmh/05,B3
14811,BECv10,SBSmh,SBSmh/06,D5
14812,BECv10,SBSmh,SBSmh/06,D4
14813,BECv10,SBSmh,SBSmh/06,C5
14814,BECv10,SBSmh,SBSmh/06,B5
14815,BECv10,SBSmh,SBSmh/07,E5
14816,BECv10,SBSmh,SBSmh/07,D6
14817,BECv10,SBSmh,SBSmh/07,D5
14818,BECv10,SBSmh,SBSmh/08,E5
14819,BECv10,SBSmh,SBSmh/08,D6
14820,BECv10,SBSmh,SBSmh/08,D5
14821,BECv10,SBSmh,SBSmh/09,D6
14822,BECv10,SBSmh,SBSmh/09,C6
14823,BECv10,SBSmh,SBSmh/09,B6
14824,Add_2021,SBSmh,SBSmh/Ro,A0
14825,Add_2021,SBSmh,SBSmh/Ro,B0
14826,BECv10,SBSmk1,SBSmk1/01,D5
14827,BECv10,SBSmk1,SBSmk1/01,D4
14828,BECv10,SBSmk1,SBSmk1/01,C5
14829,BECv10,SBSmk1,SBSmk1/01,C4
14830,BECv10,SBSmk1,SBSmk1/01,B5
14831,BECv10,SBSmk1,SBSmk1/01,B4
14832,BECv10,SBSmk1,SBSmk1/02,C1
14833,BECv10,SBSmk1,SBSmk1/02,B1
14834,BECv10,SBSmk1,SBSmk1/02,A1
14835,BECv10,SBSmk1,SBSmk1/03,B2
14836,BECv10,SBSmk1,SBSmk1/03,A2
14837,BECv10,SBSmk1,SBSmk1/04,C3
14838,BECv10,SBSmk1,SBSmk1/04,C2
14839,BECv10,SBSmk1,SBSmk1/04,B3
14840,BECv10,SBSmk1,SBSmk1/04,B2
14841,BECv10,SBSmk1,SBSmk1/05,C4
14842,BECv10,SBSmk1,SBSmk1/05,C3
14843,BECv10,SBSmk1,SBSmk1/05,B4
14844,BECv10,SBSmk1,SBSmk1/05,B3
14845,BECv10,SBSmk1,SBSmk1/06,B6
14846,BECv10,SBSmk1,SBSmk1/06,B5
14847,BECv10,SBSmk1,SBSmk1/06,B4
14848,BECv10,SBSmk1,SBSmk1/06,B3
14849,BECv10,SBSmk1,SBSmk1/06,A6
14850,BECv10,SBSmk1,SBSmk1/06,A5
14851,BECv10,SBSmk1,SBSmk1/06,A4
14852,BECv10,SBSmk1,SBSmk1/06,A3
14853,BECv10,SBSmk1,SBSmk1/07,D5
14854,BECv10,SBSmk1,SBSmk1/07,C5
14855,BECv10,SBSmk1,SBSmk1/07,B5
14856,BECv10,SBSmk1,SBSmk1/08,E6
14857,BECv10,SBSmk1,SBSmk1/08,E5
14858,BECv10,SBSmk1,SBSmk1/08,D6
14859,BECv10,SBSmk1,SBSmk1/08,D5
14860,BECv10,SBSmk1,SBSmk1/08,C6
14861,BECv10,SBSmk1,SBSmk1/08,C5
14862,BECv10,SBSmk1,SBSmk1/09,D7
14863,BECv10,SBSmk1,SBSmk1/09,D6
14864,BECv10,SBSmk1,SBSmk1/09,C7
14865,BECv10,SBSmk1,SBSmk1/09,C6
14866,BECv10,SBSmk1,SBSmk1/09a,D6
14867,BECv10,SBSmk1,SBSmk1/09a,C6
14868,BECv10,SBSmk1,SBSmk1/09b,D7
14869,BECv10,SBSmk1,SBSmk1/09b,C7
14870,BECv10,SBSmk1,SBSmk1/10,D7
14871,BECv10,SBSmk1,SBSmk1/10,C7
14872,BECv10,SBSmk1,SBSmk1/10,B7
14873,Add_2021,SBSmk1,SBSmk1/Ro,A0
14874,Add_2021,SBSmk1,SBSmk1/Ro,B0
14875,BECv10,SBSmk2,SBSmk2/01,D4
14876,BECv10,SBSmk2,SBSmk2/01,C5
14877,BECv10,SBSmk2,SBSmk2/01,C4
14878,BECv10,SBSmk2,SBSmk2/01,B4
14879,BECv10,SBSmk2,SBSmk2/02,B2
14880,BECv10,SBSmk2,SBSmk2/02,B1
14881,BECv10,SBSmk2,SBSmk2/02,A2
14882,BECv10,SBSmk2,SBSmk2/02,A1
14883,BECv10,SBSmk2,SBSmk2/03,C4
14884,BECv10,SBSmk2,SBSmk2/03,C3
14885,BECv10,SBSmk2,SBSmk2/03,B4
14886,BECv10,SBSmk2,SBSmk2/03,B3
14887,BECv10,SBSmk2,SBSmk2/04,B5
14888,BECv10,SBSmk2,SBSmk2/04,B4
14889,BECv10,SBSmk2,SBSmk2/04,B3
14890,BECv10,SBSmk2,SBSmk2/04,A5
14891,BECv10,SBSmk2,SBSmk2/04,A4
14892,BECv10,SBSmk2,SBSmk2/04,A3
14893,BECv10,SBSmk2,SBSmk2/05,E5
14894,BECv10,SBSmk2,SBSmk2/05,D5
14895,BECv10,SBSmk2,SBSmk2/05,C5
14896,BECv10,SBSmk2,SBSmk2/06,D6
14897,BECv10,SBSmk2,SBSmk2/06,C6
14898,Add_2021,SBSmk2,SBSmk2/Ro,A0
14899,Add_2021,SBSmk2,SBSmk2/Ro,B0
14900,BECv10,SBSmm,SBSmm/01,E5
14901,BECv10,SBSmm,SBSmm/01,E4
14902,BECv10,SBSmm,SBSmm/01,E3
14903,BECv10,SBSmm,SBSmm/01,D5
14904,BECv10,SBSmm,SBSmm/01,D4
14905,BECv10,SBSmm,SBSmm/01,D3
14906,BECv10,SBSmm,SBSmm/01,C5
14907,BECv10,SBSmm,SBSmm/01,C4
14908,BECv10,SBSmm,SBSmm/01,C3
14909,BECv10,SBSmm,SBSmm/01,B5
14910,BECv10,SBSmm,SBSmm/01,B4
14911,BECv10,SBSmm,SBSmm/01,B3
14912,BECv10,SBSmm,SBSmm/01,A5
14913,BECv10,SBSmm,SBSmm/01,A4
14914,BECv10,SBSmm,SBSmm/01,A3
14915,BECv10,SBSmm,SBSmm/02,C1
14916,BECv10,SBSmm,SBSmm/02,B2
14917,BECv10,SBSmm,SBSmm/02,B1
14918,BECv10,SBSmm,SBSmm/02,A2
14919,BECv10,SBSmm,SBSmm/02,A1
14920,BECv10,SBSmm,SBSmm/03,C2
14921,BECv10,SBSmm,SBSmm/03,C1
14922,BECv10,SBSmm,SBSmm/03,B2
14923,BECv10,SBSmm,SBSmm/03,B1
14924,BECv10,SBSmm,SBSmm/03,A2
14925,BECv10,SBSmm,SBSmm/04,D3
14926,BECv10,SBSmm,SBSmm/04,D2
14927,BECv10,SBSmm,SBSmm/04,C3
14928,BECv10,SBSmm,SBSmm/04,C2
14929,BECv10,SBSmm,SBSmm/04,B3
14930,BECv10,SBSmm,SBSmm/04,B2
14931,BECv10,SBSmm,SBSmm/05,C3
14932,BECv10,SBSmm,SBSmm/05,C2
14933,BECv10,SBSmm,SBSmm/05,B3
14934,BECv10,SBSmm,SBSmm/05,B2
14935,BECv10,SBSmm,SBSmm/05,A3
14936,BECv10,SBSmm,SBSmm/05,A2
14937,BECv10,SBSmm,SBSmm/06,D4
14938,BECv10,SBSmm,SBSmm/06,D3
14939,BECv10,SBSmm,SBSmm/06,C4
14940,BECv10,SBSmm,SBSmm/06,C3
14941,BECv10,SBSmm,SBSmm/06,B4
14942,BECv10,SBSmm,SBSmm/06,B3
14943,BECv10,SBSmm,SBSmm/06,A4
14944,BECv10,SBSmm,SBSmm/06,A3
14945,BECv10,SBSmm,SBSmm/07,E5
14946,BECv10,SBSmm,SBSmm/07,E4
14947,BECv10,SBSmm,SBSmm/07,D5
14948,BECv10,SBSmm,SBSmm/07,D4
14949,BECv10,SBSmm,SBSmm/07,C5
14950,BECv10,SBSmm,SBSmm/07,C4
14951,BECv10,SBSmm,SBSmm/07,B5
14952,BECv10,SBSmm,SBSmm/07,B4
14953,BECv10,SBSmm,SBSmm/08,E6
14954,BECv10,SBSmm,SBSmm/08,E5
14955,BECv10,SBSmm,SBSmm/08,D6
14956,BECv10,SBSmm,SBSmm/08,D5
14957,BECv10,SBSmm,SBSmm/08,C6
14958,BECv10,SBSmm,SBSmm/08,C5
14959,BECv10,SBSmm,SBSmm/08,B6
14960,BECv10,SBSmm,SBSmm/08,B5
14961,BECv10,SBSmm,SBSmm/09,D7
14962,BECv10,SBSmm,SBSmm/09,D6
14963,BECv10,SBSmm,SBSmm/09,C7
14964,BECv10,SBSmm,SBSmm/09,C6
14965,BECv10,SBSmm,SBSmm/09,B7
14966,BECv10,SBSmm,SBSmm/09,B6
14967,BECv10,SBSmm,SBSmm/09,A7
14968,BECv10,SBSmm,SBSmm/09,A6
14969,Add_2021,SBSmm,SBSmm/Ro,A0
14970,Add_2021,SBSmm,SBSmm/Ro,B0
14971,BECv10,SBSmw,SBSmw/01,D4
14972,BECv10,SBSmw,SBSmw/01,D3
14973,BECv10,SBSmw,SBSmw/01,C4
14974,BECv10,SBSmw,SBSmw/01,C3
14975,BECv10,SBSmw,SBSmw/01,B4
14976,BECv10,SBSmw,SBSmw/01,B3
14977,BECv10,SBSmw,SBSmw/01,C5
14978,BECv10,SBSmw,SBSmw/01,D5
14979,BECv10,SBSmw,SBSmw/02,D1
14980,BECv10,SBSmw,SBSmw/02,C1
14981,BECv10,SBSmw,SBSmw/02,B1
14982,BECv10,SBSmw,SBSmw/02,A1
14983,BECv10,SBSmw,SBSmw/02,D0
14984,BECv10,SBSmw,SBSmw/02,C0
14985,BECv10,SBSmw,SBSmw/02,B0
14986,BECv10,SBSmw,SBSmw/02,A0
14987,BECv10,SBSmw,SBSmw/03,B3
14988,BECv10,SBSmw,SBSmw/03,B2
14989,BECv10,SBSmw,SBSmw/03,B1
14990,BECv10,SBSmw,SBSmw/03,A3
14991,BECv10,SBSmw,SBSmw/03,A2
14992,BECv10,SBSmw,SBSmw/03,A1
14993,BECv10,SBSmw,SBSmw/04,D3
14994,BECv10,SBSmw,SBSmw/04,D2
14995,BECv10,SBSmw,SBSmw/04,D1
14996,BECv10,SBSmw,SBSmw/04,C3
14997,BECv10,SBSmw,SBSmw/04,C2
14998,BECv10,SBSmw,SBSmw/04,C1
14999,BECv10,SBSmw,SBSmw/05,B5
15000,BECv10,SBSmw,SBSmw/06,D5
15001,BECv10,SBSmw,SBSmw/06,C5
15002,BECv10,SBSmw,SBSmw/07,D5
15003,BECv10,SBSmw,SBSmw/07,C5
15004,BECv10,SBSmw,SBSmw/08,E6
15005,BECv10,SBSmw,SBSmw/08,E5
15006,BECv10,SBSmw,SBSmw/08,D6
15007,BECv10,SBSmw,SBSmw/08,D5
15008,BECv10,SBSmw,SBSmw/09,D6
15009,BECv10,SBSmw,SBSmw/09,C6
15010,BECv10,SBSmw,SBSmw/09,B6
15011,BECv10,SBSmw,SBSmw/10,C7
15012,BECv10,SBSmw,SBSmw/10,B7
15013,BECv10,SBSmw,SBSmw/10,A7
15014,BECv10,SBSmw,SBSmw/11,D4
15015,BECv10,SBSmw,SBSmw/11,D3
15016,BECv10,SBSmw,SBSmw/11,C4
15017,BECv10,SBSmw,SBSmw/11,C3
15018,BECv10,SBSmw,SBSmw/11,B4
15019,BECv10,SBSmw,SBSmw/11,B3
15020,BECv10,SBSmw,SBSmw/11,C5
15021,BECv10,SBSmw,SBSmw/11,D5
15022,BECv10,SBSmw,SBSmw/12,C6
15023,BECv10,SBSmw,SBSmw/12,D6
15024,BECv10,SBSmw,SBSmw/13,D6
15025,BECv10,SBSmw,SBSmw/13,D7
15026,Add_2021,SBSmw,SBSmw/Ro,A0
15027,Add_2021,SBSmw,SBSmw/Ro,B0
15028,BECv10,SBSun,SBSun/h,E7
15029,BECv10,SBSun,SBSun/h,E6
15030,BECv10,SBSun,SBSun/h,E5
15031,BECv10,SBSun,SBSun/h,D7
15032,BECv10,SBSun,SBSun/h,D6
15033,BECv10,SBSun,SBSun/h,D5
15034,BECv10,SBSun,SBSun/h,C7
15035,BECv10,SBSun,SBSun/h,C6
15036,BECv10,SBSun,SBSun/h,C5
15037,BECv10,SBSun,SBSun/h,B7
15038,BECv10,SBSun,SBSun/h,B6
15039,BECv10,SBSun,SBSun/h,B5
15040,BECv10,SBSun,SBSun/h,A7
15041,BECv10,SBSun,SBSun/h,A6
15042,BECv10,SBSun,SBSun/h,A5
15043,BECv10,SBSun,SBSun/m,E4
15044,BECv10,SBSun,SBSun/m,E3
15045,BECv10,SBSun,SBSun/m,D4
15046,BECv10,SBSun,SBSun/m,D3
15047,BECv10,SBSun,SBSun/m,C4
15048,BECv10,SBSun,SBSun/m,C3
15049,BECv10,SBSun,SBSun/m,B4
15050,BECv10,SBSun,SBSun/m,B3
15051,BECv10,SBSun,SBSun/m,A4
15052,BECv10,SBSun,SBSun/m,A3
15053,BECv10,SBSun,SBSun/x,E2
15054,BECv10,SBSun,SBSun/x,E1
15055,BECv10,SBSun,SBSun/x,E0
15056,BECv10,SBSun,SBSun/x,D2
15057,BECv10,SBSun,SBSun/x,D1
15058,BECv10,SBSun,SBSun/x,D0
15059,BECv10,SBSun,SBSun/x,C2
15060,BECv10,SBSun,SBSun/x,C1
15061,BECv10,SBSun,SBSun/x,C0
15062,BECv10,SBSun,SBSun/x,B2
15063,BECv10,SBSun,SBSun/x,B1
15064,BECv10,SBSun,SBSun/x,B0
15065,BECv10,SBSun,SBSun/x,A2
15066,BECv10,SBSun,SBSun/x,A1
15067,BECv10,SBSun,SBSun/x,A0
15068,BECv10,SBSvk,SBSvk/01,D5
15069,BECv10,SBSvk,SBSvk/01,D4
15070,BECv10,SBSvk,SBSvk/01,C5
15071,BECv10,SBSvk,SBSvk/01,C4
15072,BECv10,SBSvk,SBSvk/01,C3
15073,BECv10,SBSvk,SBSvk/01,B5
15074,BECv10,SBSvk,SBSvk/01,B4
15075,BECv10,SBSvk,SBSvk/01,B3
15076,BECv10,SBSvk,SBSvk/02,B2
15077,BECv10,SBSvk,SBSvk/02,B1
15078,BECv10,SBSvk,SBSvk/02,A2
15079,BECv10,SBSvk,SBSvk/02,A1
15080,BECv10,SBSvk,SBSvk/03,C3
15081,BECv10,SBSvk,SBSvk/03,B3
15082,BECv10,SBSvk,SBSvk/03,B2
15083,BECv10,SBSvk,SBSvk/04,D3
15084,BECv10,SBSvk,SBSvk/04,C3
15085,BECv10,SBSvk,SBSvk/04,B3
15086,BECv10,SBSvk,SBSvk/05,D5
15087,BECv10,SBSvk,SBSvk/05,D4
15088,BECv10,SBSvk,SBSvk/05,C5
15089,BECv10,SBSvk,SBSvk/05,C4
15090,BECv10,SBSvk,SBSvk/06,D5
15091,BECv10,SBSvk,SBSvk/06,C6
15092,BECv10,SBSvk,SBSvk/06,C5
15093,BECv10,SBSvk,SBSvk/07,E6
15094,BECv10,SBSvk,SBSvk/07,D6
15095,BECv10,SBSvk,SBSvk/07,C6
15096,BECv10,SBSvk,SBSvk/08,B7
15097,BECv10,SBSvk,SBSvk/08,A7
15098,BECv10,SBSvk,SBSvk/09,B1
15099,BECv10,SBSvk,SBSvk/09,A1
15100,BECv10,SBSvk,SBSvk/10,E7
15101,BECv10,SBSvk,SBSvk/10,E6
15102,BECv10,SBSvk,SBSvk/10,D7
15103,BECv10,SBSvk,SBSvk/10,D6
15104,Add_2021,SBSvk,SBSvk/Ro,A0
15105,Add_2021,SBSvk,SBSvk/Ro,B0
15106,BECv10,SBSwk1,SBSwk1/01,D4
15107,BECv10,SBSwk1,SBSwk1/01,C5
15108,BECv10,SBSwk1,SBSwk1/01,C4
15109,BECv10,SBSwk1,SBSwk1/01,B5
15110,BECv10,SBSwk1,SBSwk1/01,B4
15111,BECv10,SBSwk1,SBSwk1/02,D1
15112,BECv10,SBSwk1,SBSwk1/02,C1
15113,BECv10,SBSwk1,SBSwk1/02,B1
15114,BECv10,SBSwk1,SBSwk1/02,A1
15115,BECv10,SBSwk1,SBSwk1/03,C2
15116,BECv10,SBSwk1,SBSwk1/03,C1
15117,BECv10,SBSwk1,SBSwk1/03,B3
15118,BECv10,SBSwk1,SBSwk1/03,B2
15119,BECv10,SBSwk1,SBSwk1/03,B1
15120,BECv10,SBSwk1,SBSwk1/03,A3
15121,BECv10,SBSwk1,SBSwk1/03,A2
15122,BECv10,SBSwk1,SBSwk1/04,D3
15123,BECv10,SBSwk1,SBSwk1/04,D2
15124,BECv10,SBSwk1,SBSwk1/04,C3
15125,BECv10,SBSwk1,SBSwk1/04,C2
15126,BECv10,SBSwk1,SBSwk1/04,B3
15127,BECv10,SBSwk1,SBSwk1/04,B2
15128,BECv10,SBSwk1,SBSwk1/05,D3
15129,BECv10,SBSwk1,SBSwk1/05,C4
15130,BECv10,SBSwk1,SBSwk1/05,C3
15131,BECv10,SBSwk1,SBSwk1/05,B4
15132,BECv10,SBSwk1,SBSwk1/05,B3
15133,BECv10,SBSwk1,SBSwk1/06,C5
15134,BECv10,SBSwk1,SBSwk1/06,B5
15135,BECv10,SBSwk1,SBSwk1/07,D5
15136,BECv10,SBSwk1,SBSwk1/07,C5
15137,BECv10,SBSwk1,SBSwk1/07,B5
15138,BECv10,SBSwk1,SBSwk1/08,E5
15139,BECv10,SBSwk1,SBSwk1/08,D5
15140,BECv10,SBSwk1,SBSwk1/09,D6
15141,BECv10,SBSwk1,SBSwk1/09,C6
15142,BECv10,SBSwk1,SBSwk1/09,B6
15143,BECv10,SBSwk1,SBSwk1/10,E6
15144,BECv10,SBSwk1,SBSwk1/10,D6
15145,BECv10,SBSwk1,SBSwk1/11,D7
15146,BECv10,SBSwk1,SBSwk1/11,C7
15147,BECv10,SBSwk1,SBSwk1/11,C6
15148,BECv10,SBSwk1,SBSwk1/11,B7
15149,BECv10,SBSwk1,SBSwk1/11,B6
15150,BECv10,SBSwk1,SBSwk1/12,B5
15151,BECv10,SBSwk1,SBSwk1/12,B4
15152,BECv10,SBSwk1,SBSwk1/12,B3
15153,BECv10,SBSwk1,SBSwk1/12,A5
15154,BECv10,SBSwk1,SBSwk1/12,A4
15155,BECv10,SBSwk1,SBSwk1/12,A3
15156,Add_2021,SBSwk1,SBSwk1/Ro,A0
15157,Add_2021,SBSwk1,SBSwk1/Ro,B0
15158,BECv10,SBSwk2,SBSwk2/01,D3
15159,BECv10,SBSwk2,SBSwk2/01,C4
15160,BECv10,SBSwk2,SBSwk2/02,B2
15161,BECv10,SBSwk2,SBSwk2/02,B1
15162,BECv10,SBSwk2,SBSwk2/02,A2
15163,BECv10,SBSwk2,SBSwk2/02,A1
15164,BECv10,SBSwk2,SBSwk2/03,C3
15165,BECv10,SBSwk2,SBSwk2/03,B3
15166,BECv10,SBSwk2,SBSwk2/04,B5
15167,BECv10,SBSwk2,SBSwk2/04,B4
15168,BECv10,SBSwk2,SBSwk2/04,B3
15169,BECv10,SBSwk2,SBSwk2/04,A5
15170,BECv10,SBSwk2,SBSwk2/04,A4
15171,BECv10,SBSwk2,SBSwk2/04,A3
15172,BECv10,SBSwk2,SBSwk2/05,D5
15173,BECv10,SBSwk2,SBSwk2/05,C5
15174,BECv10,SBSwk2,SBSwk2/06,D6
15175,BECv10,SBSwk2,SBSwk2/06,C6
15176,Add_2021,SBSwk2,SBSwk2/Ro,A0
15177,Add_2021,SBSwk2,SBSwk2/Ro,B0
15178,BECv10,SBSwk3,SBSwk3/01,D4
15179,BECv10,SBSwk3,SBSwk3/01,C4
15180,BECv10,SBSwk3,SBSwk3/01,B4
15181,BECv10,SBSwk3,SBSwk3/02,B2
15182,BECv10,SBSwk3,SBSwk3/02,B1
15183,BECv10,SBSwk3,SBSwk3/02,A2
15184,BECv10,SBSwk3,SBSwk3/02,A1
15185,BECv10,SBSwk3,SBSwk3/03,C2
15186,BECv10,SBSwk3,SBSwk3/03,B2
15187,BECv10,SBSwk3,SBSwk3/04,D3
15188,BECv10,SBSwk3,SBSwk3/04,C3
15189,BECv10,SBSwk3,SBSwk3/05,B5
15190,BECv10,SBSwk3,SBSwk3/05,B4
15191,BECv10,SBSwk3,SBSwk3/05,B3
15192,BECv10,SBSwk3,SBSwk3/05,A5
15193,BECv10,SBSwk3,SBSwk3/05,A4
15194,BECv10,SBSwk3,SBSwk3/05,A3
15195,BECv10,SBSwk3,SBSwk3/06,D5
15196,BECv10,SBSwk3,SBSwk3/06,D4
15197,BECv10,SBSwk3,SBSwk3/06,C5
15198,BECv10,SBSwk3,SBSwk3/06,C4
15199,BECv10,SBSwk3,SBSwk3/07,D5
15200,BECv10,SBSwk3,SBSwk3/07,C5
15201,BECv10,SBSwk3,SBSwk3/08,D6
15202,BECv10,SBSwk3,SBSwk3/08,C6
15203,Add_2021,SBSwk3,SBSwk3/Ro,A0
15204,Add_2021,SBSwk3,SBSwk3/Ro,B0
15205,BECv10,SBSwk3a,SBSwk3a/01,C4
15206,BECv10,SBSwk3a,SBSwk3a/01,B4
15207,BECv10,SBSwk3a,SBSwk3a/02,B2
15208,BECv10,SBSwk3a,SBSwk3a/02,B1
15209,BECv10,SBSwk3a,SBSwk3a/02,A2
15210,BECv10,SBSwk3a,SBSwk3a/02,A1
15211,BECv10,SBSwk3a,SBSwk3a/03,C2
15212,BECv10,SBSwk3a,SBSwk3a/03,B2
15213,BECv10,SBSwk3a,SBSwk3a/04,C3
15214,BECv10,SBSwk3a,SBSwk3a/04,B3
15215,BECv10,SBSwk3a,SBSwk3a/05,B5
15216,BECv10,SBSwk3a,SBSwk3a/05,B4
15217,BECv10,SBSwk3a,SBSwk3a/05,B3
15218,BECv10,SBSwk3a,SBSwk3a/05,A5
15219,BECv10,SBSwk3a,SBSwk3a/05,A4
15220,BECv10,SBSwk3a,SBSwk3a/05,A3
15221,BECv10,SBSwk3a,SBSwk3a/06,D5
15222,BECv10,SBSwk3a,SBSwk3a/06,D4
15223,BECv10,SBSwk3a,SBSwk3a/06,C5
15224,BECv10,SBSwk3a,SBSwk3a/06,C4
15225,BECv10,SBSwk3a,SBSwk3a/07,D6
15226,BECv10,SBSwk3a,SBSwk3a/07,D5
15227,BECv10,SBSwk3a,SBSwk3a/07,C6
15228,BECv10,SBSwk3a,SBSwk3a/07,C5
15229,BECv10,SBSwk3a,SBSwk3a/08,D6
15230,BECv10,SBSwk3a,SBSwk3a/08,C6
15231,Add_2021,SBSwk3a,SBSwk3a/Ro,A0
15232,Add_2021,SBSwk3a,SBSwk3a/Ro,B0
15233,USA_2019,SGPdm_CO,SGPdm_CO/110,E5
15234,USA_2019,SGPdm_CO,SGPdm_CO/110,D5
15235,USA_2019,SGPdm_CO,SGPdm_CO/110,C5
15236,USA_2019,SGPdm_CO,SGPdm_CO/110,B5
15237,USA_2019,SGPdm_CO,SGPdm_CO/111,E6
15238,USA_2019,SGPdm_CO,SGPdm_CO/111,D6
15239,USA_2019,SGPdm_CO,SGPdm_CO/111,C6
15240,USA_2019,SGPdm_CO,SGPdm_CO/111,B6
15241,USA_2019,SGPdm_CO,SGPdm_CO/Gg,D4
15242,USA_2019,SGPdm_CO,SGPdm_CO/Gg,D3
15243,USA_2019,SGPdm_CO,SGPdm_CO/Gg,D2
15244,USA_2019,SGPdm_CO,SGPdm_CO/Gg,D1
15245,USA_2019,SGPdm_CO,SGPdm_CO/Gg,C4
15246,USA_2019,SGPdm_CO,SGPdm_CO/Gg,C3
15247,USA_2019,SGPdm_CO,SGPdm_CO/Gg,C2
15248,USA_2019,SGPdm_CO,SGPdm_CO/Gg,C1
15249,USA_2019,SGPdm_CO,SGPdm_CO/Gg,B4
15250,USA_2019,SGPdm_CO,SGPdm_CO/Gg,B3
15251,USA_2019,SGPdm_CO,SGPdm_CO/Gg,B2
15252,USA_2019,SGPdm_CO,SGPdm_CO/Gg,B1
15253,USA_2019,SGPdm_CO,SGPdm_CO/Gg,A2
15254,USA_2019,SGPdm_CO,SGPdm_CO/Gg,A1
15255,Add_2021,SGPdm_CO,SGPdm_CO/Ro,A0
15256,Add_2021,SGPdm_CO,SGPdm_CO/Ro,B0
15257,BECv10,SWBmk,SWBmk/01,D4
15258,BECv10,SWBmk,SWBmk/01,C4
15259,BECv10,SWBmk,SWBmk/01,B4
15260,BECv10,SWBmk,SWBmk/02,B2
15261,BECv10,SWBmk,SWBmk/02,B1
15262,BECv10,SWBmk,SWBmk/02,B0
15263,BECv10,SWBmk,SWBmk/02,A2
15264,BECv10,SWBmk,SWBmk/02,A1
15265,BECv10,SWBmk,SWBmk/02,A0
15266,BECv10,SWBmk,SWBmk/03,C2
15267,BECv10,SWBmk,SWBmk/03,C1
15268,BECv10,SWBmk,SWBmk/03,B2
15269,BECv10,SWBmk,SWBmk/03,B1
15270,BECv10,SWBmk,SWBmk/04,D3
15271,BECv10,SWBmk,SWBmk/04,C4
15272,BECv10,SWBmk,SWBmk/04,C3
15273,BECv10,SWBmk,SWBmk/04,B4
15274,BECv10,SWBmk,SWBmk/04,B3
15275,BECv10,SWBmk,SWBmk/05,B5
15276,BECv10,SWBmk,SWBmk/05,B3
15277,BECv10,SWBmk,SWBmk/05,A5
15278,BECv10,SWBmk,SWBmk/05,A4
15279,BECv10,SWBmk,SWBmk/05,A3
15280,BECv10,SWBmk,SWBmk/06,C5
15281,BECv10,SWBmk,SWBmk/06,B5
15282,BECv10,SWBmk,SWBmk/07,C6
15283,BECv10,SWBmk,SWBmk/07,C5
15284,BECv10,SWBmk,SWBmk/07,B6
15285,BECv10,SWBmk,SWBmk/07,B5
15286,BECv10,SWBmk,SWBmk/08,D6
15287,BECv10,SWBmk,SWBmk/08,D5
15288,BECv10,SWBmk,SWBmk/08,C6
15289,BECv10,SWBmk,SWBmk/08,C5
15290,BECv10,SWBmk,SWBmk/09,C7
15291,BECv10,SWBmk,SWBmk/09,B7
15292,BECv10,SWBmk,SWBmk/09,B6
15293,BECv10,SWBmk,SWBmk/09,A7
15294,BECv10,SWBmk,SWBmk/09,A6
15295,BECv10,SWBmks,SWBmks/00,E7
15296,BECv10,SWBmks,SWBmks/00,E6
15297,BECv10,SWBmks,SWBmks/00,E5
15298,BECv10,SWBmks,SWBmks/00,E4
15299,BECv10,SWBmks,SWBmks/00,E3
15300,BECv10,SWBmks,SWBmks/00,E2
15301,BECv10,SWBmks,SWBmks/00,E1
15302,BECv10,SWBmks,SWBmks/00,E0
15303,BECv10,SWBmks,SWBmks/00,D7
15304,BECv10,SWBmks,SWBmks/00,D6
15305,BECv10,SWBmks,SWBmks/00,D5
15306,BECv10,SWBmks,SWBmks/00,D4
15307,BECv10,SWBmks,SWBmks/00,D3
15308,BECv10,SWBmks,SWBmks/00,D2
15309,BECv10,SWBmks,SWBmks/00,D1
15310,BECv10,SWBmks,SWBmks/00,D0
15311,BECv10,SWBmks,SWBmks/00,C7
15312,BECv10,SWBmks,SWBmks/00,C6
15313,BECv10,SWBmks,SWBmks/00,C5
15314,BECv10,SWBmks,SWBmks/00,C4
15315,BECv10,SWBmks,SWBmks/00,C3
15316,BECv10,SWBmks,SWBmks/00,C2
15317,BECv10,SWBmks,SWBmks/00,C1
15318,BECv10,SWBmks,SWBmks/00,C0
15319,BECv10,SWBmks,SWBmks/00,B7
15320,BECv10,SWBmks,SWBmks/00,B6
15321,BECv10,SWBmks,SWBmks/00,B5
15322,BECv10,SWBmks,SWBmks/00,B4
15323,BECv10,SWBmks,SWBmks/00,B3
15324,BECv10,SWBmks,SWBmks/00,B2
15325,BECv10,SWBmks,SWBmks/00,B1
15326,BECv10,SWBmks,SWBmks/00,B0
15327,BECv10,SWBmks,SWBmks/00,A7
15328,BECv10,SWBmks,SWBmks/00,A6
15329,BECv10,SWBmks,SWBmks/00,A5
15330,BECv10,SWBmks,SWBmks/00,A4
15331,BECv10,SWBmks,SWBmks/00,A3
15332,BECv10,SWBmks,SWBmks/00,A2
15333,BECv10,SWBmks,SWBmks/00,A1
15334,BECv10,SWBmks,SWBmks/00,A0
15335,BECv10,SWBun1,SWBun1/h,E7
15336,BECv10,SWBun1,SWBun1/h,E6
15337,BECv10,SWBun1,SWBun1/h,E5
15338,BECv10,SWBun1,SWBun1/h,D7
15339,BECv10,SWBun1,SWBun1/h,D6
15340,BECv10,SWBun1,SWBun1/h,D5
15341,BECv10,SWBun1,SWBun1/h,C7
15342,BECv10,SWBun1,SWBun1/h,C6
15343,BECv10,SWBun1,SWBun1/h,C5
15344,BECv10,SWBun1,SWBun1/h,B7
15345,BECv10,SWBun1,SWBun1/h,B6
15346,BECv10,SWBun1,SWBun1/h,A7
15347,BECv10,SWBun1,SWBun1/h,A6
15348,BECv10,SWBun1,SWBun1/h,A5
15349,BECv10,SWBun1,SWBun1/m,E4
15350,BECv10,SWBun1,SWBun1/m,E3
15351,BECv10,SWBun1,SWBun1/m,D4
15352,BECv10,SWBun1,SWBun1/m,D3
15353,BECv10,SWBun1,SWBun1/m,C4
15354,BECv10,SWBun1,SWBun1/m,C3
15355,BECv10,SWBun1,SWBun1/m,B5
15356,BECv10,SWBun1,SWBun1/m,B4
15357,BECv10,SWBun1,SWBun1/m,B3
15358,BECv10,SWBun1,SWBun1/m,A4
15359,BECv10,SWBun1,SWBun1/m,A3
15360,BECv10,SWBun1,SWBun1/x,E2
15361,BECv10,SWBun1,SWBun1/x,E1
15362,BECv10,SWBun1,SWBun1/x,E0
15363,BECv10,SWBun1,SWBun1/x,D2
15364,BECv10,SWBun1,SWBun1/x,D1
15365,BECv10,SWBun1,SWBun1/x,D0
15366,BECv10,SWBun1,SWBun1/x,C2
15367,BECv10,SWBun1,SWBun1/x,C1
15368,BECv10,SWBun1,SWBun1/x,C0
15369,BECv10,SWBun1,SWBun1/x,B2
15370,BECv10,SWBun1,SWBun1/x,B1
15371,BECv10,SWBun1,SWBun1/x,B0
15372,BECv10,SWBun1,SWBun1/x,A2
15373,BECv10,SWBun1,SWBun1/x,A1
15374,BECv10,SWBun1,SWBun1/x,A0
15375,BECv10,SWBvk,SWBvk/h,E7
15376,BECv10,SWBvk,SWBvk/h,E6
15377,BECv10,SWBvk,SWBvk/h,E5
15378,BECv10,SWBvk,SWBvk/h,D7
15379,BECv10,SWBvk,SWBvk/h,D6
15380,BECv10,SWBvk,SWBvk/h,D5
15381,BECv10,SWBvk,SWBvk/h,C7
15382,BECv10,SWBvk,SWBvk/h,C6
15383,BECv10,SWBvk,SWBvk/h,C5
15384,BECv10,SWBvk,SWBvk/h,B7
15385,BECv10,SWBvk,SWBvk/h,B6
15386,BECv10,SWBvk,SWBvk/h,A7
15387,BECv10,SWBvk,SWBvk/h,A6
15388,BECv10,SWBvk,SWBvk/h,A5
15389,BECv10,SWBvk,SWBvk/m,E4
15390,BECv10,SWBvk,SWBvk/m,E3
15391,BECv10,SWBvk,SWBvk/m,D4
15392,BECv10,SWBvk,SWBvk/m,D3
15393,BECv10,SWBvk,SWBvk/m,C4
15394,BECv10,SWBvk,SWBvk/m,C3
15395,BECv10,SWBvk,SWBvk/m,B5
15396,BECv10,SWBvk,SWBvk/m,B4
15397,BECv10,SWBvk,SWBvk/m,B3
15398,BECv10,SWBvk,SWBvk/m,A4
15399,BECv10,SWBvk,SWBvk/m,A3
15400,BECv10,SWBvk,SWBvk/x,E2
15401,BECv10,SWBvk,SWBvk/x,E1
15402,BECv10,SWBvk,SWBvk/x,E0
15403,BECv10,SWBvk,SWBvk/x,D2
15404,BECv10,SWBvk,SWBvk/x,D1
15405,BECv10,SWBvk,SWBvk/x,D0
15406,BECv10,SWBvk,SWBvk/x,C2
15407,BECv10,SWBvk,SWBvk/x,C1
15408,BECv10,SWBvk,SWBvk/x,C0
15409,BECv10,SWBvk,SWBvk/x,B2
15410,BECv10,SWBvk,SWBvk/x,B1
15411,BECv10,SWBvk,SWBvk/x,B0
15412,BECv10,SWBvk,SWBvk/x,A2
15413,BECv10,SWBvk,SWBvk/x,A1
15414,BECv10,SWBvk,SWBvk/x,A0
15415,BECv10,SWBvks,SWBvks/00,E7
15416,BECv10,SWBvks,SWBvks/00,E6
15417,BECv10,SWBvks,SWBvks/00,E5
15418,BECv10,SWBvks,SWBvks/00,E4
15419,BECv10,SWBvks,SWBvks/00,E3
15420,BECv10,SWBvks,SWBvks/00,E2
15421,BECv10,SWBvks,SWBvks/00,E1
15422,BECv10,SWBvks,SWBvks/00,E0
15423,BECv10,SWBvks,SWBvks/00,D7
15424,BECv10,SWBvks,SWBvks/00,D6
15425,BECv10,SWBvks,SWBvks/00,D5
15426,BECv10,SWBvks,SWBvks/00,D4
15427,BECv10,SWBvks,SWBvks/00,D3
15428,BECv10,SWBvks,SWBvks/00,D2
15429,BECv10,SWBvks,SWBvks/00,D1
15430,BECv10,SWBvks,SWBvks/00,D0
15431,BECv10,SWBvks,SWBvks/00,C7
15432,BECv10,SWBvks,SWBvks/00,C6
15433,BECv10,SWBvks,SWBvks/00,C5
15434,BECv10,SWBvks,SWBvks/00,C4
15435,BECv10,SWBvks,SWBvks/00,C3
15436,BECv10,SWBvks,SWBvks/00,C2
15437,BECv10,SWBvks,SWBvks/00,C1
15438,BECv10,SWBvks,SWBvks/00,C0
15439,BECv10,SWBvks,SWBvks/00,B7
15440,BECv10,SWBvks,SWBvks/00,B6
15441,BECv10,SWBvks,SWBvks/00,B5
15442,BECv10,SWBvks,SWBvks/00,B4
15443,BECv10,SWBvks,SWBvks/00,B3
15444,BECv10,SWBvks,SWBvks/00,B2
15445,BECv10,SWBvks,SWBvks/00,B1
15446,BECv10,SWBvks,SWBvks/00,B0
15447,BECv10,SWBvks,SWBvks/00,A7
15448,BECv10,SWBvks,SWBvks/00,A6
15449,BECv10,SWBvks,SWBvks/00,A5
15450,BECv10,SWBvks,SWBvks/00,A4
15451,BECv10,SWBvks,SWBvks/00,A3
15452,BECv10,SWBvks,SWBvks/00,A2
15453,BECv10,SWBvks,SWBvks/00,A1
15454,BECv10,SWBvks,SWBvks/00,A0
15455,USA_2019,WJPxm_OR,WJPxm_OR/101,D4
15456,USA_2019,WJPxm_OR,WJPxm_OR/101,D3
15457,USA_2019,WJPxm_OR,WJPxm_OR/101,C4
15458,USA_2019,WJPxm_OR,WJPxm_OR/101,C3
15459,USA_2019,WJPxm_OR,WJPxm_OR/101,B4
15460,USA_2019,WJPxm_OR,WJPxm_OR/101,B3
15461,USA_2019,WJPxm_OR,WJPxm_OR/103,D2
15462,USA_2019,WJPxm_OR,WJPxm_OR/103,C2
15463,USA_2019,WJPxm_OR,WJPxm_OR/103,B2
15464,USA_2019,WJPxm_OR,WJPxm_OR/103,A2
15465,USA_2019,WJPxm_OR,WJPxm_OR/110,E5
15466,USA_2019,WJPxm_OR,WJPxm_OR/110,D5
15467,USA_2019,WJPxm_OR,WJPxm_OR/110,C5
15468,USA_2019,WJPxm_OR,WJPxm_OR/110,B5
15469,USA_2019,WJPxm_OR,WJPxm_OR/111,E6
15470,USA_2019,WJPxm_OR,WJPxm_OR/111,D6
15471,USA_2019,WJPxm_OR,WJPxm_OR/111,C6
15472,USA_2019,WJPxm_OR,WJPxm_OR/111,B6
15473,USA_2019,WJPxm_OR,WJPxm_OR/Gg,D1
15474,USA_2019,WJPxm_OR,WJPxm_OR/Gg,C1
15475,USA_2019,WJPxm_OR,WJPxm_OR/Gg,B1
15476,USA_2019,WJPxm_OR,WJPxm_OR/Gg,A1
15477,Add_2021,WJPxm_OR,WJPxm_OR/Ro,A0
15478,Add_2021,WJPxm_OR,WJPxm_OR/Ro,B0
15479,Add_2026,CRFmh_CA,CRFmh_CA/101,B3
15480,Add_2026,CRFmh_CA,CRFmh_CA/101,B4
15481,Add_2026,CRFmh_CA,CRFmh_CA/101,C3
15482,Add_2026,CRFmh_CA,CRFmh_CA/101,C4
15483,Add_2026,CRFmh_CA,CRFmh_CA/101,D3
15484,Add_2026,CRFmh_CA,CRFmh_CA/101,D4
15485,Add_2026,CRFmh_CA,CRFmh_CA/102,A1
15486,Add_2026,CRFmh_CA,CRFmh_CA/102,B1
15487,Add_2026,CRFmh_CA,CRFmh_CA/102,C1
15488,Add_2026,CRFmh_CA,CRFmh_CA/102,D1
15489,Add_2026,CRFmh_CA,CRFmh_CA/103,A2
15490,Add_2026,CRFmh_CA,CRFmh_CA/103,B2
15491,Add_2026,CRFmh_CA,CRFmh_CA/103,C2
15492,Add_2026,CRFmh_CA,CRFmh_CA/103,D2
15493,Add_2026,CRFmh_CA,CRFmh_CA/110,B5
15494,Add_2026,CRFmh_CA,CRFmh_CA/110,C5
15495,Add_2026,CRFmh_CA,CRFmh_CA/110,D5
15496,Add_2026,CRFmh_CA,CRFmh_CA/110,E5
15497,Add_2026,CRFmh_CA,CRFmh_CA/111,B6
15498,Add_2026,CRFmh_CA,CRFmh_CA/111,C6
15499,Add_2026,CRFmh_CA,CRFmh_CA/111,D6
15500,Add_2026,CRFmh_CA,CRFmh_CA/111,E6
15501,Add_2026,CRFmh_CA,CRFmh_CA/Ro,A0
15502,Add_2026,CRFmh_CA,CRFmh_CA/Ro,B0
15503,USA_2026,FGff,FGff/112,B5
15504,USA_2026,FGff,FGff/113,B6
15505,USA_2026,FGff,FGff/112,C5
15506,USA_2026,FGff,FGff/113,C6
15507,USA_2026,FGff,FGff/112,D5
15508,USA_2026,FGff,FGff/113,D6
15509,USA_2026,FGff,FGff/112,E5
15510,USA_2026,FGff,FGff/113,E6
15511,USA_2026,MDCHun_NV,MDCHun_NV/111,B6
15512,USA_2026,MDCHun_NV,MDCHun_NV/111,C6
15513,USA_2026,MDCHun_NV,MDCHun_NV/111,D6
15514,USA_2026,MDCHun_NV,MDCHun_NV/111,E6
15515,USA_2026,MSSDun_NV,MSSDun_NV/101,B3
15516,USA_2026,MSSDun_NV,MSSDun_NV/101,B4
15517,USA_2026,MSSDun_NV,MSSDun_NV/101,C3
15518,USA_2026,MSSDun_NV,MSSDun_NV/101,C4
15519,USA_2026,MSSDun_NV,MSSDun_NV/101,D3
15520,USA_2026,MSSDun_NV,MSSDun_NV/101,D4
15521,USA_2026,OWdm_CA,OWdm_CA/101,B3
15522,USA_2026,OWdm_CA,OWdm_CA/101,B4
15523,USA_2026,OWdm_CA,OWdm_CA/101,C3
15524,USA_2026,OWdm_CA,OWdm_CA/101,C4
15525,USA_2026,OWdm_CA,OWdm_CA/101,D3
15526,USA_2026,OWdm_CA,OWdm_CA/101,D4
15527,USA_2026,OWdm_CA,OWdm_CA/102,A1
15528,USA_2026,OWdm_CA,OWdm_CA/102,B1
15529,USA_2026,OWdm_CA,OWdm_CA/102,C1
15530,USA_2026,OWdm_CA,OWdm_CA/102,D1
15531,USA_2026,OWdm_CA,OWdm_CA/103,A2
15532,USA_2026,OWdm_CA,OWdm_CA/103,B2
15533,USA_2026,OWdm_CA,OWdm_CA/103,C2
15534,USA_2026,OWdm_CA,OWdm_CA/103,D2
15535,USA_2026,OWdm_CA,OWdm_CA/110,B5
15536,USA_2026,OWdm_CA,OWdm_CA/110,C5
15537,USA_2026,OWdm_CA,OWdm_CA/110,D5
15538,USA_2026,OWdm_CA,OWdm_CA/110,E5
15539,USA_2026,OWdm_CA,OWdm_CA/111,B6
15540,USA_2026,OWdm_CA,OWdm_CA/111,C6
15541,USA_2026,OWdm_CA,OWdm_CA/111,D6
15542,USA_2026,OWdm_CA,OWdm_CA/111,E6
15543,USA_2026,OWdm_CA,OWdm_CA/Ro,A0
15544,USA_2026,OWdm_CA,OWdm_CA/Ro,B0
15545,USA_2026,OWmm_OR,OWmm_OR/101,B3
15546,USA_2026,OWmm_OR,OWmm_OR/101,B4
15547,USA_2026,OWmm_OR,OWmm_OR/101,C3
15548,USA_2026,OWmm_OR,OWmm_OR/101,C4
15549,USA_2026,OWmm_OR,OWmm_OR/101,D3
15550,USA_2026,OWmm_OR,OWmm_OR/101,D4
15551,USA_2026,OWmm_OR,OWmm_OR/102,A1
15552,USA_2026,OWmm_OR,OWmm_OR/102,B1
15553,USA_2026,OWmm_OR,OWmm_OR/102,C1
15554,USA_2026,OWmm_OR,OWmm_OR/102,D1
15555,USA_2026,OWmm_OR,OWmm_OR/103,A2
15556,USA_2026,OWmm_OR,OWmm_OR/103,B2
15557,USA_2026,OWmm_OR,OWmm_OR/103,C2
15558,USA_2026,OWmm_OR,OWmm_OR/103,D2
15559,USA_2026,OWmm_OR,OWmm_OR/110,B5
15560,USA_2026,OWmm_OR,OWmm_OR/110,C5
15561,USA_2026,OWmm_OR,OWmm_OR/110,D5
15562,USA_2026,OWmm_OR,OWmm_OR/110,E5
15563,USA_2026,OWmm_OR,OWmm_OR/111,B6
15564,USA_2026,OWmm_OR,OWmm_OR/111,C6
15565,USA_2026,OWmm_OR,OWmm_OR/111,D6
15566,USA_2026,OWmm_OR,OWmm_OR/111,E6
15567,USA_2026,OWmm_OR,OWmm_OR/Ro,A0
15568,USA_2026,OWmm_OR,OWmm_OR/Ro,B0
15569,USA_2026,OWwm_OR,OWwm_OR/101,B3
15570,USA_2026,OWwm_OR,OWwm_OR/101,B4
15571,USA_2026,OWwm_OR,OWwm_OR/101,C3
15572,USA_2026,OWwm_OR,OWwm_OR/101,C4
15573,USA_2026,OWwm_OR,OWwm_OR/101,D3
15574,USA_2026,OWwm_OR,OWwm_OR/101,D4
15575,USA_2026,OWwm_OR,OWwm_OR/102,A1
15576,USA_2026,OWwm_OR,OWwm_OR/102,B1
15577,USA_2026,OWwm_OR,OWwm_OR/102,C1
15578,USA_2026,OWwm_OR,OWwm_OR/102,D1
15579,USA_2026,OWwm_OR,OWwm_OR/103,A2
15580,USA_2026,OWwm_OR,OWwm_OR/103,B2
15581,USA_2026,OWwm_OR,OWwm_OR/103,C2
15582,USA_2026,OWwm_OR,OWwm_OR/103,D2
15583,USA_2026,OWwm_OR,OWwm_OR/110,B5
15584,USA_2026,OWwm_OR,OWwm_OR/110,C5
15585,USA_2026,OWwm_OR,OWwm_OR/110,D5
15586,USA_2026,OWwm_OR,OWwm_OR/110,E5
15587,USA_2026,OWwm_OR,OWwm_OR/111,B6
15588,USA_2026,OWwm_OR,OWwm_OR/111,C6
15589,USA_2026,OWwm_OR,OWwm_OR/111,D6
15590,USA_2026,OWwm_OR,OWwm_OR/111,E6
15591,USA_2026,OWwm_OR,OWwm_OR/Ro,A0
15592,USA_2026,OWwm_OR,OWwm_OR/Ro,B0
15593,USA_2026,OWxm_CA,OWxm_CA/101,B3
15594,USA_2026,OWxm_CA,OWxm_CA/101,B4
15595,USA_2026,OWxm_CA,OWxm_CA/101,C3
15596,USA_2026,OWxm_CA,OWxm_CA/101,C4
15597,USA_2026,OWxm_CA,OWxm_CA/101,D3
15598,USA_2026,OWxm_CA,OWxm_CA/101,D4
15599,USA_2026,OWxm_CA,OWxm_CA/102,A1
15600,USA_2026,OWxm_CA,OWxm_CA/102,B1
15601,USA_2026,OWxm_CA,OWxm_CA/102,C1
15602,USA_2026,OWxm_CA,OWxm_CA/102,D1
15603,USA_2026,OWxm_CA,OWxm_CA/103,A2
15604,USA_2026,OWxm_CA,OWxm_CA/103,B2
15605,USA_2026,OWxm_CA,OWxm_CA/103,C2
15606,USA_2026,OWxm_CA,OWxm_CA/103,D2
15607,USA_2026,OWxm_CA,OWxm_CA/110,B5
15608,USA_2026,OWxm_CA,OWxm_CA/110,C5
15609,USA_2026,OWxm_CA,OWxm_CA/110,D5
15610,USA_2026,OWxm_CA,OWxm_CA/110,E5
15611,USA_2026,OWxm_CA,OWxm_CA/111,B6
15612,USA_2026,OWxm_CA,OWxm_CA/111,C6
15613,USA_2026,OWxm_CA,OWxm_CA/111,D6
15614,USA_2026,OWxm_CA,OWxm_CA/111,E6
15615,USA_2026,OWxm_CA,OWxm_CA/Ro,A0
15616,USA_2026,OWxm_CA,OWxm_CA/Ro,B0
15617,USA_2026,PPJWmw_UT,PPJWmw_UT/101,B3
15618,USA_2026,PPJWmw_UT,PPJWmw_UT/101,B4
15619,USA_2026,PPJWmw_UT,PPJWmw_UT/101,C3
15620,USA_2026,PPJWmw_UT,PPJWmw_UT/101,C4
15621,USA_2026,PPJWmw_UT,PPJWmw_UT/101,D3
15622,USA_2026,PPJWmw_UT,PPJWmw_UT/101,D4
15623,USA_2026,PPJWmw_UT,PPJWmw_UT/103,A2
15624,USA_2026,PPJWmw_UT,PPJWmw_UT/103,B2
15625,USA_2026,PPJWmw_UT,PPJWmw_UT/103,C2
15626,USA_2026,PPJWmw_UT,PPJWmw_UT/103,D2
15627,USA_2026,PPJWmw_UT,PPJWmw_UT/110,B5
15628,USA_2026,PPJWmw_UT,PPJWmw_UT/110,C5
15629,USA_2026,PPJWmw_UT,PPJWmw_UT/110,D5
15630,USA_2026,PPJWmw_UT,PPJWmw_UT/110,E5
15631,USA_2026,PPJWmw_UT,PPJWmw_UT/111,B6
15632,USA_2026,PPJWmw_UT,PPJWmw_UT/111,C6
15633,USA_2026,PPJWmw_UT,PPJWmw_UT/111,D6
15634,USA_2026,PPJWmw_UT,PPJWmw_UT/111,E6
15635,USA_2026,PPJWmw_UT,PPJWmw_UT/Gg,A1
15636,USA_2026,PPJWmw_UT,PPJWmw_UT/Gg,B1
15637,USA_2026,PPJWmw_UT,PPJWmw_UT/Gg,C1
15638,USA_2026,PPJWmw_UT,PPJWmw_UT/Gg,D1
15639,USA_2026,PPJWmw_UT,PPJWmw_UT/Ro,A0
15640,USA_2026,PPJWmw_UT,PPJWmw_UT/Ro,B0
15641,USA_2026,MMMdk_NV,MMMdk_NV/110,B5
15642,USA_2026,MMMdk_NV,MMMdk_NV/110,C5
15643,USA_2026,MMMdk_NV,MMMdk_NV/110,D5
15644,USA_2026,MMMdk_NV,MMMdk_NV/110,E5
15645,USA_2026,MMMdk_NV,MMMdk_NV/111,B6
15646,USA_2026,MMMdk_NV,MMMdk_NV/111,C6
15647,USA_2026,MMMdk_NV,MMMdk_NV/111,D6
15648,USA_2026,MMMdk_NV,MMMdk_NV/111,E6
15649,USA_2026,MMMdk_NV,MMMdk_NV/102,A1
15650,USA_2026,MMMdk_NV,MMMdk_NV/103,A2
15651,USA_2026,MMMdk_NV,MMMdk_NV/102,B1
15652,USA_2026,MMMdk_NV,MMMdk_NV/103,B2
15653,USA_2026,MMMdk_NV,MMMdk_NV/102,C1
15654,USA_2026,MMMdk_NV,MMMdk_NV/103,C2
15655,USA_2026,MMMdk_NV,MMMdk_NV/102,D1
15656,USA_2026,MMMdk_NV,MMMdk_NV/103,D2
15657,USA_2026,MMMdk_NV,MMMdk_NV/101,B3
15658,USA_2026,MMMdk_NV,MMMdk_NV/101,B4
15659,USA_2026,MMMdk_NV,MMMdk_NV/101,C3
15660,USA_2026,MMMdk_NV,MMMdk_NV/101,C4
15661,USA_2026,MMMdk_NV,MMMdk_NV/101,D3
15662,USA_2026,MMMdk_NV,MMMdk_NV/101,D4
15663,USA_2026,MMMdk_NV,MMMdk_NV/Ro,A0
15664,USA_2026,MMMdk_NV,MMMdk_NV/Ro,B0
15665,USA_2026,BGxxx_WY,BGxxx_WY/110,B5
15666,USA_2026,BGxxx_WY,BGxxx_WY/110,C5
15667,USA_2026,BGxxx_WY,BGxxx_WY/110,D5
15668,USA_2026,BGxxx_WY,BGxxx_WY/110,E5
15669,USA_2026,BGxxx_WY,BGxxx_WY/111,B6
15670,USA_2026,BGxxx_WY,BGxxx_WY/111,C6
15671,USA_2026,BGxxx_WY,BGxxx_WY/111,D6
15672,USA_2026,BGxxx_WY,BGxxx_WY/111,E6
15673,USA_2026,BGxxx_WY,BGxxx_WY/Gg1,A1
15674,USA_2026,BGxxx_WY,BGxxx_WY/Gg1,A2
15675,USA_2026,BGxxx_WY,BGxxx_WY/Gg1,B1
15676,USA_2026,BGxxx_WY,BGxxx_WY/Gg1,B2
15677,USA_2026,BGxxx_WY,BGxxx_WY/Gg1,C1
15678,USA_2026,BGxxx_WY,BGxxx_WY/Gg1,C2
15679,USA_2026,BGxxx_WY,BGxxx_WY/Gg1,D1
15680,USA_2026,BGxxx_WY,BGxxx_WY/Gg1,D2
15681,USA_2026,BGxxx_WY,BGxxx_WY/Gg2,B3
15682,USA_2026,BGxxx_WY,BGxxx_WY/Gg2,B4
15683,USA_2026,BGxxx_WY,BGxxx_WY/Gg2,C3
15684,USA_2026,BGxxx_WY,BGxxx_WY/Gg2,C4
15685,USA_2026,BGxxx_WY,BGxxx_WY/Gg2,D3
15686,USA_2026,BGxxx_WY,BGxxx_WY/Gg2,D4
15687,USA_2026,BGxxx_WY,BGxxx_WY/Ro,A0
15688,USA_2026,BGxxx_WY,BGxxx_WY/Ro,B0
15689,USA_2019,PPJWdm_WY,PPJWdm_WY/101,B3
15690,USA_2019,PPJWdm_WY,PPJWdm_WY/101,B4
15691,USA_2019,PPJWdm_WY,PPJWdm_WY/101,C3
15692,USA_2019,PPJWdm_WY,PPJWdm_WY/101,C4
15693,USA_2019,PPJWdm_WY,PPJWdm_WY/101,D3
15694,USA_2019,PPJWdm_WY,PPJWdm_WY/101,D4
15695,USA_2019,PPJWdm_WY,PPJWdm_WY/110,B5
15696,USA_2019,PPJWdm_WY,PPJWdm_WY/110,C5
15697,USA_2019,PPJWdm_WY,PPJWdm_WY/110,D5
15698,USA_2019,PPJWdm_WY,PPJWdm_WY/110,E5
15699,USA_2019,PPJWdm_WY,PPJWdm_WY/111,B6
15700,USA_2019,PPJWdm_WY,PPJWdm_WY/111,C6
15701,USA_2019,PPJWdm_WY,PPJWdm_WY/113,D6
15702,USA_2019,PPJWdm_WY,PPJWdm_WY/113,E6
15703,USA_2019,PPJWdm_WY,PPJWdm_WY/Gg,A1
15704,USA_2019,PPJWdm_WY,PPJWdm_WY/Gg,A2
15705,USA_2019,PPJWdm_WY,PPJWdm_WY/Gg,B1
15706,USA_2019,PPJWdm_WY,PPJWdm_WY/Gg,B2
15707,USA_2019,PPJWdm_WY,PPJWdm_WY/Gg,C1
15708,USA_2019,PPJWdm_WY,PPJWdm_WY/Gg,C2
15709,USA_2019,PPJWdm_WY,PPJWdm_WY/Gg,D1
15710,USA_2019,PPJWdm_WY,PPJWdm_WY/Gg,D2
15711,Add_2021,PPJWdm_WY,PPJWdm_WY/Ro,A0
15712,Add_2021,PPJWdm_WY,PPJWdm_WY/Ro,B0
15713,USA_2019,PPJWdw_UT,PPJWdw_UT/101,B3
15714,USA_2019,PPJWdw_UT,PPJWdw_UT/101,B4
15715,USA_2019,PPJWdw_UT,PPJWdw_UT/101,C3
15716,USA_2019,PPJWdw_UT,PPJWdw_UT/101,C4
15717,USA_2019,PPJWdw_UT,PPJWdw_UT/101,D3
15718,USA_2019,PPJWdw_UT,PPJWdw_UT/101,D4
15719,USA_2019,PPJWdw_UT,PPJWdw_UT/103,A2
15720,USA_2019,PPJWdw_UT,PPJWdw_UT/103,B2
15721,USA_2019,PPJWdw_UT,PPJWdw_UT/103,C2
15722,USA_2019,PPJWdw_UT,PPJWdw_UT/103,D2
15723,USA_2019,PPJWdw_UT,PPJWdw_UT/110,B5
15724,USA_2019,PPJWdw_UT,PPJWdw_UT/110,C5
15725,USA_2019,PPJWdw_UT,PPJWdw_UT/110,D5
15726,USA_2019,PPJWdw_UT,PPJWdw_UT/110,E5
15727,USA_2019,PPJWdw_UT,PPJWdw_UT/111,B6
15728,USA_2019,PPJWdw_UT,PPJWdw_UT/111,C6
15729,USA_2019,PPJWdw_UT,PPJWdw_UT/113,D6
15730,USA_2019,PPJWdw_UT,PPJWdw_UT/113,E6
15731,USA_2019,PPJWdw_UT,PPJWdw_UT/Gg,A1
15732,USA_2019,PPJWdw_UT,PPJWdw_UT/Gg,B1
15733,USA_2019,PPJWdw_UT,PPJWdw_UT/Gg,C1
15734,USA_2019,PPJWdw_UT,PPJWdw_UT/Gg,D1
15735,Add_2021,PPJWdw_UT,PPJWdw_UT/Ro,A0
15736,Add_2021,PPJWdw_UT,PPJWdw_UT/Ro,B0
15737,USA_2019,PPJWwm_CO,PPJWwm_CO/101,B3
15738,USA_2019,PPJWwm_CO,PPJWwm_CO/101,B4
15739,USA_2019,PPJWwm_CO,PPJWwm_CO/101,C3
15740,USA_2019,PPJWwm_CO,PPJWwm_CO/101,C4
15741,USA_2019,PPJWwm_CO,PPJWwm_CO/101,D3
15742,USA_2019,PPJWwm_CO,PPJWwm_CO/101,D4
15743,USA_2019,PPJWwm_CO,PPJWwm_CO/103,A2
15744,USA_2019,PPJWwm_CO,PPJWwm_CO/103,B2
15745,USA_2019,PPJWwm_CO,PPJWwm_CO/103,C2
15746,USA_2019,PPJWwm_CO,PPJWwm_CO/103,D2
15747,USA_2019,PPJWwm_CO,PPJWwm_CO/110,B5
15748,USA_2019,PPJWwm_CO,PPJWwm_CO/110,C5
15749,USA_2019,PPJWwm_CO,PPJWwm_CO/110,D5
15750,USA_2019,PPJWwm_CO,PPJWwm_CO/110,E5
15751,USA_2019,PPJWwm_CO,PPJWwm_CO/111,B6
15752,USA_2019,PPJWwm_CO,PPJWwm_CO/111,C6
15753,USA_2019,PPJWwm_CO,PPJWwm_CO/113,D6
15754,USA_2019,PPJWwm_CO,PPJWwm_CO/113,E6
15755,USA_2019,PPJWwm_CO,PPJWwm_CO/Gg,A1
15756,USA_2019,PPJWwm_CO,PPJWwm_CO/Gg,B1
15757,USA_2019,PPJWwm_CO,PPJWwm_CO/Gg,C1
15758,USA_2019,PPJWwm_CO,PPJWwm_CO/Gg,D1
15759,Add_2021,PPJWwm_CO,PPJWwm_CO/Ro,A0
15760,Add_2021,PPJWwm_CO,PPJWwm_CO/Ro,B0
15761,USA_2019,PPJWxh_CA,PPJWxh_CA/101,B3
15762,USA_2019,PPJWxh_CA,PPJWxh_CA/101,B4
15763,USA_2019,PPJWxh_CA,PPJWxh_CA/101,C3
15764,USA_2019,PPJWxh_CA,PPJWxh_CA/101,C4
15765,USA_2019,PPJWxh_CA,PPJWxh_CA/101,D3
15766,USA_2019,PPJWxh_CA,PPJWxh_CA/101,D4
15767,USA_2019,PPJWxh_CA,PPJWxh_CA/103,A2
15768,USA_2019,PPJWxh_CA,PPJWxh_CA/103,B2
15769,USA_2019,PPJWxh_CA,PPJWxh_CA/103,C2
15770,USA_2019,PPJWxh_CA,PPJWxh_CA/103,D2
15771,USA_2019,PPJWxh_CA,PPJWxh_CA/110,B5
15772,USA_2019,PPJWxh_CA,PPJWxh_CA/110,C5
15773,USA_2019,PPJWxh_CA,PPJWxh_CA/110,D5
15774,USA_2019,PPJWxh_CA,PPJWxh_CA/110,E5
15775,USA_2019,PPJWxh_CA,PPJWxh_CA/111,B6
15776,USA_2019,PPJWxh_CA,PPJWxh_CA/111,C6
15777,USA_2019,PPJWxh_CA,PPJWxh_CA/111,D6
15778,USA_2019,PPJWxh_CA,PPJWxh_CA/111,E6
15779,USA_2019,PPJWxh_CA,PPJWxh_CA/Gg,A1
15780,USA_2019,PPJWxh_CA,PPJWxh_CA/Gg,B1
15781,USA_2019,PPJWxh_CA,PPJWxh_CA/Gg,C1
15782,USA_2019,PPJWxh_CA,PPJWxh_CA/Gg,D1
15783,Add_2021,PPJWxh_CA,PPJWxh_CA/Ro,A0
15784,Add_2021,PPJWxh_CA,PPJWxh_CA/Ro,B0
15785,USA_2019,PPJWxw_NV,PPJWxw_NV/101,B3
15786,USA_2019,PPJWxw_NV,PPJWxw_NV/101,B4
15787,USA_2019,PPJWxw_NV,PPJWxw_NV/101,C3
15788,USA_2019,PPJWxw_NV,PPJWxw_NV/101,C4
15789,USA_2019,PPJWxw_NV,PPJWxw_NV/101,D3
15790,USA_2019,PPJWxw_NV,PPJWxw_NV/101,D4
15791,USA_2019,PPJWxw_NV,PPJWxw_NV/103,A2
15792,USA_2019,PPJWxw_NV,PPJWxw_NV/103,B2
15793,USA_2019,PPJWxw_NV,PPJWxw_NV/103,C2
15794,USA_2019,PPJWxw_NV,PPJWxw_NV/103,D2
15795,USA_2019,PPJWxw_NV,PPJWxw_NV/110,B5
15796,USA_2019,PPJWxw_NV,PPJWxw_NV/110,C5
15797,USA_2019,PPJWxw_NV,PPJWxw_NV/110,D5
15798,USA_2019,PPJWxw_NV,PPJWxw_NV/110,E5
15799,USA_2019,PPJWxw_NV,PPJWxw_NV/111,B6
15800,USA_2019,PPJWxw_NV,PPJWxw_NV/111,C6
15801,USA_2019,PPJWxw_NV,PPJWxw_NV/113,D6
15802,USA_2019,PPJWxw_NV,PPJWxw_NV/113,E6
15803,USA_2019,PPJWxw_NV,PPJWxw_NV/Gg,A1
15804,USA_2019,PPJWxw_NV,PPJWxw_NV/Gg,B1
15805,USA_2019,PPJWxw_NV,PPJWxw_NV/Gg,C1
15806,USA_2019,PPJWxw_NV,PPJWxw_NV/Gg,D1
15807,Add_2021,PPJWxw_NV,PPJWxw_NV/Ro,A0
15808,Add_2021,PPJWxw_NV,PPJWxw_NV/Ro,B0
15809,BECv13,SBSvc,SBSvc/101,B4
15810,BECv13,SBSvc,SBSvc/101,C4
15811,BECv13,SBSvc,SBSvc/101,D4
15812,BECv13,SBSvc,SBSvc/101,B5
15813,BECv13,SBSvc,SBSvc/101,C5
15814,BECv13,SBSvc,SBSvc/101,D5
15815,BECv13,SBSvc,SBSvc/102,A1
15816,BECv13,SBSvc,SBSvc/102,B1
15817,BECv13,SBSvc,SBSvc/102,C1
15818,BECv13,SBSvc,SBSvc/102,A0
15819,BECv13,SBSvc,SBSvc/102,B0
15820,BECv13,SBSvc,SBSvc/102,C0
15821,BECv13,SBSvc,SBSvc/103,B2
15822,BECv13,SBSvc,SBSvc/103,B3
15823,BECv13,SBSvc,SBSvc/103,C2
15824,BECv13,SBSvc,SBSvc/103,C3
15825,BECv13,SBSvc,SBSvc/104,A2
15826,BECv13,SBSvc,SBSvc/104,A3
15827,BECv13,SBSvc,SBSvc/104,A4
15828,BECv13,SBSvc,SBSvc/104,B2
15829,BECv13,SBSvc,SBSvc/104,B3
15830,BECv13,SBSvc,SBSvc/104,B4
15831,BECv13,SBSvc,SBSvc/105,B4
15832,BECv13,SBSvc,SBSvc/105,C4
15833,BECv13,SBSvc,SBSvc/105,D4
15834,BECv13,SBSvc,SBSvc/105,B3
15835,BECv13,SBSvc,SBSvc/105,C3
15836,BECv13,SBSvc,SBSvc/105,D3
15837,BECv13,SBSvc,SBSvc/110,B5
15838,BECv13,SBSvc,SBSvc/110,C5
15839,BECv13,SBSvc,SBSvc/110,D5
15840,BECv13,SBSvc,SBSvc/110,B6
15841,BECv13,SBSvc,SBSvc/110,C6
15842,BECv13,SBSvc,SBSvc/110,D6
15843,BECv13,SBSmz,SBSmz/101,B2
15844,BECv13,SBSmz,SBSmz/101,B3
15845,BECv13,SBSmz,SBSmz/101,B4
15846,BECv13,SBSmz,SBSmz/101,C2
15847,BECv13,SBSmz,SBSmz/101,C3
15848,BECv13,SBSmz,SBSmz/101,C4
15849,BECv13,SBSmz,SBSmz/101,D2
15850,BECv13,SBSmz,SBSmz/101,D3
15851,BECv13,SBSmz,SBSmz/102,A0
15852,BECv13,SBSmz,SBSmz/102,A1
15853,BECv13,SBSmz,SBSmz/102,B0
15854,BECv13,SBSmz,SBSmz/102,B1
15855,BECv13,SBSmz,SBSmz/103,B2
15856,BECv13,SBSmz,SBSmz/103,C1
15857,BECv13,SBSmz,SBSmz/103,C2
15858,BECv13,SBSmz,SBSmz/103,D1
15859,BECv13,SBSmz,SBSmz/103,D2
15860,BECv13,SBSmz,SBSmz/104,A2
15861,BECv13,SBSmz,SBSmz/104,A3
15862,BECv13,SBSmz,SBSmz/104,A4
15863,BECv13,SBSmz,SBSmz/104,A5
15864,BECv13,SBSmz,SBSmz/104,B2
15865,BECv13,SBSmz,SBSmz/104,B3
15866,BECv13,SBSmz,SBSmz/104,B4
15867,BECv13,SBSmz,SBSmz/104,B5
15868,BECv13,SBSmz,SBSmz/110,D4
15869,BECv13,SBSmz,SBSmz/110,D5
15870,BECv13,SBSmz,SBSmz/110,C5
15871,BECv13,SBSmz,SBSmz/110,B5
15872,BECv13,SBSmz,SBSmz/111,D5
15873,BECv13,SBSmz,SBSmz/111,D6
15874,BECv13,SBSmz,SBSmz/111,E4
15875,BECv13,SBSmz,SBSmz/111,E5
15876,BECv13,SBSmz,SBSmz/111,E6
15877,BECv13,SBSmz,SBSmz/112,B5
15878,BECv13,SBSmz,SBSmz/112,B6
15879,BECv13,SBSmz,SBSmz/112,C5
15880,BECv13,SBSmz,SBSmz/112,C6
15881,BECv13,SBSmz,SBSmz/112,D5
15882,BECv13,SBSmz,SBSmz/112,D6
15883,BECv13,SBSmz,SBSmz/113,B6
15884,BECv13,SBSmz,SBSmz/113,B7
15885,BECv13,SBSmz,SBSmz/113,C6
15886,BECv13,SBSmz,SBSmz/113,C7
15887,BECv13,SBSmz,SBSmz/114,C6
15888,BECv13,SBSmz,SBSmz/114,C7
15889,BECv13,SBSmz,SBSmz/114,D6
15890,BECv13,SBSmz,SBSmz/114,D7
15891,BECv13,SBSmz,SBSmz/114,E6
15892,BECv13,SBSmz,SBSmz/114,E7
15893,BECv13,ESSFwc7,ESSFwc7/101,B3
15894,BECv13,ESSFwc7,ESSFwc7/101,C3
15895,BECv13,ESSFwc7,ESSFwc7/101,D3
15896,BECv13,ESSFwc7,ESSFwc7/101,B4
15897,BECv13,ESSFwc7,ESSFwc7/101,C4
15898,BECv13,ESSFwc7,ESSFwc7/101,D4
15899,BECv13,ESSFwc7,ESSFwc7/102,A1
15900,BECv13,ESSFwc7,ESSFwc7/102,B1
15901,BECv13,ESSFwc7,ESSFwc7/102,C1
15902,BECv13,ESSFwc7,ESSFwc7/102,A2
15903,BECv13,ESSFwc7,ESSFwc7/102,B2
15904,BECv13,ESSFwc7,ESSFwc7/102,C2
15905,BECv13,ESSFwc7,ESSFwc7/103,A2
15906,BECv13,ESSFwc7,ESSFwc7/103,B2
15907,BECv13,ESSFwc7,ESSFwc7/103,C2
15908,BECv13,ESSFwc7,ESSFwc7/103,A3
15909,BECv13,ESSFwc7,ESSFwc7/103,B3
15910,BECv13,ESSFwc7,ESSFwc7/103,C3
15911,BECv13,ESSFwc7,ESSFwc7/110,C5
15912,BECv13,ESSFwc7,ESSFwc7/110,C6
15913,BECv13,ESSFwc7,ESSFwc7/110,D5
15914,BECv13,ESSFwc7,ESSFwc7/110,D6
15915,BECv13,ESSFwc7,ESSFwc7/111,B6
15916,BECv13,ESSFwc7,ESSFwc7/111,C6
15917,BECv13,ESSFwc7,ESSFwc7/111,D6
15918,BECv13,ESSFwc7,ESSFwc7/111,E6
15919,BECv13,ESSFwc7,ESSFwc7/111,B7
15920,BECv13,ESSFwc7,ESSFwc7/111,C7
15921,BECv13,ESSFwc7,ESSFwc7/111,D7
15922,BECv13,ESSFwc7,ESSFwc7/111,E7
15923,BECv10,SWBuns,SWBuns/00,E7
15924,BECv10,SWBuns,SWBuns/00,E6
15925,BECv10,SWBuns,SWBuns/00,E5
15926,BECv10,SWBuns,SWBuns/00,E4
15927,BECv10,SWBuns,SWBuns/00,E3
15928,BECv10,SWBuns,SWBuns/00,E2
15929,BECv10,SWBuns,SWBuns/00,E1
15930,BECv10,SWBuns,SWBuns/00,E0
15931,BECv10,SWBuns,SWBuns/00,D7
15932,BECv10,SWBuns,SWBuns/00,D6
15933,BECv10,SWBuns,SWBuns/00,D5
15934,BECv10,SWBuns,SWBuns/00,D4
15935,BECv10,SWBuns,SWBuns/00,D3
15936,BECv10,SWBuns,SWBuns/00,D2
15937,BECv10,SWBuns,SWBuns/00,D1
15938,BECv10,SWBuns,SWBuns/00,D0
15939,BECv10,SWBuns,SWBuns/00,C7
15940,BECv10,SWBuns,SWBuns/00,C6
15941,BECv10,SWBuns,SWBuns/00,C5
15942,BECv10,SWBuns,SWBuns/00,C4
15943,BECv10,SWBuns,SWBuns/00,C3
15944,BECv10,SWBuns,SWBuns/00,C2
15945,BECv10,SWBuns,SWBuns/00,C1
15946,BECv10,SWBuns,SWBuns/00,C0
15947,BECv10,SWBuns,SWBuns/00,B7
15948,BECv10,SWBuns,SWBuns/00,B6
15949,BECv10,SWBuns,SWBuns/00,B5
15950,BECv10,SWBuns,SWBuns/00,B4
15951,BECv10,SWBuns,SWBuns/00,B3
15952,BECv10,SWBuns,SWBuns/00,B2
15953,BECv10,SWBuns,SWBuns/00,B1
15954,BECv10,SWBuns,SWBuns/00,B0
15955,BECv10,SWBuns,SWBuns/00,A7
15956,BECv10,SWBuns,SWBuns/00,A6
15957,BECv10,SWBuns,SWBuns/00,A5
15958,BECv10,SWBuns,SWBuns/00,A4
15959,BECv10,SWBuns,SWBuns/00,A3
15960,BECv10,SWBuns,SWBuns/00,A2
15961,BECv10,SWBuns,SWBuns/00,A1
15962,BECv10,SWBuns,SWBuns/00,A0
15963,BECv10,MHunp,MHunp/00,E7
15964,BECv10,MHunp,MHunp/00,E6
15965,BECv10,MHunp,MHunp/00,E5
15966,BECv10,MHunp,MHunp/00,E4
15967,BECv10,MHunp,MHunp/00,E3
15968,BECv10,MHunp,MHunp/00,E2
15969,BECv10,MHunp,MHunp/00,E1
15970,BECv10,MHunp,MHunp/00,E0
15971,BECv10,MHunp,MHunp/00,D7
15972,BECv10,MHunp,MHunp/00,D6
15973,BECv10,MHunp,MHunp/00,D5
15974,BECv10,MHunp,MHunp/00,D4
15975,BECv10,MHunp,MHunp/00,D3
15976,BECv10,MHunp,MHunp/00,D2
15977,BECv10,MHunp,MHunp/00,D1
15978,BECv10,MHunp,MHunp/00,D0
15979,BECv10,MHunp,MHunp/00,C7
15980,BECv10,MHunp,MHunp/00,C6
15981,BECv10,MHunp,MHunp/00,C5
15982,BECv10,MHunp,MHunp/00,C4
15983,BECv10,MHunp,MHunp/00,C3
15984,BECv10,MHunp,MHunp/00,C2
15985,BECv10,MHunp,MHunp/00,C1
15986,BECv10,MHunp,MHunp/00,C0
15987,BECv10,MHunp,MHunp/00,B7
15988,BECv10,MHunp,MHunp/00,B6
15989,BECv10,MHunp,MHunp/00,B5
15990,BECv10,MHunp,MHunp/00,B4
15991,BECv10,MHunp,MHunp/00,B3
15992,BECv10,MHunp,MHunp/00,B2
15993,BECv10,MHunp,MHunp/00,B1
15994,BECv10,MHunp,MHunp/00,B0
15995,BECv10,MHunp,MHunp/00,A7
15996,BECv10,MHunp,MHunp/00,A6
15997,BECv10,MHunp,MHunp/00,A5
15998,BECv10,MHunp,MHunp/00,A4
15999,BECv10,MHunp,MHunp/00,A3
16000,BECv10,MHunp,MHunp/00,A2
16001,BECv10,MHunp,MHunp/00,A1
16002,BECv10,MHunp,MHunp/00,A0
16005,BECv13,ESSFun1,ESSFun1/m,E5
16006,BECv13,ESSFun1,ESSFun1/m,E4
16007,BECv13,ESSFun1,ESSFun1/m,E3
16013,BECv13,ESSFun1,ESSFun1/m,D5
16014,BECv13,ESSFun1,ESSFun1/m,D4
16015,BECv13,ESSFun1,ESSFun1/m,D3
16021,BECv13,ESSFun1,ESSFun1/m,C5
16022,BECv13,ESSFun1,ESSFun1/m,C4
16023,BECv13,ESSFun1,ESSFun1/m,C3
16029,BECv13,ESSFun1,ESSFun1/m,B5
16030,BECv13,ESSFun1,ESSFun1/m,B4
16031,BECv13,ESSFun1,ESSFun1/m,B3
16037,BECv13,ESSFun1,ESSFun1/m,A5
16038,BECv13,ESSFun1,ESSFun1/m,A4
16039,BECv13,ESSFun1,ESSFun1/m,A3
16043,BECv13,ESSFun1,ESSFun1/h,E7
16044,BECv13,ESSFun1,ESSFun1/h,E6
16051,BECv13,ESSFun1,ESSFun1/h,D7
16052,BECv13,ESSFun1,ESSFun1/h,D6
16059,BECv13,ESSFun1,ESSFun1/h,C7
16060,BECv13,ESSFun1,ESSFun1/h,C6
16067,BECv13,ESSFun1,ESSFun1/h,B7
16068,BECv13,ESSFun1,ESSFun1/h,B6
16075,BECv13,ESSFun1,ESSFun1/h,A7
16076,BECv13,ESSFun1,ESSFun1/h,A6
16088,BECv13,ESSFun1,ESSFun1/x,E2
16089,BECv13,ESSFun1,ESSFun1/x,E1
16090,BECv13,ESSFun1,ESSFun1/x,E0
16096,BECv13,ESSFun1,ESSFun1/x,D2
16097,BECv13,ESSFun1,ESSFun1/x,D1
16098,BECv13,ESSFun1,ESSFun1/x,D0
16104,BECv13,ESSFun1,ESSFun1/x,C2
16105,BECv13,ESSFun1,ESSFun1/x,C1
16106,BECv13,ESSFun1,ESSFun1/x,C0
16112,BECv13,ESSFun1,ESSFun1/x,B2
16113,BECv13,ESSFun1,ESSFun1/x,B1
16114,BECv13,ESSFun1,ESSFun1/x,B0
16120,BECv13,ESSFun1,ESSFun1/x,A2
16121,BECv13,ESSFun1,ESSFun1/x,A1
16122,BECv13,ESSFun1,ESSFun1/x,A0
16125,BECv13,ESSFun2,ESSFun2/m,E5
16126,BECv13,ESSFun2,ESSFun2/m,E4
16127,BECv13,ESSFun2,ESSFun2/m,E3
16133,BECv13,ESSFun2,ESSFun2/m,D5
16134,BECv13,ESSFun2,ESSFun2/m,D4
16135,BECv13,ESSFun2,ESSFun2/m,D3
16141,BECv13,ESSFun2,ESSFun2/m,C5
16142,BECv13,ESSFun2,ESSFun2/m,C4
16143,BECv13,ESSFun2,ESSFun2/m,C3
16149,BECv13,ESSFun2,ESSFun2/m,B5
16150,BECv13,ESSFun2,ESSFun2/m,B4
16151,BECv13,ESSFun2,ESSFun2/m,B3
16157,BECv13,ESSFun2,ESSFun2/m,A5
16158,BECv13,ESSFun2,ESSFun2/m,A4
16159,BECv13,ESSFun2,ESSFun2/m,A3
16168,BECv13,ESSFun2,ESSFun2/x,E2
16169,BECv13,ESSFun2,ESSFun2/x,E1
16170,BECv13,ESSFun2,ESSFun2/x,E0
16176,BECv13,ESSFun2,ESSFun2/x,D2
16177,BECv13,ESSFun2,ESSFun2/x,D1
16178,BECv13,ESSFun2,ESSFun2/x,D0
16184,BECv13,ESSFun2,ESSFun2/x,C2
16185,BECv13,ESSFun2,ESSFun2/x,C1
16186,BECv13,ESSFun2,ESSFun2/x,C0
16192,BECv13,ESSFun2,ESSFun2/x,B2
16193,BECv13,ESSFun2,ESSFun2/x,B1
16194,BECv13,ESSFun2,ESSFun2/x,B0
16200,BECv13,ESSFun2,ESSFun2/x,A2
16201,BECv13,ESSFun2,ESSFun2/x,A1
16202,BECv13,ESSFun2,ESSFun2/x,A0
16203,BECv13,ESSFun2,ESSFun2/h,E7
16204,BECv13,ESSFun2,ESSFun2/h,E6
16211,BECv13,ESSFun2,ESSFun2/h,D7
16212,BECv13,ESSFun2,ESSFun2/h,D6
16219,BECv13,ESSFun2,ESSFun2/h,C7
16220,BECv13,ESSFun2,ESSFun2/h,C6
16227,BECv13,ESSFun2,ESSFun2/h,B7
16228,BECv13,ESSFun2,ESSFun2/h,B6
16235,BECv13,ESSFun2,ESSFun2/h,A7
16236,BECv13,ESSFun2,ESSFun2/h,A6
16245,BECv13,ICHun1,ICHun1/m,E5
16246,BECv13,ICHun1,ICHun1/m,E4
16247,BECv13,ICHun1,ICHun1/m,E3
16253,BECv13,ICHun1,ICHun1/m,D5
16254,BECv13,ICHun1,ICHun1/m,D4
16255,BECv13,ICHun1,ICHun1/m,D3
16261,BECv13,ICHun1,ICHun1/m,C5
16262,BECv13,ICHun1,ICHun1/m,C4
16263,BECv13,ICHun1,ICHun1/m,C3
16269,BECv13,ICHun1,ICHun1/m,B5
16270,BECv13,ICHun1,ICHun1/m,B4
16271,BECv13,ICHun1,ICHun1/m,B3
16277,BECv13,ICHun1,ICHun1/m,A5
16278,BECv13,ICHun1,ICHun1/m,A4
16279,BECv13,ICHun1,ICHun1/m,A3
16288,BECv13,ICHun1,ICHun1/x,E2
16289,BECv13,ICHun1,ICHun1/x,E1
16290,BECv13,ICHun1,ICHun1/x,E0
16296,BECv13,ICHun1,ICHun1/x,D2
16297,BECv13,ICHun1,ICHun1/x,D1
16298,BECv13,ICHun1,ICHun1/x,D0
16304,BECv13,ICHun1,ICHun1/x,C2
16305,BECv13,ICHun1,ICHun1/x,C1
16306,BECv13,ICHun1,ICHun1/x,C0
16312,BECv13,ICHun1,ICHun1/x,B2
16313,BECv13,ICHun1,ICHun1/x,B1
16314,BECv13,ICHun1,ICHun1/x,B0
16320,BECv13,ICHun1,ICHun1/x,A2
16321,BECv13,ICHun1,ICHun1/x,A1
16322,BECv13,ICHun1,ICHun1/x,A0
16323,BECv13,ICHun1,ICHun1/h,E7
16324,BECv13,ICHun1,ICHun1/h,E6
16331,BECv13,ICHun1,ICHun1/h,D7
16332,BECv13,ICHun1,ICHun1/h,D6
16339,BECv13,ICHun1,ICHun1/h,C7
16340,BECv13,ICHun1,ICHun1/h,C6
16347,BECv13,ICHun1,ICHun1/h,B7
16348,BECv13,ICHun1,ICHun1/h,B6
16355,BECv13,ICHun1,ICHun1/h,A7
16356,BECv13,ICHun1,ICHun1/h,A6
16365,BECv13,MSun1,MSun1/m,E5
16366,BECv13,MSun1,MSun1/m,E4
16367,BECv13,MSun1,MSun1/m,E3
16373,BECv13,MSun1,MSun1/m,D5
16374,BECv13,MSun1,MSun1/m,D4
16375,BECv13,MSun1,MSun1/m,D3
16381,BECv13,MSun1,MSun1/m,C5
16382,BECv13,MSun1,MSun1/m,C4
16383,BECv13,MSun1,MSun1/m,C3
16389,BECv13,MSun1,MSun1/m,B5
16390,BECv13,MSun1,MSun1/m,B4
16391,BECv13,MSun1,MSun1/m,B3
16397,BECv13,MSun1,MSun1/m,A5
16398,BECv13,MSun1,MSun1/m,A4
16399,BECv13,MSun1,MSun1/m,A3
16408,BECv13,MSun1,MSun1/x,E2
16409,BECv13,MSun1,MSun1/x,E1
16410,BECv13,MSun1,MSun1/x,E0
16416,BECv13,MSun1,MSun1/x,D2
16417,BECv13,MSun1,MSun1/x,D1
16418,BECv13,MSun1,MSun1/x,D0
16424,BECv13,MSun1,MSun1/x,C2
16425,BECv13,MSun1,MSun1/x,C1
16426,BECv13,MSun1,MSun1/x,C0
16432,BECv13,MSun1,MSun1/x,B2
16433,BECv13,MSun1,MSun1/x,B1
16434,BECv13,MSun1,MSun1/x,B0
16440,BECv13,MSun1,MSun1/x,A2
16441,BECv13,MSun1,MSun1/x,A1
16442,BECv13,MSun1,MSun1/x,A0
16443,BECv13,MSun1,MSun1/h,E7
16444,BECv13,MSun1,MSun1/h,E6
16451,BECv13,MSun1,MSun1/h,D7
16452,BECv13,MSun1,MSun1/h,D6
16459,BECv13,MSun1,MSun1/h,C7
16460,BECv13,MSun1,MSun1/h,C6
16467,BECv13,MSun1,MSun1/h,B7
16468,BECv13,MSun1,MSun1/h,B6
16475,BECv13,MSun1,MSun1/h,A7
16476,BECv13,MSun1,MSun1/h,A6
